2026-03-09 18:29:21,508 p=56571 u=root n=ansible | slurm-wn1 | FAILED! => {
    "msg": "to use the 'ssh' connection type with passwords or pkcs11_provider, you must install the sshpass program"
}
2026-03-09 18:29:21,519 p=56571 u=root n=ansible | slurm-wn2 | FAILED! => {
    "msg": "to use the 'ssh' connection type with passwords or pkcs11_provider, you must install the sshpass program"
}
2026-03-09 18:29:22,005 p=56571 u=root n=ansible | slurm-hn | SUCCESS => {
    "ansible_facts": {
        "discovered_interpreter_python": "/usr/bin/python3"
    },
    "changed": false,
    "ping": "pong"
}
2026-03-09 18:30:25,963 p=56629 u=root n=ansible | ERROR! the role 'initial_setup' was not found in /root/ansible-cluster-slurm/playbooks/roles:/root/.ansible/roles:/usr/share/ansible/roles:/etc/ansible/roles:/root/ansible-cluster-slurm/playbooks

The error appears to be in '/root/ansible-cluster-slurm/playbooks/playbook-inicial.yml': line 10, column 7, but may
be elsewhere in the file depending on the exact syntax problem.

The offending line appears to be:

  roles:
    - initial_setup
      ^ here

2026-03-09 18:31:18,164 p=56647 u=root n=ansible | slurm-wn1 | FAILED! => {
    "msg": "to use the 'ssh' connection type with passwords or pkcs11_provider, you must install the sshpass program"
}
2026-03-09 18:31:18,171 p=56647 u=root n=ansible | slurm-wn2 | FAILED! => {
    "msg": "to use the 'ssh' connection type with passwords or pkcs11_provider, you must install the sshpass program"
}
2026-03-09 18:31:18,624 p=56647 u=root n=ansible | slurm-hn | SUCCESS => {
    "ansible_facts": {
        "discovered_interpreter_python": "/usr/bin/python3"
    },
    "changed": false,
    "ping": "pong"
}
2026-03-09 18:31:26,313 p=56689 u=root n=ansible | ERROR! the role 'initial_setup' was not found in /root/ansible-cluster-slurm/playbooks/roles:/root/.ansible/roles:/usr/share/ansible/roles:/etc/ansible/roles:/root/ansible-cluster-slurm/playbooks

The error appears to be in '/root/ansible-cluster-slurm/playbooks/playbook-inicial.yml': line 10, column 7, but may
be elsewhere in the file depending on the exact syntax problem.

The offending line appears to be:

  roles:
    - initial_setup
      ^ here

2026-03-09 18:34:16,753 p=56745 u=root n=ansible | PLAY [Instalar SSHPASS para la conexion ssh de headnode a workers] ***************************************************************************************************************************
2026-03-09 18:34:16,763 p=56745 u=root n=ansible | TASK [Gathering Facts] ***********************************************************************************************************************************************************************
2026-03-09 18:34:18,534 p=56745 u=root n=ansible | ok: [slurm-hn]
2026-03-09 18:34:18,556 p=56745 u=root n=ansible | TASK [initial_setup : Actualizar cache de apt] ***********************************************************************************************************************************************
2026-03-09 18:34:19,574 p=56745 u=root n=ansible | ok: [slurm-hn]
2026-03-09 18:34:19,584 p=56745 u=root n=ansible | TASK [initial_setup : Instalar sshpass] ******************************************************************************************************************************************************
2026-03-09 18:34:21,624 p=56745 u=root n=ansible | changed: [slurm-hn]
2026-03-09 18:34:21,634 p=56745 u=root n=ansible | TASK [initial_setup : Instalar rng-tools] ****************************************************************************************************************************************************
2026-03-09 18:34:23,511 p=56745 u=root n=ansible | changed: [slurm-hn]
2026-03-09 18:34:23,534 p=56745 u=root n=ansible | TASK [Mensaje final de configuracion general] ************************************************************************************************************************************************
2026-03-09 18:34:23,554 p=56745 u=root n=ansible | ok: [slurm-hn] => {
    "msg": [
        "=========================================",
        " Configuracion Inicial Completada",
        "========================================="
    ]
}
2026-03-09 18:34:23,568 p=56745 u=root n=ansible | PLAY RECAP ***********************************************************************************************************************************************************************************
2026-03-09 18:34:23,568 p=56745 u=root n=ansible | slurm-hn                   : ok=5    changed=2    unreachable=0    failed=0    skipped=0    rescued=0    ignored=0   
2026-03-09 18:40:41,981 p=56981 u=root n=ansible | PLAY [Instalar SSHPASS para la conexion ssh de headnode a workers] ***************************************************************************************************************************
2026-03-09 18:40:41,991 p=56981 u=root n=ansible | TASK [Gathering Facts] ***********************************************************************************************************************************************************************
2026-03-09 18:40:42,714 p=56981 u=root n=ansible |  [ERROR]: User interrupted execution

2026-03-09 18:40:47,262 p=57013 u=root n=ansible | PLAY [Instalar SSHPASS para la conexion ssh de headnode a workers] ***************************************************************************************************************************
2026-03-09 18:40:47,271 p=57013 u=root n=ansible | TASK [Gathering Facts] ***********************************************************************************************************************************************************************
2026-03-09 18:40:48,800 p=57013 u=root n=ansible | ok: [slurm-hn]
2026-03-09 18:40:48,823 p=57013 u=root n=ansible | TASK [initial_setup : Actualizar cache de apt] ***********************************************************************************************************************************************
2026-03-09 18:40:49,786 p=57013 u=root n=ansible | ok: [slurm-hn]
2026-03-09 18:40:49,796 p=57013 u=root n=ansible | TASK [initial_setup : Instalar sshpass] ******************************************************************************************************************************************************
2026-03-09 18:40:51,670 p=57013 u=root n=ansible | changed: [slurm-hn]
2026-03-09 18:40:51,678 p=57013 u=root n=ansible | TASK [initial_setup : Instalar rng-tools] ****************************************************************************************************************************************************
2026-03-09 18:40:53,550 p=57013 u=root n=ansible | changed: [slurm-hn]
2026-03-09 18:40:53,575 p=57013 u=root n=ansible | TASK [Mensaje final de configuracion general] ************************************************************************************************************************************************
2026-03-09 18:40:53,600 p=57013 u=root n=ansible | ok: [slurm-hn] => {
    "msg": [
        "=========================================",
        " Configuracion Inicial Completada",
        "========================================="
    ]
}
2026-03-09 18:40:53,616 p=57013 u=root n=ansible | PLAY RECAP ***********************************************************************************************************************************************************************************
2026-03-09 18:40:53,616 p=57013 u=root n=ansible | slurm-hn                   : ok=5    changed=2    unreachable=0    failed=0    skipped=0    rescued=0    ignored=0   
2026-03-09 18:41:02,587 p=57221 u=root n=ansible | PLAY [Instalar SSHPASS para la conexion ssh de headnode a workers] ***************************************************************************************************************************
2026-03-09 18:41:02,596 p=57221 u=root n=ansible | TASK [Gathering Facts] ***********************************************************************************************************************************************************************
2026-03-09 18:41:04,161 p=57221 u=root n=ansible | ok: [slurm-hn]
2026-03-09 18:41:04,182 p=57221 u=root n=ansible | TASK [initial_setup : Actualizar cache de apt] ***********************************************************************************************************************************************
2026-03-09 18:41:05,147 p=57221 u=root n=ansible | ok: [slurm-hn]
2026-03-09 18:41:05,157 p=57221 u=root n=ansible | TASK [initial_setup : Instalar sshpass] ******************************************************************************************************************************************************
2026-03-09 18:41:17,310 p=57221 u=root n=ansible | changed: [slurm-hn]
2026-03-09 18:41:17,319 p=57221 u=root n=ansible | TASK [initial_setup : Instalar rng-tools] ****************************************************************************************************************************************************
2026-03-09 18:41:30,478 p=57221 u=root n=ansible | changed: [slurm-hn]
2026-03-09 18:41:30,503 p=57221 u=root n=ansible | TASK [Mensaje final de configuracion general] ************************************************************************************************************************************************
2026-03-09 18:41:30,529 p=57221 u=root n=ansible | ok: [slurm-hn] => {
    "msg": [
        "=========================================",
        " Configuracion Inicial Completada",
        "========================================="
    ]
}
2026-03-09 18:41:30,547 p=57221 u=root n=ansible | PLAY RECAP ***********************************************************************************************************************************************************************************
2026-03-09 18:41:30,547 p=57221 u=root n=ansible | slurm-hn                   : ok=5    changed=2    unreachable=0    failed=0    skipped=0    rescued=0    ignored=0   
2026-03-09 18:43:22,170 p=57723 u=root n=ansible | slurm-hn | SUCCESS => {
    "ansible_facts": {
        "discovered_interpreter_python": "/usr/bin/python3"
    },
    "changed": false,
    "ping": "pong"
}
2026-03-09 18:43:23,624 p=57723 u=root n=ansible | slurm-wn1 | SUCCESS => {
    "ansible_facts": {
        "discovered_interpreter_python": "/usr/bin/python3"
    },
    "changed": false,
    "ping": "pong"
}
2026-03-09 18:43:23,641 p=57723 u=root n=ansible | slurm-wn2 | SUCCESS => {
    "ansible_facts": {
        "discovered_interpreter_python": "/usr/bin/python3"
    },
    "changed": false,
    "ping": "pong"
}
2026-03-10 01:20:22,476 p=60274 u=root n=ansible | PLAY [Configuracion General de todo el cluster] **********************************************************************************************************************************************
2026-03-10 01:20:22,490 p=60274 u=root n=ansible | TASK [Gathering Facts] ***********************************************************************************************************************************************************************
2026-03-10 01:20:24,172 p=60274 u=root n=ansible | ok: [slurm-hn]
2026-03-10 01:20:25,243 p=60274 u=root n=ansible | ok: [slurm-wn2]
2026-03-10 01:20:25,395 p=60274 u=root n=ansible | ok: [slurm-wn1]
2026-03-10 01:20:25,435 p=60274 u=root n=ansible | TASK [common : Configurar hostname del nodo] *************************************************************************************************************************************************
2026-03-10 01:20:26,480 p=60274 u=root n=ansible | changed: [slurm-hn]
2026-03-10 01:20:26,641 p=60274 u=root n=ansible | changed: [slurm-wn2]
2026-03-10 01:20:26,682 p=60274 u=root n=ansible | changed: [slurm-wn1]
2026-03-10 01:20:26,696 p=60274 u=root n=ansible | TASK [common : Reiniciar para aplicar hostname] **********************************************************************************************************************************************
2026-03-10 01:20:26,729 p=60274 u=root n=ansible | fatal: [slurm-hn]: FAILED! => {"changed": false, "elapsed": 0, "msg": "Running reboot with local connection would reboot the control node.", "rebooted": false}
2026-03-10 01:20:26,738 p=60274 u=root n=ansible | changed: [slurm-wn1]
2026-03-10 01:20:26,746 p=60274 u=root n=ansible | changed: [slurm-wn2]
2026-03-10 01:20:26,755 p=60274 u=root n=ansible | TASK [common : Configurar archivo '/etc/hosts'] **********************************************************************************************************************************************
2026-03-10 01:20:27,516 p=60274 u=root n=ansible | changed: [slurm-wn1]
2026-03-10 01:20:27,521 p=60274 u=root n=ansible | changed: [slurm-wn2]
2026-03-10 01:20:27,530 p=60274 u=root n=ansible | TASK [common : Crear grupos del sistema] *****************************************************************************************************************************************************
2026-03-10 01:20:28,220 p=60274 u=root n=ansible | changed: [slurm-wn1] => (item={'name': 'munge', 'gid': 991})
2026-03-10 01:20:28,235 p=60274 u=root n=ansible | changed: [slurm-wn2] => (item={'name': 'munge', 'gid': 991})
2026-03-10 01:20:28,727 p=60274 u=root n=ansible | changed: [slurm-wn1] => (item={'name': 'slurm', 'gid': 990})
2026-03-10 01:20:28,750 p=60274 u=root n=ansible | changed: [slurm-wn2] => (item={'name': 'slurm', 'gid': 990})
2026-03-10 01:20:28,761 p=60274 u=root n=ansible | TASK [common : Crear usuarios del sistema] ***************************************************************************************************************************************************
2026-03-10 01:20:29,643 p=60274 u=root n=ansible | changed: [slurm-wn2] => (item={'name': 'munge', 'uid': 991, 'shell': '/sbin/nologin', 'home': '/var/lib/munge'})
2026-03-10 01:20:29,644 p=60274 u=root n=ansible | changed: [slurm-wn1] => (item={'name': 'munge', 'uid': 991, 'shell': '/sbin/nologin', 'home': '/var/lib/munge'})
2026-03-10 01:20:30,228 p=60274 u=root n=ansible | changed: [slurm-wn1] => (item={'name': 'slurm', 'uid': 990, 'shell': '/bin/bash', 'home': '/var/lib/slurm'})
2026-03-10 01:20:30,238 p=60274 u=root n=ansible | changed: [slurm-wn2] => (item={'name': 'slurm', 'uid': 990, 'shell': '/bin/bash', 'home': '/var/lib/slurm'})
2026-03-10 01:20:30,251 p=60274 u=root n=ansible | TASK [common : Actualizar cache de apt] ******************************************************************************************************************************************************
2026-03-10 01:20:31,762 p=60274 u=root n=ansible | changed: [slurm-wn2]
2026-03-10 01:20:31,843 p=60274 u=root n=ansible | changed: [slurm-wn1]
2026-03-10 01:20:31,854 p=60274 u=root n=ansible | TASK [common : Extender la partición root para ocupar todo el disco] *************************************************************************************************************************
2026-03-10 01:20:32,491 p=60274 u=root n=ansible | skipping: [slurm-wn1]
2026-03-10 01:20:32,492 p=60274 u=root n=ansible | skipping: [slurm-wn2]
2026-03-10 01:20:32,503 p=60274 u=root n=ansible | TASK [common : Redimensionar el sistema de archivos ext4] ************************************************************************************************************************************
2026-03-10 01:20:32,524 p=60274 u=root n=ansible | skipping: [slurm-wn1]
2026-03-10 01:20:32,537 p=60274 u=root n=ansible | skipping: [slurm-wn2]
2026-03-10 01:20:32,546 p=60274 u=root n=ansible | TASK [common : Instalar paquetes comunes] ****************************************************************************************************************************************************
2026-03-10 01:20:34,974 p=60274 u=root n=ansible | changed: [slurm-wn2]
2026-03-10 01:20:35,356 p=60274 u=root n=ansible | changed: [slurm-wn1]
2026-03-10 01:20:35,365 p=60274 u=root n=ansible | TASK [common : Crear directorios de Munge] ***************************************************************************************************************************************************
2026-03-10 01:20:36,031 p=60274 u=root n=ansible | changed: [slurm-wn1] => (item=/etc/munge)
2026-03-10 01:20:36,040 p=60274 u=root n=ansible | changed: [slurm-wn2] => (item=/etc/munge)
2026-03-10 01:20:36,509 p=60274 u=root n=ansible | changed: [slurm-wn1] => (item=/var/log/munge)
2026-03-10 01:20:36,536 p=60274 u=root n=ansible | changed: [slurm-wn2] => (item=/var/log/munge)
2026-03-10 01:20:36,999 p=60274 u=root n=ansible | changed: [slurm-wn1] => (item=/var/lib/munge)
2026-03-10 01:20:37,002 p=60274 u=root n=ansible | [WARNING]: failed to look up user munge. Create user up to this point in real play

2026-03-10 01:20:37,002 p=60274 u=root n=ansible | [WARNING]: failed to look up group munge. Create group up to this point in real play

2026-03-10 01:20:37,028 p=60274 u=root n=ansible | changed: [slurm-wn2] => (item=/var/lib/munge)
2026-03-10 01:20:37,039 p=60274 u=root n=ansible | TASK [common : Crear directorios de Slurm] ***************************************************************************************************************************************************
2026-03-10 01:20:37,557 p=60274 u=root n=ansible | changed: [slurm-wn1] => (item=/var/log/slurm-llnl)
2026-03-10 01:20:37,590 p=60274 u=root n=ansible | changed: [slurm-wn2] => (item=/var/log/slurm-llnl)
2026-03-10 01:20:38,041 p=60274 u=root n=ansible | changed: [slurm-wn1] => (item=/var/lib/slurm-llnl)
2026-03-10 01:20:38,086 p=60274 u=root n=ansible | changed: [slurm-wn2] => (item=/var/lib/slurm-llnl)
2026-03-10 01:20:38,534 p=60274 u=root n=ansible | changed: [slurm-wn1] => (item=/var/lib/slurm/slurmd)
2026-03-10 01:20:38,582 p=60274 u=root n=ansible | changed: [slurm-wn2] => (item=/var/lib/slurm/slurmd)
2026-03-10 01:20:39,021 p=60274 u=root n=ansible | changed: [slurm-wn1] => (item=/var/lib/slurm/slurmctld)
2026-03-10 01:20:39,078 p=60274 u=root n=ansible | changed: [slurm-wn2] => (item=/var/lib/slurm/slurmctld)
2026-03-10 01:20:39,523 p=60274 u=root n=ansible | changed: [slurm-wn1] => (item=/etc/slurm-llnl)
2026-03-10 01:20:39,525 p=60274 u=root n=ansible | [WARNING]: failed to look up user slurm. Create user up to this point in real play

2026-03-10 01:20:39,525 p=60274 u=root n=ansible | [WARNING]: failed to look up group slurm. Create group up to this point in real play

2026-03-10 01:20:39,582 p=60274 u=root n=ansible | changed: [slurm-wn2] => (item=/etc/slurm-llnl)
2026-03-10 01:20:39,598 p=60274 u=root n=ansible | TASK [common : Distribuir archivo slurm.conf] ************************************************************************************************************************************************
2026-03-10 01:20:40,106 p=60274 u=root n=ansible | changed: [slurm-wn1]
2026-03-10 01:20:40,150 p=60274 u=root n=ansible | changed: [slurm-wn2]
2026-03-10 01:20:40,159 p=60274 u=root n=ansible | TASK [common : Detener munge inicialmente] ***************************************************************************************************************************************************
2026-03-10 01:20:41,199 p=60274 u=root n=ansible | fatal: [slurm-wn1]: FAILED! => {"changed": false, "msg": "Could not find the requested service munge: host"}
2026-03-10 01:20:41,211 p=60274 u=root n=ansible | fatal: [slurm-wn2]: FAILED! => {"changed": false, "msg": "Could not find the requested service munge: host"}
2026-03-10 01:20:41,213 p=60274 u=root n=ansible | PLAY RECAP ***********************************************************************************************************************************************************************************
2026-03-10 01:20:41,214 p=60274 u=root n=ansible | slurm-hn                   : ok=2    changed=1    unreachable=0    failed=1    skipped=0    rescued=0    ignored=0   
2026-03-10 01:20:41,214 p=60274 u=root n=ansible | slurm-wn1                  : ok=11   changed=10   unreachable=0    failed=1    skipped=2    rescued=0    ignored=0   
2026-03-10 01:20:41,214 p=60274 u=root n=ansible | slurm-wn2                  : ok=11   changed=10   unreachable=0    failed=1    skipped=2    rescued=0    ignored=0   
2026-03-10 01:24:02,012 p=61087 u=root n=ansible | PLAY [Configuracion General de todo el cluster] **********************************************************************************************************************************************
2026-03-10 01:24:02,027 p=61087 u=root n=ansible | TASK [Gathering Facts] ***********************************************************************************************************************************************************************
2026-03-10 01:24:03,654 p=61087 u=root n=ansible | ok: [slurm-hn]
2026-03-10 01:24:04,370 p=61087 u=root n=ansible | ok: [slurm-wn1]
2026-03-10 01:24:04,402 p=61087 u=root n=ansible | ok: [slurm-wn2]
2026-03-10 01:24:04,439 p=61087 u=root n=ansible | TASK [common : Configurar hostname del nodo] *************************************************************************************************************************************************
2026-03-10 01:24:05,478 p=61087 u=root n=ansible | changed: [slurm-hn]
2026-03-10 01:24:05,604 p=61087 u=root n=ansible | changed: [slurm-wn2]
2026-03-10 01:24:05,611 p=61087 u=root n=ansible | changed: [slurm-wn1]
2026-03-10 01:24:05,621 p=61087 u=root n=ansible | TASK [common : Configurar archivo '/etc/hosts'] **********************************************************************************************************************************************
2026-03-10 01:24:06,150 p=61087 u=root n=ansible | changed: [slurm-hn]
2026-03-10 01:24:06,257 p=61087 u=root n=ansible | changed: [slurm-wn1]
2026-03-10 01:24:06,267 p=61087 u=root n=ansible | changed: [slurm-wn2]
2026-03-10 01:24:06,276 p=61087 u=root n=ansible | TASK [common : Crear grupos del sistema] *****************************************************************************************************************************************************
2026-03-10 01:24:06,782 p=61087 u=root n=ansible | changed: [slurm-hn] => (item={'name': 'munge', 'gid': 991})
2026-03-10 01:24:06,908 p=61087 u=root n=ansible | changed: [slurm-wn1] => (item={'name': 'munge', 'gid': 991})
2026-03-10 01:24:06,922 p=61087 u=root n=ansible | changed: [slurm-wn2] => (item={'name': 'munge', 'gid': 991})
2026-03-10 01:24:07,118 p=61087 u=root n=ansible | changed: [slurm-hn] => (item={'name': 'slurm', 'gid': 990})
2026-03-10 01:24:07,388 p=61087 u=root n=ansible | changed: [slurm-wn1] => (item={'name': 'slurm', 'gid': 990})
2026-03-10 01:24:07,422 p=61087 u=root n=ansible | changed: [slurm-wn2] => (item={'name': 'slurm', 'gid': 990})
2026-03-10 01:24:07,435 p=61087 u=root n=ansible | TASK [common : Crear usuarios del sistema] ***************************************************************************************************************************************************
2026-03-10 01:24:08,027 p=61087 u=root n=ansible | changed: [slurm-hn] => (item={'name': 'munge', 'uid': 991, 'shell': '/sbin/nologin', 'home': '/var/lib/munge'})
2026-03-10 01:24:08,158 p=61087 u=root n=ansible | changed: [slurm-wn1] => (item={'name': 'munge', 'uid': 991, 'shell': '/sbin/nologin', 'home': '/var/lib/munge'})
2026-03-10 01:24:08,180 p=61087 u=root n=ansible | changed: [slurm-wn2] => (item={'name': 'munge', 'uid': 991, 'shell': '/sbin/nologin', 'home': '/var/lib/munge'})
2026-03-10 01:24:08,376 p=61087 u=root n=ansible | changed: [slurm-hn] => (item={'name': 'slurm', 'uid': 990, 'shell': '/bin/bash', 'home': '/var/lib/slurm'})
2026-03-10 01:24:08,707 p=61087 u=root n=ansible | changed: [slurm-wn1] => (item={'name': 'slurm', 'uid': 990, 'shell': '/bin/bash', 'home': '/var/lib/slurm'})
2026-03-10 01:24:08,741 p=61087 u=root n=ansible | changed: [slurm-wn2] => (item={'name': 'slurm', 'uid': 990, 'shell': '/bin/bash', 'home': '/var/lib/slurm'})
2026-03-10 01:24:08,756 p=61087 u=root n=ansible | TASK [common : Actualizar cache de apt] ******************************************************************************************************************************************************
2026-03-10 01:24:09,991 p=61087 u=root n=ansible | changed: [slurm-wn2]
2026-03-10 01:24:10,146 p=61087 u=root n=ansible | changed: [slurm-wn1]
2026-03-10 01:24:10,199 p=61087 u=root n=ansible | changed: [slurm-hn]
2026-03-10 01:24:10,210 p=61087 u=root n=ansible | TASK [common : Extender la partición root para ocupar todo el disco] *************************************************************************************************************************
2026-03-10 01:24:10,661 p=61087 u=root n=ansible | skipping: [slurm-hn]
2026-03-10 01:24:10,796 p=61087 u=root n=ansible | skipping: [slurm-wn2]
2026-03-10 01:24:10,797 p=61087 u=root n=ansible | skipping: [slurm-wn1]
2026-03-10 01:24:10,806 p=61087 u=root n=ansible | TASK [common : Redimensionar el sistema de archivos ext4] ************************************************************************************************************************************
2026-03-10 01:24:10,840 p=61087 u=root n=ansible | skipping: [slurm-hn]
2026-03-10 01:24:10,842 p=61087 u=root n=ansible | skipping: [slurm-wn1]
2026-03-10 01:24:10,856 p=61087 u=root n=ansible | skipping: [slurm-wn2]
2026-03-10 01:24:10,865 p=61087 u=root n=ansible | TASK [common : Instalar paquetes comunes] ****************************************************************************************************************************************************
2026-03-10 01:24:13,248 p=61087 u=root n=ansible | changed: [slurm-wn2]
2026-03-10 01:24:13,583 p=61087 u=root n=ansible | changed: [slurm-wn1]
2026-03-10 01:24:14,007 p=61087 u=root n=ansible | changed: [slurm-hn]
2026-03-10 01:24:14,017 p=61087 u=root n=ansible | TASK [common : Crear directorios de Munge] ***************************************************************************************************************************************************
2026-03-10 01:24:14,486 p=61087 u=root n=ansible | changed: [slurm-hn] => (item=/etc/munge)
2026-03-10 01:24:14,623 p=61087 u=root n=ansible | changed: [slurm-wn1] => (item=/etc/munge)
2026-03-10 01:24:14,633 p=61087 u=root n=ansible | changed: [slurm-wn2] => (item=/etc/munge)
2026-03-10 01:24:14,773 p=61087 u=root n=ansible | changed: [slurm-hn] => (item=/var/log/munge)
2026-03-10 01:24:15,079 p=61087 u=root n=ansible | changed: [slurm-hn] => (item=/var/lib/munge)
2026-03-10 01:24:15,081 p=61087 u=root n=ansible | [WARNING]: failed to look up user munge. Create user up to this point in real play

2026-03-10 01:24:15,082 p=61087 u=root n=ansible | [WARNING]: failed to look up group munge. Create group up to this point in real play

2026-03-10 01:24:15,108 p=61087 u=root n=ansible | changed: [slurm-wn1] => (item=/var/log/munge)
2026-03-10 01:24:15,118 p=61087 u=root n=ansible | changed: [slurm-wn2] => (item=/var/log/munge)
2026-03-10 01:24:15,572 p=61087 u=root n=ansible | changed: [slurm-wn1] => (item=/var/lib/munge)
2026-03-10 01:24:15,623 p=61087 u=root n=ansible | changed: [slurm-wn2] => (item=/var/lib/munge)
2026-03-10 01:24:15,635 p=61087 u=root n=ansible | TASK [common : Crear directorios de Slurm] ***************************************************************************************************************************************************
2026-03-10 01:24:15,976 p=61087 u=root n=ansible | changed: [slurm-hn] => (item=/var/log/slurm-llnl)
2026-03-10 01:24:16,161 p=61087 u=root n=ansible | changed: [slurm-wn1] => (item=/var/log/slurm-llnl)
2026-03-10 01:24:16,174 p=61087 u=root n=ansible | changed: [slurm-wn2] => (item=/var/log/slurm-llnl)
2026-03-10 01:24:16,303 p=61087 u=root n=ansible | changed: [slurm-hn] => (item=/var/lib/slurm-llnl)
2026-03-10 01:24:16,631 p=61087 u=root n=ansible | changed: [slurm-hn] => (item=/var/lib/slurm/slurmd)
2026-03-10 01:24:16,641 p=61087 u=root n=ansible | changed: [slurm-wn1] => (item=/var/lib/slurm-llnl)
2026-03-10 01:24:16,657 p=61087 u=root n=ansible | changed: [slurm-wn2] => (item=/var/lib/slurm-llnl)
2026-03-10 01:24:16,931 p=61087 u=root n=ansible | changed: [slurm-hn] => (item=/var/lib/slurm/slurmctld)
2026-03-10 01:24:17,136 p=61087 u=root n=ansible | changed: [slurm-wn1] => (item=/var/lib/slurm/slurmd)
2026-03-10 01:24:17,153 p=61087 u=root n=ansible | changed: [slurm-wn2] => (item=/var/lib/slurm/slurmd)
2026-03-10 01:24:17,240 p=61087 u=root n=ansible | changed: [slurm-hn] => (item=/etc/slurm-llnl)
2026-03-10 01:24:17,242 p=61087 u=root n=ansible | [WARNING]: failed to look up user slurm. Create user up to this point in real play

2026-03-10 01:24:17,242 p=61087 u=root n=ansible | [WARNING]: failed to look up group slurm. Create group up to this point in real play

2026-03-10 01:24:17,568 p=61087 u=root n=ansible | changed: [slurm-wn1] => (item=/var/lib/slurm/slurmctld)
2026-03-10 01:24:17,653 p=61087 u=root n=ansible | changed: [slurm-wn2] => (item=/var/lib/slurm/slurmctld)
2026-03-10 01:24:18,007 p=61087 u=root n=ansible | changed: [slurm-wn1] => (item=/etc/slurm-llnl)
2026-03-10 01:24:18,164 p=61087 u=root n=ansible | changed: [slurm-wn2] => (item=/etc/slurm-llnl)
2026-03-10 01:24:18,176 p=61087 u=root n=ansible | TASK [common : Distribuir archivo slurm.conf] ************************************************************************************************************************************************
2026-03-10 01:24:18,521 p=61087 u=root n=ansible | changed: [slurm-hn]
2026-03-10 01:24:18,673 p=61087 u=root n=ansible | changed: [slurm-wn1]
2026-03-10 01:24:18,734 p=61087 u=root n=ansible | changed: [slurm-wn2]
2026-03-10 01:24:18,746 p=61087 u=root n=ansible | TASK [common : Detener munge inicialmente] ***************************************************************************************************************************************************
2026-03-10 01:24:19,592 p=61087 u=root n=ansible | fatal: [slurm-hn]: FAILED! => {"changed": false, "msg": "Could not find the requested service munge: host"}
2026-03-10 01:24:19,751 p=61087 u=root n=ansible | fatal: [slurm-wn1]: FAILED! => {"changed": false, "msg": "Could not find the requested service munge: host"}
2026-03-10 01:24:19,760 p=61087 u=root n=ansible | fatal: [slurm-wn2]: FAILED! => {"changed": false, "msg": "Could not find the requested service munge: host"}
2026-03-10 01:24:19,762 p=61087 u=root n=ansible | PLAY RECAP ***********************************************************************************************************************************************************************************
2026-03-10 01:24:19,762 p=61087 u=root n=ansible | slurm-hn                   : ok=10   changed=9    unreachable=0    failed=1    skipped=2    rescued=0    ignored=0   
2026-03-10 01:24:19,763 p=61087 u=root n=ansible | slurm-wn1                  : ok=10   changed=9    unreachable=0    failed=1    skipped=2    rescued=0    ignored=0   
2026-03-10 01:24:19,763 p=61087 u=root n=ansible | slurm-wn2                  : ok=10   changed=9    unreachable=0    failed=1    skipped=2    rescued=0    ignored=0   
2026-03-10 01:31:01,879 p=62339 u=root n=ansible | PLAY [Configuracion General de todo el cluster] **********************************************************************************************************************************************
2026-03-10 01:31:01,892 p=62339 u=root n=ansible | TASK [Gathering Facts] ***********************************************************************************************************************************************************************
2026-03-10 01:31:03,465 p=62339 u=root n=ansible | ok: [slurm-hn]
2026-03-10 01:31:04,221 p=62339 u=root n=ansible | ok: [slurm-wn2]
2026-03-10 01:31:04,296 p=62339 u=root n=ansible | ok: [slurm-wn1]
2026-03-10 01:31:04,331 p=62339 u=root n=ansible | TASK [common : Configurar hostname del nodo] *************************************************************************************************************************************************
2026-03-10 01:31:05,506 p=62339 u=root n=ansible | changed: [slurm-hn]
2026-03-10 01:31:25,521 p=62339 u=root n=ansible | changed: [slurm-wn1]
2026-03-10 01:31:25,529 p=62339 u=root n=ansible | changed: [slurm-wn2]
2026-03-10 01:31:25,537 p=62339 u=root n=ansible | TASK [common : Configurar archivo '/etc/hosts'] **********************************************************************************************************************************************
2026-03-10 01:31:26,428 p=62339 u=root n=ansible | changed: [slurm-hn]
2026-03-10 01:31:26,660 p=62339 u=root n=ansible | changed: [slurm-wn1]
2026-03-10 01:31:26,687 p=62339 u=root n=ansible | changed: [slurm-wn2]
2026-03-10 01:31:26,697 p=62339 u=root n=ansible | TASK [common : Crear grupos del sistema] *****************************************************************************************************************************************************
2026-03-10 01:31:27,177 p=62339 u=root n=ansible | failed: [slurm-hn] (item={'name': 'munge', 'gid': 991}) => {"ansible_loop_var": "item", "changed": false, "item": {"gid": 991, "name": "munge"}, "msg": "groupadd: GID '991' already exists\n", "name": "munge"}
2026-03-10 01:31:27,298 p=62339 u=root n=ansible | failed: [slurm-wn1] (item={'name': 'munge', 'gid': 991}) => {"ansible_loop_var": "item", "changed": false, "item": {"gid": 991, "name": "munge"}, "msg": "groupadd: GID '991' already exists\n", "name": "munge"}
2026-03-10 01:31:27,305 p=62339 u=root n=ansible | failed: [slurm-wn2] (item={'name': 'munge', 'gid': 991}) => {"ansible_loop_var": "item", "changed": false, "item": {"gid": 991, "name": "munge"}, "msg": "groupadd: GID '991' already exists\n", "name": "munge"}
2026-03-10 01:31:27,497 p=62339 u=root n=ansible | failed: [slurm-hn] (item={'name': 'slurm', 'gid': 990}) => {"ansible_loop_var": "item", "changed": false, "item": {"gid": 990, "name": "slurm"}, "msg": "groupadd: GID '990' already exists\n", "name": "slurm"}
2026-03-10 01:31:27,807 p=62339 u=root n=ansible | failed: [slurm-wn1] (item={'name': 'slurm', 'gid': 990}) => {"ansible_loop_var": "item", "changed": false, "item": {"gid": 990, "name": "slurm"}, "msg": "groupadd: GID '990' already exists\n", "name": "slurm"}
2026-03-10 01:31:27,815 p=62339 u=root n=ansible | failed: [slurm-wn2] (item={'name': 'slurm', 'gid': 990}) => {"ansible_loop_var": "item", "changed": false, "item": {"gid": 990, "name": "slurm"}, "msg": "groupadd: GID '990' already exists\n", "name": "slurm"}
2026-03-10 01:31:27,818 p=62339 u=root n=ansible | PLAY RECAP ***********************************************************************************************************************************************************************************
2026-03-10 01:31:27,819 p=62339 u=root n=ansible | slurm-hn                   : ok=3    changed=2    unreachable=0    failed=1    skipped=0    rescued=0    ignored=0   
2026-03-10 01:31:27,820 p=62339 u=root n=ansible | slurm-wn1                  : ok=3    changed=2    unreachable=0    failed=1    skipped=0    rescued=0    ignored=0   
2026-03-10 01:31:27,820 p=62339 u=root n=ansible | slurm-wn2                  : ok=3    changed=2    unreachable=0    failed=1    skipped=0    rescued=0    ignored=0   
2026-03-10 01:32:06,081 p=62790 u=root n=ansible | PLAY [Configuracion General de todo el cluster] **********************************************************************************************************************************************
2026-03-10 01:32:06,095 p=62790 u=root n=ansible | TASK [Gathering Facts] ***********************************************************************************************************************************************************************
2026-03-10 01:32:07,622 p=62790 u=root n=ansible | ok: [slurm-hn]
2026-03-10 01:32:07,831 p=62790 u=root n=ansible | ok: [slurm-wn1]
2026-03-10 01:32:07,834 p=62790 u=root n=ansible | ok: [slurm-wn2]
2026-03-10 01:32:07,871 p=62790 u=root n=ansible | TASK [common : Configurar hostname del nodo] *************************************************************************************************************************************************
2026-03-10 01:32:08,879 p=62790 u=root n=ansible | ok: [slurm-hn]
2026-03-10 01:32:09,031 p=62790 u=root n=ansible | ok: [slurm-wn2]
2026-03-10 01:32:09,065 p=62790 u=root n=ansible | ok: [slurm-wn1]
2026-03-10 01:32:09,073 p=62790 u=root n=ansible | TASK [common : Configurar archivo '/etc/hosts'] **********************************************************************************************************************************************
2026-03-10 01:32:09,993 p=62790 u=root n=ansible | ok: [slurm-hn]
2026-03-10 01:32:10,133 p=62790 u=root n=ansible | ok: [slurm-wn1]
2026-03-10 01:32:10,135 p=62790 u=root n=ansible | ok: [slurm-wn2]
2026-03-10 01:32:10,144 p=62790 u=root n=ansible | TASK [common : Crear grupos del sistema] *****************************************************************************************************************************************************
2026-03-10 01:32:10,639 p=62790 u=root n=ansible | failed: [slurm-hn] (item={'name': 'munge', 'gid': 991}) => {"ansible_loop_var": "item", "changed": false, "item": {"gid": 991, "name": "munge"}, "msg": "groupadd: GID '991' already exists\n", "name": "munge"}
2026-03-10 01:32:10,768 p=62790 u=root n=ansible | failed: [slurm-wn1] (item={'name': 'munge', 'gid': 991}) => {"ansible_loop_var": "item", "changed": false, "item": {"gid": 991, "name": "munge"}, "msg": "groupadd: GID '991' already exists\n", "name": "munge"}
2026-03-10 01:32:10,783 p=62790 u=root n=ansible | failed: [slurm-wn2] (item={'name': 'munge', 'gid': 991}) => {"ansible_loop_var": "item", "changed": false, "item": {"gid": 991, "name": "munge"}, "msg": "groupadd: GID '991' already exists\n", "name": "munge"}
2026-03-10 01:32:10,962 p=62790 u=root n=ansible | failed: [slurm-hn] (item={'name': 'slurm', 'gid': 990}) => {"ansible_loop_var": "item", "changed": false, "item": {"gid": 990, "name": "slurm"}, "msg": "groupadd: GID '990' already exists\n", "name": "slurm"}
2026-03-10 01:32:11,263 p=62790 u=root n=ansible | failed: [slurm-wn1] (item={'name': 'slurm', 'gid': 990}) => {"ansible_loop_var": "item", "changed": false, "item": {"gid": 990, "name": "slurm"}, "msg": "groupadd: GID '990' already exists\n", "name": "slurm"}
2026-03-10 01:32:11,286 p=62790 u=root n=ansible | failed: [slurm-wn2] (item={'name': 'slurm', 'gid': 990}) => {"ansible_loop_var": "item", "changed": false, "item": {"gid": 990, "name": "slurm"}, "msg": "groupadd: GID '990' already exists\n", "name": "slurm"}
2026-03-10 01:32:11,289 p=62790 u=root n=ansible | PLAY RECAP ***********************************************************************************************************************************************************************************
2026-03-10 01:32:11,289 p=62790 u=root n=ansible | slurm-hn                   : ok=3    changed=0    unreachable=0    failed=1    skipped=0    rescued=0    ignored=0   
2026-03-10 01:32:11,289 p=62790 u=root n=ansible | slurm-wn1                  : ok=3    changed=0    unreachable=0    failed=1    skipped=0    rescued=0    ignored=0   
2026-03-10 01:32:11,290 p=62790 u=root n=ansible | slurm-wn2                  : ok=3    changed=0    unreachable=0    failed=1    skipped=0    rescued=0    ignored=0   
2026-03-10 01:34:41,170 p=63232 u=root n=ansible | PLAY [Configuracion General de todo el cluster] **********************************************************************************************************************************************
2026-03-10 01:34:41,184 p=63232 u=root n=ansible | TASK [Gathering Facts] ***********************************************************************************************************************************************************************
2026-03-10 01:34:42,763 p=63232 u=root n=ansible | ok: [slurm-hn]
2026-03-10 01:34:43,552 p=63232 u=root n=ansible | ok: [slurm-wn2]
2026-03-10 01:34:43,569 p=63232 u=root n=ansible | ok: [slurm-wn1]
2026-03-10 01:34:43,610 p=63232 u=root n=ansible | TASK [common : Configurar hostname del nodo] *************************************************************************************************************************************************
2026-03-10 01:34:44,616 p=63232 u=root n=ansible | ok: [slurm-hn]
2026-03-10 01:34:44,769 p=63232 u=root n=ansible | ok: [slurm-wn2]
2026-03-10 01:34:44,774 p=63232 u=root n=ansible | ok: [slurm-wn1]
2026-03-10 01:34:44,785 p=63232 u=root n=ansible | TASK [common : Configurar archivo '/etc/hosts'] **********************************************************************************************************************************************
2026-03-10 01:34:45,731 p=63232 u=root n=ansible | ok: [slurm-hn]
2026-03-10 01:34:45,863 p=63232 u=root n=ansible | ok: [slurm-wn1]
2026-03-10 01:34:45,874 p=63232 u=root n=ansible | ok: [slurm-wn2]
2026-03-10 01:34:45,886 p=63232 u=root n=ansible | TASK [common : Crear grupos del sistema] *****************************************************************************************************************************************************
2026-03-10 01:34:46,385 p=63232 u=root n=ansible | failed: [slurm-hn] (item={'name': 'munge', 'gid': 991}) => {"ansible_loop_var": "item", "changed": false, "item": {"gid": 991, "name": "munge"}, "msg": "groupadd: GID '991' already exists\n", "name": "munge"}
2026-03-10 01:34:46,505 p=63232 u=root n=ansible | failed: [slurm-wn1] (item={'name': 'munge', 'gid': 991}) => {"ansible_loop_var": "item", "changed": false, "item": {"gid": 991, "name": "munge"}, "msg": "groupadd: GID '991' already exists\n", "name": "munge"}
2026-03-10 01:34:46,514 p=63232 u=root n=ansible | failed: [slurm-wn2] (item={'name': 'munge', 'gid': 991}) => {"ansible_loop_var": "item", "changed": false, "item": {"gid": 991, "name": "munge"}, "msg": "groupadd: GID '991' already exists\n", "name": "munge"}
2026-03-10 01:34:46,711 p=63232 u=root n=ansible | failed: [slurm-hn] (item={'name': 'slurm', 'gid': 990}) => {"ansible_loop_var": "item", "changed": false, "item": {"gid": 990, "name": "slurm"}, "msg": "groupadd: GID '990' already exists\n", "name": "slurm"}
2026-03-10 01:34:47,003 p=63232 u=root n=ansible | failed: [slurm-wn1] (item={'name': 'slurm', 'gid': 990}) => {"ansible_loop_var": "item", "changed": false, "item": {"gid": 990, "name": "slurm"}, "msg": "groupadd: GID '990' already exists\n", "name": "slurm"}
2026-03-10 01:34:47,019 p=63232 u=root n=ansible | failed: [slurm-wn2] (item={'name': 'slurm', 'gid': 990}) => {"ansible_loop_var": "item", "changed": false, "item": {"gid": 990, "name": "slurm"}, "msg": "groupadd: GID '990' already exists\n", "name": "slurm"}
2026-03-10 01:34:47,022 p=63232 u=root n=ansible | PLAY RECAP ***********************************************************************************************************************************************************************************
2026-03-10 01:34:47,023 p=63232 u=root n=ansible | slurm-hn                   : ok=3    changed=0    unreachable=0    failed=1    skipped=0    rescued=0    ignored=0   
2026-03-10 01:34:47,023 p=63232 u=root n=ansible | slurm-wn1                  : ok=3    changed=0    unreachable=0    failed=1    skipped=0    rescued=0    ignored=0   
2026-03-10 01:34:47,023 p=63232 u=root n=ansible | slurm-wn2                  : ok=3    changed=0    unreachable=0    failed=1    skipped=0    rescued=0    ignored=0   
2026-03-10 01:36:54,509 p=63703 u=root n=ansible | PLAY [Configuracion General de todo el cluster] **********************************************************************************************************************************************
2026-03-10 01:36:54,522 p=63703 u=root n=ansible | TASK [Gathering Facts] ***********************************************************************************************************************************************************************
2026-03-10 01:36:56,056 p=63703 u=root n=ansible | ok: [slurm-hn]
2026-03-10 01:36:56,832 p=63703 u=root n=ansible | ok: [slurm-wn1]
2026-03-10 01:36:56,888 p=63703 u=root n=ansible | ok: [slurm-wn2]
2026-03-10 01:36:56,929 p=63703 u=root n=ansible | TASK [common : Configurar hostname del nodo] *************************************************************************************************************************************************
2026-03-10 01:36:57,955 p=63703 u=root n=ansible | ok: [slurm-hn]
2026-03-10 01:36:58,074 p=63703 u=root n=ansible | ok: [slurm-wn2]
2026-03-10 01:36:58,078 p=63703 u=root n=ansible | ok: [slurm-wn1]
2026-03-10 01:36:58,087 p=63703 u=root n=ansible | TASK [common : Configurar archivo '/etc/hosts'] **********************************************************************************************************************************************
2026-03-10 01:36:59,030 p=63703 u=root n=ansible | ok: [slurm-hn]
2026-03-10 01:36:59,156 p=63703 u=root n=ansible | ok: [slurm-wn1]
2026-03-10 01:36:59,168 p=63703 u=root n=ansible | ok: [slurm-wn2]
2026-03-10 01:36:59,176 p=63703 u=root n=ansible | TASK [common : Crear grupos del sistema] *****************************************************************************************************************************************************
2026-03-10 01:36:59,705 p=63703 u=root n=ansible | changed: [slurm-hn] => (item={'name': 'munge'})
2026-03-10 01:36:59,848 p=63703 u=root n=ansible | changed: [slurm-wn2] => (item={'name': 'munge'})
2026-03-10 01:36:59,849 p=63703 u=root n=ansible | changed: [slurm-wn1] => (item={'name': 'munge'})
2026-03-10 01:37:00,052 p=63703 u=root n=ansible | changed: [slurm-hn] => (item={'name': 'slurm'})
2026-03-10 01:37:00,382 p=63703 u=root n=ansible | changed: [slurm-wn1] => (item={'name': 'slurm'})
2026-03-10 01:37:00,388 p=63703 u=root n=ansible | changed: [slurm-wn2] => (item={'name': 'slurm'})
2026-03-10 01:37:00,396 p=63703 u=root n=ansible | TASK [common : Crear usuarios del sistema] ***************************************************************************************************************************************************
2026-03-10 01:37:01,087 p=63703 u=root n=ansible | changed: [slurm-hn] => (item={'name': 'munge', 'shell': '/usr/sbin/nologin', 'home': '/var/lib/munge'})
2026-03-10 01:37:01,215 p=63703 u=root n=ansible | changed: [slurm-wn1] => (item={'name': 'munge', 'shell': '/usr/sbin/nologin', 'home': '/var/lib/munge'})
2026-03-10 01:37:01,269 p=63703 u=root n=ansible | changed: [slurm-wn2] => (item={'name': 'munge', 'shell': '/usr/sbin/nologin', 'home': '/var/lib/munge'})
2026-03-10 01:37:01,510 p=63703 u=root n=ansible | changed: [slurm-hn] => (item={'name': 'slurm', 'shell': '/bin/bash', 'home': '/var/lib/slurm'})
2026-03-10 01:37:01,845 p=63703 u=root n=ansible | changed: [slurm-wn1] => (item={'name': 'slurm', 'shell': '/bin/bash', 'home': '/var/lib/slurm'})
2026-03-10 01:37:01,914 p=63703 u=root n=ansible | changed: [slurm-wn2] => (item={'name': 'slurm', 'shell': '/bin/bash', 'home': '/var/lib/slurm'})
2026-03-10 01:37:01,933 p=63703 u=root n=ansible | TASK [common : Actualizar cache de apt] ******************************************************************************************************************************************************
2026-03-10 01:37:25,683 p=63703 u=root n=ansible | changed: [slurm-hn]
2026-03-10 01:40:02,689 p=63703 u=root n=ansible |  [ERROR]: User interrupted execution

2026-03-10 02:03:01,491 p=64670 u=root n=ansible | PLAY [Configuracion General de todo el cluster] **********************************************************************************************************************************************
2026-03-10 02:03:01,505 p=64670 u=root n=ansible | TASK [Gathering Facts] ***********************************************************************************************************************************************************************
2026-03-10 02:03:03,170 p=64670 u=root n=ansible | ok: [slurm-hn]
2026-03-10 02:03:03,439 p=64670 u=root n=ansible | ok: [slurm-wn1]
2026-03-10 02:03:03,825 p=64670 u=root n=ansible | ok: [slurm-wn2]
2026-03-10 02:03:03,863 p=64670 u=root n=ansible | TASK [common : Configurar hostname del nodo] *************************************************************************************************************************************************
2026-03-10 02:03:04,907 p=64670 u=root n=ansible | ok: [slurm-hn]
2026-03-10 02:03:05,013 p=64670 u=root n=ansible | ok: [slurm-wn1]
2026-03-10 02:03:05,017 p=64670 u=root n=ansible | ok: [slurm-wn2]
2026-03-10 02:03:05,027 p=64670 u=root n=ansible | TASK [common : Configurar archivo '/etc/hosts'] **********************************************************************************************************************************************
2026-03-10 02:03:05,979 p=64670 u=root n=ansible | ok: [slurm-hn]
2026-03-10 02:03:06,095 p=64670 u=root n=ansible | ok: [slurm-wn1]
2026-03-10 02:03:06,104 p=64670 u=root n=ansible | ok: [slurm-wn2]
2026-03-10 02:03:06,113 p=64670 u=root n=ansible | TASK [common : Crear grupos del sistema] *****************************************************************************************************************************************************
2026-03-10 02:03:06,596 p=64670 u=root n=ansible | ok: [slurm-hn] => (item={'name': 'munge'})
2026-03-10 02:03:06,722 p=64670 u=root n=ansible | ok: [slurm-wn2] => (item={'name': 'munge'})
2026-03-10 02:03:06,733 p=64670 u=root n=ansible | ok: [slurm-wn1] => (item={'name': 'munge'})
2026-03-10 02:03:06,920 p=64670 u=root n=ansible | ok: [slurm-hn] => (item={'name': 'slurm'})
2026-03-10 02:03:07,210 p=64670 u=root n=ansible | ok: [slurm-wn2] => (item={'name': 'slurm'})
2026-03-10 02:03:07,219 p=64670 u=root n=ansible | ok: [slurm-wn1] => (item={'name': 'slurm'})
2026-03-10 02:03:07,230 p=64670 u=root n=ansible | TASK [common : Crear usuarios del sistema] ***************************************************************************************************************************************************
2026-03-10 02:03:07,845 p=64670 u=root n=ansible | ok: [slurm-hn] => (item={'name': 'munge', 'shell': '/usr/sbin/nologin', 'home': '/var/lib/munge'})
2026-03-10 02:03:07,995 p=64670 u=root n=ansible | ok: [slurm-wn1] => (item={'name': 'munge', 'shell': '/usr/sbin/nologin', 'home': '/var/lib/munge'})
2026-03-10 02:03:08,002 p=64670 u=root n=ansible | ok: [slurm-wn2] => (item={'name': 'munge', 'shell': '/usr/sbin/nologin', 'home': '/var/lib/munge'})
2026-03-10 02:03:08,212 p=64670 u=root n=ansible | ok: [slurm-hn] => (item={'name': 'slurm', 'shell': '/bin/bash', 'home': '/var/lib/slurm'})
2026-03-10 02:03:08,506 p=64670 u=root n=ansible | ok: [slurm-wn2] => (item={'name': 'slurm', 'shell': '/bin/bash', 'home': '/var/lib/slurm'})
2026-03-10 02:03:08,556 p=64670 u=root n=ansible | ok: [slurm-wn1] => (item={'name': 'slurm', 'shell': '/bin/bash', 'home': '/var/lib/slurm'})
2026-03-10 02:03:08,573 p=64670 u=root n=ansible | TASK [common : Actualizar cache de apt] ******************************************************************************************************************************************************
2026-03-10 02:03:09,664 p=64670 u=root n=ansible | ok: [slurm-wn2]
2026-03-10 02:03:09,761 p=64670 u=root n=ansible | ok: [slurm-hn]
2026-03-10 02:03:25,878 p=64670 u=root n=ansible | changed: [slurm-wn1]
2026-03-10 02:03:25,889 p=64670 u=root n=ansible | TASK [common : Extender la partición root para ocupar todo el disco] *************************************************************************************************************************
2026-03-10 02:03:27,039 p=64670 u=root n=ansible | changed: [slurm-hn]
2026-03-10 02:03:27,289 p=64670 u=root n=ansible | changed: [slurm-wn1]
2026-03-10 02:03:27,319 p=64670 u=root n=ansible | changed: [slurm-wn2]
2026-03-10 02:03:27,331 p=64670 u=root n=ansible | TASK [common : Redimensionar el sistema de archivos ext4] ************************************************************************************************************************************
2026-03-10 02:03:28,193 p=64670 u=root n=ansible | changed: [slurm-hn]
2026-03-10 02:03:28,227 p=64670 u=root n=ansible | changed: [slurm-wn1]
2026-03-10 02:03:28,245 p=64670 u=root n=ansible | changed: [slurm-wn2]
2026-03-10 02:03:28,254 p=64670 u=root n=ansible | TASK [common : Instalar paquetes comunes] ****************************************************************************************************************************************************
2026-03-10 02:03:29,658 p=64670 u=root n=ansible | fatal: [slurm-wn2]: FAILED! => {"cache_update_time": 1773108172, "cache_updated": false, "changed": false, "msg": "'/usr/bin/apt-get -y -o \"Dpkg::Options::=--force-confdef\" -o \"Dpkg::Options::=--force-confold\"       install 'chrony=4.5-1ubuntu4.2' 'sssd=2.9.4-1.1ubuntu6.3' 'sssd-ldap=2.9.4-1.1ubuntu6.3' 'ldap-utils=2.6.10+dfsg-0ubuntu0.24.04.1' 'acl=2.3.2-1build1.1' 'munge=0.5.15-4ubuntu0.1' 'slurm-wlm=23.11.4-1.2ubuntu5' 'nfs-common=1:2.6.4-3ubuntu5.1' 'prometheus-node-exporter=1.7.0-1ubuntu0.3'' failed: E: Could not get lock /var/lib/dpkg/lock-frontend. It is held by process 11951 (unattended-upgr)\nE: Unable to acquire the dpkg frontend lock (/var/lib/dpkg/lock-frontend), is another process using it?\n", "rc": 100, "stderr": "E: Could not get lock /var/lib/dpkg/lock-frontend. It is held by process 11951 (unattended-upgr)\nE: Unable to acquire the dpkg frontend lock (/var/lib/dpkg/lock-frontend), is another process using it?\n", "stderr_lines": ["E: Could not get lock /var/lib/dpkg/lock-frontend. It is held by process 11951 (unattended-upgr)", "E: Unable to acquire the dpkg frontend lock (/var/lib/dpkg/lock-frontend), is another process using it?"], "stdout": "", "stdout_lines": []}
2026-03-10 02:03:36,058 p=64670 u=root n=ansible |  [ERROR]: User interrupted execution

2026-03-10 02:03:58,844 p=65469 u=root n=ansible | PLAY [Configuracion General de todo el cluster] **********************************************************************************************************************************************
2026-03-10 02:03:58,858 p=65469 u=root n=ansible | TASK [Gathering Facts] ***********************************************************************************************************************************************************************
2026-03-10 02:04:00,418 p=65469 u=root n=ansible | ok: [slurm-hn]
2026-03-10 02:04:00,544 p=65469 u=root n=ansible | ok: [slurm-wn1]
2026-03-10 02:04:00,553 p=65469 u=root n=ansible | ok: [slurm-wn2]
2026-03-10 02:04:00,589 p=65469 u=root n=ansible | TASK [common : Configurar hostname del nodo] *************************************************************************************************************************************************
2026-03-10 02:04:01,609 p=65469 u=root n=ansible | ok: [slurm-hn]
2026-03-10 02:04:01,738 p=65469 u=root n=ansible | ok: [slurm-wn2]
2026-03-10 02:04:01,767 p=65469 u=root n=ansible | ok: [slurm-wn1]
2026-03-10 02:04:01,778 p=65469 u=root n=ansible | TASK [common : Configurar archivo '/etc/hosts'] **********************************************************************************************************************************************
2026-03-10 02:04:02,736 p=65469 u=root n=ansible | ok: [slurm-hn]
2026-03-10 02:04:02,864 p=65469 u=root n=ansible | ok: [slurm-wn2]
2026-03-10 02:04:02,865 p=65469 u=root n=ansible | ok: [slurm-wn1]
2026-03-10 02:04:02,875 p=65469 u=root n=ansible | TASK [common : Crear grupos del sistema] *****************************************************************************************************************************************************
2026-03-10 02:04:03,332 p=65469 u=root n=ansible | ok: [slurm-hn] => (item={'name': 'munge'})
2026-03-10 02:04:03,478 p=65469 u=root n=ansible | ok: [slurm-wn2] => (item={'name': 'munge'})
2026-03-10 02:04:03,487 p=65469 u=root n=ansible | ok: [slurm-wn1] => (item={'name': 'munge'})
2026-03-10 02:04:03,645 p=65469 u=root n=ansible | ok: [slurm-hn] => (item={'name': 'slurm'})
2026-03-10 02:04:03,981 p=65469 u=root n=ansible | ok: [slurm-wn1] => (item={'name': 'slurm'})
2026-03-10 02:04:03,983 p=65469 u=root n=ansible | ok: [slurm-wn2] => (item={'name': 'slurm'})
2026-03-10 02:04:03,997 p=65469 u=root n=ansible | TASK [common : Crear usuarios del sistema] ***************************************************************************************************************************************************
2026-03-10 02:04:04,646 p=65469 u=root n=ansible | ok: [slurm-hn] => (item={'name': 'munge', 'shell': '/usr/sbin/nologin', 'home': '/var/lib/munge'})
2026-03-10 02:04:04,735 p=65469 u=root n=ansible | ok: [slurm-wn2] => (item={'name': 'munge', 'shell': '/usr/sbin/nologin', 'home': '/var/lib/munge'})
2026-03-10 02:04:04,742 p=65469 u=root n=ansible | ok: [slurm-wn1] => (item={'name': 'munge', 'shell': '/usr/sbin/nologin', 'home': '/var/lib/munge'})
2026-03-10 02:04:05,043 p=65469 u=root n=ansible | ok: [slurm-hn] => (item={'name': 'slurm', 'shell': '/bin/bash', 'home': '/var/lib/slurm'})
2026-03-10 02:04:05,222 p=65469 u=root n=ansible | ok: [slurm-wn2] => (item={'name': 'slurm', 'shell': '/bin/bash', 'home': '/var/lib/slurm'})
2026-03-10 02:04:05,295 p=65469 u=root n=ansible | ok: [slurm-wn1] => (item={'name': 'slurm', 'shell': '/bin/bash', 'home': '/var/lib/slurm'})
2026-03-10 02:04:05,314 p=65469 u=root n=ansible | TASK [common : Actualizar cache de apt] ******************************************************************************************************************************************************
2026-03-10 02:04:06,386 p=65469 u=root n=ansible | ok: [slurm-hn]
2026-03-10 02:04:06,434 p=65469 u=root n=ansible | ok: [slurm-wn2]
2026-03-10 02:04:06,443 p=65469 u=root n=ansible | ok: [slurm-wn1]
2026-03-10 02:04:06,456 p=65469 u=root n=ansible | TASK [common : Extender la partición root para ocupar todo el disco] *************************************************************************************************************************
2026-03-10 02:04:07,024 p=65469 u=root n=ansible | fatal: [slurm-hn]: FAILED! => {"changed": false, "cmd": ["growpart", "/dev/vda", "2"], "delta": "0:00:00.098742", "end": "2026-03-10 02:04:06.981028", "msg": "non-zero return code", "rc": 1, "start": "2026-03-10 02:04:06.882286", "stderr": "", "stderr_lines": [], "stdout": "NOCHANGE: partition 2 is size 52424671. it cannot be grown", "stdout_lines": ["NOCHANGE: partition 2 is size 52424671. it cannot be grown"]}
2026-03-10 02:04:07,024 p=65469 u=root n=ansible | ...ignoring
2026-03-10 02:04:07,096 p=65469 u=root n=ansible | fatal: [slurm-wn2]: FAILED! => {"changed": false, "cmd": ["growpart", "/dev/vda", "2"], "delta": "0:00:00.104024", "end": "2026-03-10 02:04:07.028480", "msg": "non-zero return code", "rc": 1, "start": "2026-03-10 02:04:06.924456", "stderr": "", "stderr_lines": [], "stdout": "NOCHANGE: partition 2 is size 52424671. it cannot be grown", "stdout_lines": ["NOCHANGE: partition 2 is size 52424671. it cannot be grown"]}
2026-03-10 02:04:07,096 p=65469 u=root n=ansible | ...ignoring
2026-03-10 02:04:07,144 p=65469 u=root n=ansible | fatal: [slurm-wn1]: FAILED! => {"changed": false, "cmd": ["growpart", "/dev/vda", "2"], "delta": "0:00:00.103651", "end": "2026-03-10 02:04:07.070231", "msg": "non-zero return code", "rc": 1, "start": "2026-03-10 02:04:06.966580", "stderr": "", "stderr_lines": [], "stdout": "NOCHANGE: partition 2 is size 52424671. it cannot be grown", "stdout_lines": ["NOCHANGE: partition 2 is size 52424671. it cannot be grown"]}
2026-03-10 02:04:07,145 p=65469 u=root n=ansible | ...ignoring
2026-03-10 02:04:07,156 p=65469 u=root n=ansible | TASK [common : Redimensionar el sistema de archivos ext4] ************************************************************************************************************************************
2026-03-10 02:04:07,192 p=65469 u=root n=ansible | skipping: [slurm-hn]
2026-03-10 02:04:07,195 p=65469 u=root n=ansible | skipping: [slurm-wn1]
2026-03-10 02:04:07,205 p=65469 u=root n=ansible | skipping: [slurm-wn2]
2026-03-10 02:04:07,214 p=65469 u=root n=ansible | TASK [common : Instalar paquetes comunes] ****************************************************************************************************************************************************
2026-03-10 02:04:08,483 p=65469 u=root n=ansible | fatal: [slurm-wn2]: FAILED! => {"cache_update_time": 1773108172, "cache_updated": false, "changed": false, "msg": "'/usr/bin/apt-get -y -o \"Dpkg::Options::=--force-confdef\" -o \"Dpkg::Options::=--force-confold\"       install 'chrony=4.5-1ubuntu4.2' 'sssd=2.9.4-1.1ubuntu6.3' 'sssd-ldap=2.9.4-1.1ubuntu6.3' 'ldap-utils=2.6.10+dfsg-0ubuntu0.24.04.1' 'acl=2.3.2-1build1.1' 'munge=0.5.15-4ubuntu0.1' 'slurm-wlm=23.11.4-1.2ubuntu5' 'nfs-common=1:2.6.4-3ubuntu5.1' 'prometheus-node-exporter=1.7.0-1ubuntu0.3'' failed: E: Could not get lock /var/lib/dpkg/lock-frontend. It is held by process 11951 (unattended-upgr)\nE: Unable to acquire the dpkg frontend lock (/var/lib/dpkg/lock-frontend), is another process using it?\n", "rc": 100, "stderr": "E: Could not get lock /var/lib/dpkg/lock-frontend. It is held by process 11951 (unattended-upgr)\nE: Unable to acquire the dpkg frontend lock (/var/lib/dpkg/lock-frontend), is another process using it?\n", "stderr_lines": ["E: Could not get lock /var/lib/dpkg/lock-frontend. It is held by process 11951 (unattended-upgr)", "E: Unable to acquire the dpkg frontend lock (/var/lib/dpkg/lock-frontend), is another process using it?"], "stdout": "", "stdout_lines": []}
2026-03-10 02:05:23,720 p=65469 u=root n=ansible | changed: [slurm-wn1]
2026-03-10 02:05:43,864 p=65469 u=root n=ansible | changed: [slurm-hn]
2026-03-10 02:05:43,879 p=65469 u=root n=ansible | TASK [common : Crear directorios de Munge] ***************************************************************************************************************************************************
2026-03-10 02:05:44,225 p=65469 u=root n=ansible | ok: [slurm-hn] => (item=/etc/munge)
2026-03-10 02:05:44,463 p=65469 u=root n=ansible | ok: [slurm-wn1] => (item=/etc/munge)
2026-03-10 02:05:44,528 p=65469 u=root n=ansible | ok: [slurm-hn] => (item=/var/log/munge)
2026-03-10 02:05:44,802 p=65469 u=root n=ansible | changed: [slurm-hn] => (item=/var/lib/munge)
2026-03-10 02:05:44,966 p=65469 u=root n=ansible | ok: [slurm-wn1] => (item=/var/log/munge)
2026-03-10 02:05:45,481 p=65469 u=root n=ansible | changed: [slurm-wn1] => (item=/var/lib/munge)
2026-03-10 02:05:45,493 p=65469 u=root n=ansible | TASK [common : Crear directorios de Slurm] ***************************************************************************************************************************************************
2026-03-10 02:05:45,852 p=65469 u=root n=ansible | changed: [slurm-hn] => (item=/var/log/slurm-llnl)
2026-03-10 02:05:46,039 p=65469 u=root n=ansible | changed: [slurm-wn1] => (item=/var/log/slurm-llnl)
2026-03-10 02:05:46,164 p=65469 u=root n=ansible | changed: [slurm-hn] => (item=/var/lib/slurm-llnl)
2026-03-10 02:05:46,475 p=65469 u=root n=ansible | ok: [slurm-hn] => (item=/var/lib/slurm/slurmd)
2026-03-10 02:05:46,533 p=65469 u=root n=ansible | changed: [slurm-wn1] => (item=/var/lib/slurm-llnl)
2026-03-10 02:05:46,818 p=65469 u=root n=ansible | ok: [slurm-hn] => (item=/var/lib/slurm/slurmctld)
2026-03-10 02:05:47,043 p=65469 u=root n=ansible | ok: [slurm-wn1] => (item=/var/lib/slurm/slurmd)
2026-03-10 02:05:47,134 p=65469 u=root n=ansible | changed: [slurm-hn] => (item=/etc/slurm-llnl)
2026-03-10 02:05:47,537 p=65469 u=root n=ansible | ok: [slurm-wn1] => (item=/var/lib/slurm/slurmctld)
2026-03-10 02:05:48,028 p=65469 u=root n=ansible | changed: [slurm-wn1] => (item=/etc/slurm-llnl)
2026-03-10 02:05:48,041 p=65469 u=root n=ansible | TASK [common : Distribuir archivo slurm.conf] ************************************************************************************************************************************************
2026-03-10 02:05:48,839 p=65469 u=root n=ansible | changed: [slurm-hn]
2026-03-10 02:05:49,041 p=65469 u=root n=ansible | changed: [slurm-wn1]
2026-03-10 02:05:49,055 p=65469 u=root n=ansible | TASK [common : Detener munge inicialmente] ***************************************************************************************************************************************************
2026-03-10 02:05:49,971 p=65469 u=root n=ansible | changed: [slurm-hn]
2026-03-10 02:05:50,139 p=65469 u=root n=ansible | changed: [slurm-wn1]
2026-03-10 02:05:50,160 p=65469 u=root n=ansible | TASK [firewall : Configurar reglas de NFTables] **********************************************************************************************************************************************
2026-03-10 02:05:50,786 p=65469 u=root n=ansible | changed: [slurm-hn]
2026-03-10 02:05:51,181 p=65469 u=root n=ansible | changed: [slurm-wn1]
2026-03-10 02:05:51,191 p=65469 u=root n=ansible | TASK [firewall : Habilitar servicio NFTables] ************************************************************************************************************************************************
2026-03-10 02:05:52,340 p=65469 u=root n=ansible | changed: [slurm-hn]
2026-03-10 02:05:52,538 p=65469 u=root n=ansible | changed: [slurm-wn1]
2026-03-10 02:05:52,560 p=65469 u=root n=ansible | TASK [ldap : Configurar SSSD para LDAP] ******************************************************************************************************************************************************
2026-03-10 02:05:53,174 p=65469 u=root n=ansible | changed: [slurm-hn]
2026-03-10 02:05:53,564 p=65469 u=root n=ansible | changed: [slurm-wn1]
2026-03-10 02:05:53,575 p=65469 u=root n=ansible | TASK [ldap : Habilitar servicio SSSD] ********************************************************************************************************************************************************
2026-03-10 02:05:54,509 p=65469 u=root n=ansible | changed: [slurm-hn]
2026-03-10 02:05:54,697 p=65469 u=root n=ansible | changed: [slurm-wn1]
2026-03-10 02:05:54,733 p=65469 u=root n=ansible | RUNNING HANDLER [firewall : Reiniciar nftables] **********************************************************************************************************************************************
2026-03-10 02:05:55,381 p=65469 u=root n=ansible | changed: [slurm-hn]
2026-03-10 02:05:55,604 p=65469 u=root n=ansible | changed: [slurm-wn1]
2026-03-10 02:05:55,614 p=65469 u=root n=ansible | RUNNING HANDLER [ldap : Reiniciar sssd] ******************************************************************************************************************************************************
2026-03-10 02:05:56,373 p=65469 u=root n=ansible | changed: [slurm-hn]
2026-03-10 02:05:56,643 p=65469 u=root n=ansible | changed: [slurm-wn1]
2026-03-10 02:05:56,652 p=65469 u=root n=ansible | TASK [Mensaje final de configuracion general] ************************************************************************************************************************************************
2026-03-10 02:05:56,680 p=65469 u=root n=ansible | ok: [slurm-hn] => {
    "msg": [
        "=========================================",
        "Configuracion General Completada",
        "========================================="
    ]
}
2026-03-10 02:05:56,694 p=65469 u=root n=ansible | ok: [slurm-wn1] => {
    "msg": [
        "=========================================",
        "Configuracion General Completada",
        "========================================="
    ]
}
2026-03-10 02:05:56,724 p=65469 u=root n=ansible | PLAY [Resumen] *******************************************************************************************************************************************************************************
2026-03-10 02:05:56,729 p=65469 u=root n=ansible | TASK [Display deployment summary] ************************************************************************************************************************************************************
2026-03-10 02:05:56,756 p=65469 u=root n=ansible | ok: [localhost] => {
    "msg": [
        "",
        "=========================================",
        "Cluster SLURM configurado",
        "=========================================",
        ""
    ]
}
2026-03-10 02:05:56,764 p=65469 u=root n=ansible | PLAY RECAP ***********************************************************************************************************************************************************************************
2026-03-10 02:05:56,764 p=65469 u=root n=ansible | localhost                  : ok=1    changed=0    unreachable=0    failed=0    skipped=0    rescued=0    ignored=0   
2026-03-10 02:05:56,765 p=65469 u=root n=ansible | slurm-hn                   : ok=19   changed=11   unreachable=0    failed=0    skipped=1    rescued=0    ignored=1   
2026-03-10 02:05:56,765 p=65469 u=root n=ansible | slurm-wn1                  : ok=19   changed=11   unreachable=0    failed=0    skipped=1    rescued=0    ignored=1   
2026-03-10 02:05:56,765 p=65469 u=root n=ansible | slurm-wn2                  : ok=7    changed=0    unreachable=0    failed=1    skipped=1    rescued=0    ignored=1   
2026-03-10 02:38:45,120 p=71386 u=root n=ansible | PLAY [Instalar SSHPASS para la conexion ssh de headnode a workers] ***************************************************************************************************************************
2026-03-10 02:38:45,133 p=71386 u=root n=ansible | TASK [Gathering Facts] ***********************************************************************************************************************************************************************
2026-03-10 02:38:46,750 p=71386 u=root n=ansible | ok: [slurm-hn]
2026-03-10 02:38:46,781 p=71386 u=root n=ansible | TASK [initial_setup : Actualizar cache de apt] ***********************************************************************************************************************************************
2026-03-10 02:38:55,860 p=71386 u=root n=ansible | changed: [slurm-hn]
2026-03-10 02:38:55,870 p=71386 u=root n=ansible | TASK [initial_setup : Instalar sshpass] ******************************************************************************************************************************************************
2026-03-10 02:38:57,019 p=71386 u=root n=ansible | ok: [slurm-hn]
2026-03-10 02:38:57,027 p=71386 u=root n=ansible | TASK [initial_setup : Instalar rng-tools] ****************************************************************************************************************************************************
2026-03-10 02:38:58,143 p=71386 u=root n=ansible | ok: [slurm-hn]
2026-03-10 02:38:58,150 p=71386 u=root n=ansible | TASK [initial_setup : Deshabilitar rp_filter (all)] ******************************************************************************************************************************************
2026-03-10 02:38:58,620 p=71386 u=root n=ansible | changed: [slurm-hn]
2026-03-10 02:38:58,630 p=71386 u=root n=ansible | TASK [initial_setup : Deshabilitar rp_filter por defecto] ************************************************************************************************************************************
2026-03-10 02:38:58,965 p=71386 u=root n=ansible | changed: [slurm-hn]
2026-03-10 02:38:58,990 p=71386 u=root n=ansible | TASK [Mensaje final de configuracion general] ************************************************************************************************************************************************
2026-03-10 02:38:59,016 p=71386 u=root n=ansible | ok: [slurm-hn] => {
    "msg": [
        "=========================================",
        " Configuracion Inicial Completada",
        "========================================="
    ]
}
2026-03-10 02:38:59,032 p=71386 u=root n=ansible | PLAY [Resumen] *******************************************************************************************************************************************************************************
2026-03-10 02:38:59,037 p=71386 u=root n=ansible | TASK [Display deployment summary] ************************************************************************************************************************************************************
2026-03-10 02:38:59,064 p=71386 u=root n=ansible | ok: [localhost] => {
    "msg": [
        "",
        "=========================================",
        "Cluster SLURM configurado",
        "=========================================",
        ""
    ]
}
2026-03-10 02:38:59,072 p=71386 u=root n=ansible | PLAY RECAP ***********************************************************************************************************************************************************************************
2026-03-10 02:38:59,073 p=71386 u=root n=ansible | localhost                  : ok=1    changed=0    unreachable=0    failed=0    skipped=0    rescued=0    ignored=0   
2026-03-10 02:38:59,073 p=71386 u=root n=ansible | slurm-hn                   : ok=7    changed=3    unreachable=0    failed=0    skipped=0    rescued=0    ignored=0   
2026-03-10 02:51:05,141 p=72208 u=root n=ansible | PLAY [Configuracion General de todo el cluster] **********************************************************************************************************************************************
2026-03-10 02:51:05,156 p=72208 u=root n=ansible | TASK [Gathering Facts] ***********************************************************************************************************************************************************************
2026-03-10 02:51:06,775 p=72208 u=root n=ansible | ok: [slurm-hn]
2026-03-10 02:51:07,148 p=72208 u=root n=ansible | ok: [slurm-wn1]
2026-03-10 02:51:07,496 p=72208 u=root n=ansible | ok: [slurm-wn2]
2026-03-10 02:51:07,534 p=72208 u=root n=ansible | TASK [common : Configurar hostname del nodo] *************************************************************************************************************************************************
2026-03-10 02:51:08,574 p=72208 u=root n=ansible | ok: [slurm-hn]
2026-03-10 02:51:08,689 p=72208 u=root n=ansible | ok: [slurm-wn2]
2026-03-10 02:51:08,708 p=72208 u=root n=ansible | ok: [slurm-wn1]
2026-03-10 02:51:08,719 p=72208 u=root n=ansible | TASK [common : Configurar archivo '/etc/hosts'] **********************************************************************************************************************************************
2026-03-10 02:51:09,666 p=72208 u=root n=ansible | ok: [slurm-hn]
2026-03-10 02:51:09,834 p=72208 u=root n=ansible | ok: [slurm-wn2]
2026-03-10 02:51:09,843 p=72208 u=root n=ansible | ok: [slurm-wn1]
2026-03-10 02:51:09,853 p=72208 u=root n=ansible | TASK [common : Crear grupos del sistema] *****************************************************************************************************************************************************
2026-03-10 02:51:10,316 p=72208 u=root n=ansible | ok: [slurm-hn] => (item={'name': 'munge'})
2026-03-10 02:51:10,465 p=72208 u=root n=ansible | ok: [slurm-wn2] => (item={'name': 'munge'})
2026-03-10 02:51:10,487 p=72208 u=root n=ansible | ok: [slurm-wn1] => (item={'name': 'munge'})
2026-03-10 02:51:10,628 p=72208 u=root n=ansible | ok: [slurm-hn] => (item={'name': 'slurm'})
2026-03-10 02:51:10,959 p=72208 u=root n=ansible | ok: [slurm-wn2] => (item={'name': 'slurm'})
2026-03-10 02:51:10,977 p=72208 u=root n=ansible | ok: [slurm-wn1] => (item={'name': 'slurm'})
2026-03-10 02:51:10,985 p=72208 u=root n=ansible | TASK [common : Crear usuarios del sistema] ***************************************************************************************************************************************************
2026-03-10 02:51:11,597 p=72208 u=root n=ansible | ok: [slurm-hn] => (item={'name': 'munge', 'shell': '/usr/sbin/nologin', 'home': '/var/lib/munge'})
2026-03-10 02:51:11,743 p=72208 u=root n=ansible | ok: [slurm-wn2] => (item={'name': 'munge', 'shell': '/usr/sbin/nologin', 'home': '/var/lib/munge'})
2026-03-10 02:51:11,749 p=72208 u=root n=ansible | ok: [slurm-wn1] => (item={'name': 'munge', 'shell': '/usr/sbin/nologin', 'home': '/var/lib/munge'})
2026-03-10 02:51:11,986 p=72208 u=root n=ansible | ok: [slurm-hn] => (item={'name': 'slurm', 'shell': '/bin/bash', 'home': '/var/lib/slurm'})
2026-03-10 02:51:12,331 p=72208 u=root n=ansible | ok: [slurm-wn1] => (item={'name': 'slurm', 'shell': '/bin/bash', 'home': '/var/lib/slurm'})
2026-03-10 02:51:12,343 p=72208 u=root n=ansible | ok: [slurm-wn2] => (item={'name': 'slurm', 'shell': '/bin/bash', 'home': '/var/lib/slurm'})
2026-03-10 02:51:12,356 p=72208 u=root n=ansible | TASK [common : Actualizar cache de apt] ******************************************************************************************************************************************************
2026-03-10 02:51:13,440 p=72208 u=root n=ansible | ok: [slurm-wn2]
2026-03-10 02:51:13,472 p=72208 u=root n=ansible | ok: [slurm-hn]
2026-03-10 02:51:13,614 p=72208 u=root n=ansible | ok: [slurm-wn1]
2026-03-10 02:51:13,627 p=72208 u=root n=ansible | TASK [common : Extender la partición root para ocupar todo el disco] *************************************************************************************************************************
2026-03-10 02:51:14,203 p=72208 u=root n=ansible | fatal: [slurm-hn]: FAILED! => {"changed": false, "cmd": ["growpart", "/dev/vda", "2"], "delta": "0:00:00.118470", "end": "2026-03-10 02:51:14.156678", "msg": "non-zero return code", "rc": 1, "start": "2026-03-10 02:51:14.038208", "stderr": "", "stderr_lines": [], "stdout": "NOCHANGE: partition 2 is size 52424671. it cannot be grown", "stdout_lines": ["NOCHANGE: partition 2 is size 52424671. it cannot be grown"]}
2026-03-10 02:51:14,204 p=72208 u=root n=ansible | ...ignoring
2026-03-10 02:51:14,313 p=72208 u=root n=ansible | fatal: [slurm-wn2]: FAILED! => {"changed": false, "cmd": ["growpart", "/dev/vda", "2"], "delta": "0:00:00.103884", "end": "2026-03-10 02:51:14.036007", "msg": "non-zero return code", "rc": 1, "start": "2026-03-10 02:51:13.932123", "stderr": "", "stderr_lines": [], "stdout": "NOCHANGE: partition 2 is size 52424671. it cannot be grown", "stdout_lines": ["NOCHANGE: partition 2 is size 52424671. it cannot be grown"]}
2026-03-10 02:51:14,313 p=72208 u=root n=ansible | ...ignoring
2026-03-10 02:51:14,335 p=72208 u=root n=ansible | fatal: [slurm-wn1]: FAILED! => {"changed": false, "cmd": ["growpart", "/dev/vda", "2"], "delta": "0:00:00.123552", "end": "2026-03-10 02:51:14.051498", "msg": "non-zero return code", "rc": 1, "start": "2026-03-10 02:51:13.927946", "stderr": "", "stderr_lines": [], "stdout": "NOCHANGE: partition 2 is size 52424671. it cannot be grown", "stdout_lines": ["NOCHANGE: partition 2 is size 52424671. it cannot be grown"]}
2026-03-10 02:51:14,335 p=72208 u=root n=ansible | ...ignoring
2026-03-10 02:51:14,346 p=72208 u=root n=ansible | TASK [common : Redimensionar el sistema de archivos ext4] ************************************************************************************************************************************
2026-03-10 02:51:14,383 p=72208 u=root n=ansible | skipping: [slurm-hn]
2026-03-10 02:51:14,384 p=72208 u=root n=ansible | skipping: [slurm-wn1]
2026-03-10 02:51:14,395 p=72208 u=root n=ansible | skipping: [slurm-wn2]
2026-03-10 02:51:14,403 p=72208 u=root n=ansible | TASK [common : Instalar paquetes comunes] ****************************************************************************************************************************************************
2026-03-10 02:51:15,607 p=72208 u=root n=ansible | ok: [slurm-hn]
2026-03-10 02:51:15,931 p=72208 u=root n=ansible | ok: [slurm-wn1]
2026-03-10 02:52:31,897 p=72208 u=root n=ansible | changed: [slurm-wn2]
2026-03-10 02:52:31,907 p=72208 u=root n=ansible | TASK [common : Crear directorios de Munge] ***************************************************************************************************************************************************
2026-03-10 02:52:32,256 p=72208 u=root n=ansible | ok: [slurm-hn] => (item=/etc/munge)
2026-03-10 02:52:32,416 p=72208 u=root n=ansible | ok: [slurm-wn2] => (item=/etc/munge)
2026-03-10 02:52:32,566 p=72208 u=root n=ansible | ok: [slurm-hn] => (item=/var/log/munge)
2026-03-10 02:52:32,862 p=72208 u=root n=ansible | ok: [slurm-wn2] => (item=/var/log/munge)
2026-03-10 02:52:32,892 p=72208 u=root n=ansible | ok: [slurm-hn] => (item=/var/lib/munge)
2026-03-10 02:52:33,362 p=72208 u=root n=ansible | changed: [slurm-wn2] => (item=/var/lib/munge)
2026-03-10 02:52:33,389 p=72208 u=root n=ansible | ok: [slurm-wn1] => (item=/etc/munge)
2026-03-10 02:52:33,905 p=72208 u=root n=ansible | ok: [slurm-wn1] => (item=/var/log/munge)
2026-03-10 02:52:34,416 p=72208 u=root n=ansible | ok: [slurm-wn1] => (item=/var/lib/munge)
2026-03-10 02:52:34,430 p=72208 u=root n=ansible | TASK [common : Crear directorios de Slurm] ***************************************************************************************************************************************************
2026-03-10 02:52:34,764 p=72208 u=root n=ansible | ok: [slurm-hn] => (item=/var/log/slurm-llnl)
2026-03-10 02:52:34,965 p=72208 u=root n=ansible | ok: [slurm-wn1] => (item=/var/log/slurm-llnl)
2026-03-10 02:52:35,009 p=72208 u=root n=ansible | changed: [slurm-wn2] => (item=/var/log/slurm-llnl)
2026-03-10 02:52:35,079 p=72208 u=root n=ansible | ok: [slurm-hn] => (item=/var/lib/slurm-llnl)
2026-03-10 02:52:35,379 p=72208 u=root n=ansible | ok: [slurm-hn] => (item=/var/lib/slurm/slurmd)
2026-03-10 02:52:35,486 p=72208 u=root n=ansible | ok: [slurm-wn1] => (item=/var/lib/slurm-llnl)
2026-03-10 02:52:35,515 p=72208 u=root n=ansible | changed: [slurm-wn2] => (item=/var/lib/slurm-llnl)
2026-03-10 02:52:35,696 p=72208 u=root n=ansible | ok: [slurm-hn] => (item=/var/lib/slurm/slurmctld)
2026-03-10 02:52:35,992 p=72208 u=root n=ansible | ok: [slurm-wn1] => (item=/var/lib/slurm/slurmd)
2026-03-10 02:52:36,005 p=72208 u=root n=ansible | ok: [slurm-hn] => (item=/etc/slurm-llnl)
2026-03-10 02:52:36,012 p=72208 u=root n=ansible | ok: [slurm-wn2] => (item=/var/lib/slurm/slurmd)
2026-03-10 02:52:36,497 p=72208 u=root n=ansible | ok: [slurm-wn1] => (item=/var/lib/slurm/slurmctld)
2026-03-10 02:52:36,520 p=72208 u=root n=ansible | ok: [slurm-wn2] => (item=/var/lib/slurm/slurmctld)
2026-03-10 02:52:37,008 p=72208 u=root n=ansible | ok: [slurm-wn1] => (item=/etc/slurm-llnl)
2026-03-10 02:52:37,024 p=72208 u=root n=ansible | changed: [slurm-wn2] => (item=/etc/slurm-llnl)
2026-03-10 02:52:37,037 p=72208 u=root n=ansible | TASK [common : Distribuir archivo slurm.conf] ************************************************************************************************************************************************
2026-03-10 02:52:37,700 p=72208 u=root n=ansible | ok: [slurm-hn]
2026-03-10 02:52:38,064 p=72208 u=root n=ansible | ok: [slurm-wn1]
2026-03-10 02:52:38,243 p=72208 u=root n=ansible | changed: [slurm-wn2]
2026-03-10 02:52:38,255 p=72208 u=root n=ansible | TASK [common : Detener munge inicialmente] ***************************************************************************************************************************************************
2026-03-10 02:52:39,172 p=72208 u=root n=ansible | ok: [slurm-hn]
2026-03-10 02:52:39,326 p=72208 u=root n=ansible | changed: [slurm-wn2]
2026-03-10 02:52:39,347 p=72208 u=root n=ansible | ok: [slurm-wn1]
2026-03-10 02:52:39,372 p=72208 u=root n=ansible | TASK [firewall : Configurar reglas de NFTables] **********************************************************************************************************************************************
2026-03-10 02:52:40,033 p=72208 u=root n=ansible | changed: [slurm-hn]
2026-03-10 02:52:40,413 p=72208 u=root n=ansible | changed: [slurm-wn2]
2026-03-10 02:52:40,416 p=72208 u=root n=ansible | changed: [slurm-wn1]
2026-03-10 02:52:40,427 p=72208 u=root n=ansible | TASK [firewall : Habilitar servicio NFTables] ************************************************************************************************************************************************
2026-03-10 02:52:41,023 p=72208 u=root n=ansible | ok: [slurm-hn]
2026-03-10 02:52:41,252 p=72208 u=root n=ansible | ok: [slurm-wn1]
2026-03-10 02:52:41,883 p=72208 u=root n=ansible | changed: [slurm-wn2]
2026-03-10 02:52:41,909 p=72208 u=root n=ansible | TASK [ldap : Configurar SSSD para LDAP] ******************************************************************************************************************************************************
2026-03-10 02:52:42,583 p=72208 u=root n=ansible | ok: [slurm-hn]
2026-03-10 02:52:42,901 p=72208 u=root n=ansible | ok: [slurm-wn1]
2026-03-10 02:52:42,959 p=72208 u=root n=ansible | changed: [slurm-wn2]
2026-03-10 02:52:42,972 p=72208 u=root n=ansible | TASK [ldap : Habilitar servicio SSSD] ********************************************************************************************************************************************************
2026-03-10 02:52:43,564 p=72208 u=root n=ansible | ok: [slurm-hn]
2026-03-10 02:52:43,789 p=72208 u=root n=ansible | ok: [slurm-wn1]
2026-03-10 02:52:44,133 p=72208 u=root n=ansible | changed: [slurm-wn2]
2026-03-10 02:52:44,187 p=72208 u=root n=ansible | RUNNING HANDLER [firewall : Reiniciar nftables] **********************************************************************************************************************************************
2026-03-10 02:52:44,822 p=72208 u=root n=ansible | changed: [slurm-hn]
2026-03-10 02:52:44,984 p=72208 u=root n=ansible | changed: [slurm-wn2]
2026-03-10 02:52:45,078 p=72208 u=root n=ansible | changed: [slurm-wn1]
2026-03-10 02:52:45,091 p=72208 u=root n=ansible | TASK [Mensaje final de configuracion general] ************************************************************************************************************************************************
2026-03-10 02:52:45,126 p=72208 u=root n=ansible | ok: [slurm-hn] => {
    "msg": [
        "=========================================",
        "Configuracion General Completada",
        "========================================="
    ]
}
2026-03-10 02:52:45,132 p=72208 u=root n=ansible | ok: [slurm-wn1] => {
    "msg": [
        "=========================================",
        "Configuracion General Completada",
        "========================================="
    ]
}
2026-03-10 02:52:46,118 p=72208 u=root n=ansible | TASK [Mensaje final de configuracion general] ************************************************************************************************************************************************
2026-03-10 02:52:46,119 p=72208 u=root n=ansible | changed: [slurm-wn2]
2026-03-10 02:52:46,140 p=72208 u=root n=ansible | TASK [Mensaje final de configuracion general] ************************************************************************************************************************************************
2026-03-10 02:52:46,172 p=72208 u=root n=ansible | ok: [slurm-wn2] => {
    "msg": [
        "=========================================",
        "Configuracion General Completada",
        "========================================="
    ]
}
2026-03-10 02:52:46,209 p=72208 u=root n=ansible | PLAY [Resumen] *******************************************************************************************************************************************************************************
2026-03-10 02:52:46,215 p=72208 u=root n=ansible | TASK [Display deployment summary] ************************************************************************************************************************************************************
2026-03-10 02:52:46,240 p=72208 u=root n=ansible | ok: [localhost] => {
    "msg": [
        "",
        "=========================================",
        "Cluster SLURM configurado",
        "=========================================",
        ""
    ]
}
2026-03-10 02:52:46,249 p=72208 u=root n=ansible | PLAY RECAP ***********************************************************************************************************************************************************************************
2026-03-10 02:52:46,249 p=72208 u=root n=ansible | localhost                  : ok=1    changed=0    unreachable=0    failed=0    skipped=0    rescued=0    ignored=0   
2026-03-10 02:52:46,249 p=72208 u=root n=ansible | slurm-hn                   : ok=18   changed=2    unreachable=0    failed=0    skipped=1    rescued=0    ignored=1   
2026-03-10 02:52:46,250 p=72208 u=root n=ansible | slurm-wn1                  : ok=18   changed=2    unreachable=0    failed=0    skipped=1    rescued=0    ignored=1   
2026-03-10 02:52:46,250 p=72208 u=root n=ansible | slurm-wn2                  : ok=19   changed=11   unreachable=0    failed=0    skipped=1    rescued=0    ignored=1   
2026-03-10 02:54:00,438 p=73910 u=root n=ansible | PLAY [Configuraciones especificas del Headnode] **********************************************************************************************************************************************
2026-03-10 02:54:00,458 p=73910 u=root n=ansible | TASK [Gathering Facts] ***********************************************************************************************************************************************************************
2026-03-10 02:54:02,040 p=73910 u=root n=ansible | ok: [slurm-hn]
2026-03-10 02:54:02,059 p=73910 u=root n=ansible | TASK [munge : Configurar Munge en headnode] **************************************************************************************************************************************************
2026-03-10 02:54:02,101 p=73910 u=root n=ansible | included: /root/ansible-cluster-slurm/roles/munge/tasks/headnode.yml for slurm-hn
2026-03-10 02:54:02,109 p=73910 u=root n=ansible | TASK [munge : Generar llave Munge] ***********************************************************************************************************************************************************
2026-03-10 02:54:02,570 p=73910 u=root n=ansible | ok: [slurm-hn]
2026-03-10 02:54:02,580 p=73910 u=root n=ansible | TASK [munge : Asegurar permisos estrictos de llave Munge] ************************************************************************************************************************************
2026-03-10 02:54:03,059 p=73910 u=root n=ansible | changed: [slurm-hn]
2026-03-10 02:54:03,068 p=73910 u=root n=ansible | TASK [munge : Descargar llave Munge al controlador] ******************************************************************************************************************************************
2026-03-10 02:54:03,089 p=73910 u=root n=ansible | skipping: [slurm-hn]
2026-03-10 02:54:03,097 p=73910 u=root n=ansible | TASK [munge : Crear directorio de backup] ****************************************************************************************************************************************************
2026-03-10 02:54:03,426 p=73910 u=root n=ansible | changed: [slurm-hn]
2026-03-10 02:54:03,435 p=73910 u=root n=ansible | TASK [munge : Backup de munge.key] ***********************************************************************************************************************************************************
2026-03-10 02:54:03,916 p=73910 u=root n=ansible | fatal: [slurm-hn]: FAILED! => {"changed": false, "msg": "Destination directory /root/backups does not exist"}
2026-03-10 02:54:03,919 p=73910 u=root n=ansible | PLAY RECAP ***********************************************************************************************************************************************************************************
2026-03-10 02:54:03,920 p=73910 u=root n=ansible | slurm-hn                   : ok=5    changed=2    unreachable=0    failed=1    skipped=1    rescued=0    ignored=0   
2026-03-10 18:01:31,624 p=77179 u=root n=ansible | PLAY [Configuraciones especificas del Headnode] **********************************************************************************************************************************************
2026-03-10 18:01:31,646 p=77179 u=root n=ansible | TASK [Gathering Facts] ***********************************************************************************************************************************************************************
2026-03-10 18:01:33,264 p=77179 u=root n=ansible | ok: [slurm-hn]
2026-03-10 18:01:33,283 p=77179 u=root n=ansible | TASK [munge : Configurar Munge en headnode] **************************************************************************************************************************************************
2026-03-10 18:01:33,322 p=77179 u=root n=ansible | included: /root/ansible-cluster-slurm/roles/munge/tasks/headnode.yml for slurm-hn
2026-03-10 18:01:33,330 p=77179 u=root n=ansible | TASK [munge : Generar llave Munge] ***********************************************************************************************************************************************************
2026-03-10 18:01:33,785 p=77179 u=root n=ansible | ok: [slurm-hn]
2026-03-10 18:01:33,795 p=77179 u=root n=ansible | TASK [munge : Asegurar permisos estrictos de llave Munge] ************************************************************************************************************************************
2026-03-10 18:01:34,274 p=77179 u=root n=ansible | changed: [slurm-hn]
2026-03-10 18:01:34,285 p=77179 u=root n=ansible | TASK [munge : Descargar llave Munge al controlador] ******************************************************************************************************************************************
2026-03-10 18:01:34,735 p=77179 u=root n=ansible | changed: [slurm-hn]
2026-03-10 18:01:34,744 p=77179 u=root n=ansible | TASK [munge : Crear directorio de backup] ****************************************************************************************************************************************************
2026-03-10 18:01:35,088 p=77179 u=root n=ansible | changed: [slurm-hn]
2026-03-10 18:01:35,097 p=77179 u=root n=ansible | TASK [munge : Backup de munge.key] ***********************************************************************************************************************************************************
2026-03-10 18:01:35,567 p=77179 u=root n=ansible | changed: [slurm-hn]
2026-03-10 18:01:35,580 p=77179 u=root n=ansible | TASK [munge : Iniciar servicio Munge] ********************************************************************************************************************************************************
2026-03-10 18:01:36,583 p=77179 u=root n=ansible | changed: [slurm-hn]
2026-03-10 18:01:36,592 p=77179 u=root n=ansible | TASK [munge : Configurar Munge en workers] ***************************************************************************************************************************************************
2026-03-10 18:01:36,614 p=77179 u=root n=ansible | skipping: [slurm-hn]
2026-03-10 18:01:36,623 p=77179 u=root n=ansible | TASK [munge : Verificar que el socket de Munge esté disponible] ******************************************************************************************************************************
2026-03-10 18:01:37,083 p=77179 u=root n=ansible | ok: [slurm-hn]
2026-03-10 18:01:37,092 p=77179 u=root n=ansible | TASK [munge : Verificar que Munge responda correctamente] ************************************************************************************************************************************
2026-03-10 18:01:38,437 p=77179 u=root n=ansible | ok: [slurm-hn]
2026-03-10 18:01:38,453 p=77179 u=root n=ansible | TASK [chrony_server : Asegurar que Chrony use pools de Sudamérica] ***************************************************************************************************************************
2026-03-10 18:01:38,937 p=77179 u=root n=ansible | changed: [slurm-hn]
2026-03-10 18:01:38,949 p=77179 u=root n=ansible | TASK [chrony_server : Permitir sincronización a la red interna] ******************************************************************************************************************************
2026-03-10 18:01:39,279 p=77179 u=root n=ansible | changed: [slurm-hn]
2026-03-10 18:01:39,289 p=77179 u=root n=ansible | TASK [chrony_server : Forzar al Headnode a ser autoritativo (Local Stratum)] *****************************************************************************************************************
2026-03-10 18:01:39,617 p=77179 u=root n=ansible | changed: [slurm-hn]
2026-03-10 18:01:39,632 p=77179 u=root n=ansible | TASK [ldap_server : Pre-configurar contrasenas de slapd (debconf)] ***************************************************************************************************************************
2026-03-10 18:01:40,439 p=77179 u=root n=ansible | changed: [slurm-hn] => (item={'question': 'slapd/root_password'})
2026-03-10 18:01:41,030 p=77179 u=root n=ansible | changed: [slurm-hn] => (item={'question': 'slapd/root_password_again'})
2026-03-10 18:01:41,042 p=77179 u=root n=ansible | TASK [ldap_server : Instalar paquetes de OpenLDAP] *******************************************************************************************************************************************
2026-03-10 18:01:52,585 p=77179 u=root n=ansible | changed: [slurm-hn]
2026-03-10 18:01:52,596 p=77179 u=root n=ansible | TASK [ldap_server : Asegurar que slapd este iniciado y habilitado] ***************************************************************************************************************************
2026-03-10 18:01:53,196 p=77179 u=root n=ansible | ok: [slurm-hn]
2026-03-10 18:01:53,207 p=77179 u=root n=ansible | TASK [ldap_server : Crear unidades organizativas base (People y Group)] **********************************************************************************************************************
2026-03-10 18:01:53,754 p=77179 u=root n=ansible | An exception occurred during task execution. To see the full traceback, use -vvv. The error was: ldap.INVALID_CREDENTIALS: {'msgtype': 97, 'msgid': 1, 'result': 49, 'desc': 'Invalid credentials', 'ctrls': []}
2026-03-10 18:01:53,755 p=77179 u=root n=ansible | failed: [slurm-hn] (item={'dn': 'ou=People,dc=cluster,dc=local', 'objectClass': ['top', 'organizationalUnit']}) => {"ansible_loop_var": "item", "changed": false, "details": "{'msgtype': 97, 'msgid': 1, 'result': 49, 'desc': 'Invalid credentials', 'ctrls': []}", "item": {"dn": "ou=People,dc=cluster,dc=local", "objectClass": ["top", "organizationalUnit"]}, "msg": "Cannot bind to the server."}
2026-03-10 18:01:54,151 p=77179 u=root n=ansible | An exception occurred during task execution. To see the full traceback, use -vvv. The error was: ldap.INVALID_CREDENTIALS: {'msgtype': 97, 'msgid': 1, 'result': 49, 'desc': 'Invalid credentials', 'ctrls': []}
2026-03-10 18:01:54,151 p=77179 u=root n=ansible | failed: [slurm-hn] (item={'dn': 'ou=Group,dc=cluster,dc=local', 'objectClass': ['top', 'organizationalUnit']}) => {"ansible_loop_var": "item", "changed": false, "details": "{'msgtype': 97, 'msgid': 1, 'result': 49, 'desc': 'Invalid credentials', 'ctrls': []}", "item": {"dn": "ou=Group,dc=cluster,dc=local", "objectClass": ["top", "organizationalUnit"]}, "msg": "Cannot bind to the server."}
2026-03-10 18:01:54,156 p=77179 u=root n=ansible | PLAY RECAP ***********************************************************************************************************************************************************************************
2026-03-10 18:01:54,156 p=77179 u=root n=ansible | slurm-hn                   : ok=16   changed=10   unreachable=0    failed=1    skipped=1    rescued=0    ignored=0   
2026-03-10 18:07:56,016 p=78103 u=root n=ansible | PLAY [Configuraciones especificas del Headnode] **********************************************************************************************************************************************
2026-03-10 18:07:56,035 p=78103 u=root n=ansible | TASK [Gathering Facts] ***********************************************************************************************************************************************************************
2026-03-10 18:07:57,613 p=78103 u=root n=ansible | ok: [slurm-hn]
2026-03-10 18:07:57,633 p=78103 u=root n=ansible | TASK [munge : Configurar Munge en headnode] **************************************************************************************************************************************************
2026-03-10 18:07:57,671 p=78103 u=root n=ansible | included: /root/ansible-cluster-slurm/roles/munge/tasks/headnode.yml for slurm-hn
2026-03-10 18:07:57,678 p=78103 u=root n=ansible | TASK [munge : Generar llave Munge] ***********************************************************************************************************************************************************
2026-03-10 18:07:58,138 p=78103 u=root n=ansible | ok: [slurm-hn]
2026-03-10 18:07:58,149 p=78103 u=root n=ansible | TASK [munge : Asegurar permisos estrictos de llave Munge] ************************************************************************************************************************************
2026-03-10 18:07:58,626 p=78103 u=root n=ansible | ok: [slurm-hn]
2026-03-10 18:07:58,638 p=78103 u=root n=ansible | TASK [munge : Descargar llave Munge al controlador] ******************************************************************************************************************************************
2026-03-10 18:07:59,087 p=78103 u=root n=ansible | ok: [slurm-hn]
2026-03-10 18:07:59,098 p=78103 u=root n=ansible | TASK [munge : Crear directorio de backup] ****************************************************************************************************************************************************
2026-03-10 18:07:59,434 p=78103 u=root n=ansible | ok: [slurm-hn]
2026-03-10 18:07:59,446 p=78103 u=root n=ansible | TASK [munge : Backup de munge.key] ***********************************************************************************************************************************************************
2026-03-10 18:07:59,925 p=78103 u=root n=ansible | ok: [slurm-hn]
2026-03-10 18:07:59,938 p=78103 u=root n=ansible | TASK [munge : Iniciar servicio Munge] ********************************************************************************************************************************************************
2026-03-10 18:08:00,881 p=78103 u=root n=ansible | ok: [slurm-hn]
2026-03-10 18:08:00,888 p=78103 u=root n=ansible | TASK [munge : Configurar Munge en workers] ***************************************************************************************************************************************************
2026-03-10 18:08:00,910 p=78103 u=root n=ansible | skipping: [slurm-hn]
2026-03-10 18:08:00,919 p=78103 u=root n=ansible | TASK [munge : Verificar que el socket de Munge esté disponible] ******************************************************************************************************************************
2026-03-10 18:08:01,388 p=78103 u=root n=ansible | ok: [slurm-hn]
2026-03-10 18:08:01,396 p=78103 u=root n=ansible | TASK [munge : Verificar que Munge responda correctamente] ************************************************************************************************************************************
2026-03-10 18:08:01,732 p=78103 u=root n=ansible | ok: [slurm-hn]
2026-03-10 18:08:01,748 p=78103 u=root n=ansible | TASK [chrony_server : Asegurar que Chrony use pools de Sudamérica] ***************************************************************************************************************************
2026-03-10 18:08:02,223 p=78103 u=root n=ansible | ok: [slurm-hn]
2026-03-10 18:08:02,234 p=78103 u=root n=ansible | TASK [chrony_server : Permitir sincronización a la red interna] ******************************************************************************************************************************
2026-03-10 18:08:02,563 p=78103 u=root n=ansible | ok: [slurm-hn]
2026-03-10 18:08:02,572 p=78103 u=root n=ansible | TASK [chrony_server : Forzar al Headnode a ser autoritativo (Local Stratum)] *****************************************************************************************************************
2026-03-10 18:08:02,897 p=78103 u=root n=ansible | ok: [slurm-hn]
2026-03-10 18:08:02,912 p=78103 u=root n=ansible | TASK [ldap_server : Pre-configurar contrasenas de slapd (debconf)] ***************************************************************************************************************************
2026-03-10 18:08:03,538 p=78103 u=root n=ansible | failed: [slurm-hn] (item={'question': 'slapd/root_password'}) => {"ansible_loop_var": "item", "changed": false, "item": {"question": "slapd/root_password"}, "msg": "Failed to find required executable \"debconf-get-selections\" in paths: /usr/local/sbin:/usr/local/bin:/usr/sbin:/usr/bin:/sbin:/bin:/snap/bin"}
2026-03-10 18:08:03,988 p=78103 u=root n=ansible | failed: [slurm-hn] (item={'question': 'slapd/root_password_again'}) => {"ansible_loop_var": "item", "changed": false, "item": {"question": "slapd/root_password_again"}, "msg": "Failed to find required executable \"debconf-get-selections\" in paths: /usr/local/sbin:/usr/local/bin:/usr/sbin:/usr/bin:/sbin:/bin:/snap/bin"}
2026-03-10 18:08:03,992 p=78103 u=root n=ansible | PLAY RECAP ***********************************************************************************************************************************************************************************
2026-03-10 18:08:03,993 p=78103 u=root n=ansible | slurm-hn                   : ok=13   changed=0    unreachable=0    failed=1    skipped=1    rescued=0    ignored=0   
2026-03-10 18:14:35,568 p=78616 u=root n=ansible | PLAY [Configuraciones especificas del Headnode] **********************************************************************************************************************************************
2026-03-10 18:14:35,579 p=78616 u=root n=ansible | TASK [Gathering Facts] ***********************************************************************************************************************************************************************
2026-03-10 18:14:37,117 p=78616 u=root n=ansible | ok: [slurm-hn]
2026-03-10 18:14:37,136 p=78616 u=root n=ansible | TASK [ldap_server : Instalar utilidades de debconf] ******************************************************************************************************************************************
2026-03-10 18:14:47,303 p=78616 u=root n=ansible | changed: [slurm-hn]
2026-03-10 18:14:47,314 p=78616 u=root n=ansible | TASK [ldap_server : Pre-configurar contrasenas de slapd (debconf)] ***************************************************************************************************************************
2026-03-10 18:14:48,250 p=78616 u=root n=ansible | changed: [slurm-hn] => (item={'question': 'slapd/root_password'})
2026-03-10 18:14:49,056 p=78616 u=root n=ansible | changed: [slurm-hn] => (item={'question': 'slapd/root_password_again'})
2026-03-10 18:14:49,066 p=78616 u=root n=ansible | TASK [ldap_server : Instalar paquetes de OpenLDAP] *******************************************************************************************************************************************
2026-03-10 18:14:50,155 p=78616 u=root n=ansible | ok: [slurm-hn]
2026-03-10 18:14:50,165 p=78616 u=root n=ansible | TASK [ldap_server : Forzar reconfiguración de slapd con variables de all.yml] ****************************************************************************************************************
2026-03-10 18:14:52,286 p=78616 u=root n=ansible | changed: [slurm-hn]
2026-03-10 18:14:52,304 p=78616 u=root n=ansible | TASK [ldap_server : Asegurar que slapd este iniciado y habilitado] ***************************************************************************************************************************
2026-03-10 18:14:53,213 p=78616 u=root n=ansible | ok: [slurm-hn]
2026-03-10 18:14:53,222 p=78616 u=root n=ansible | TASK [ldap_server : Crear unidades organizativas base (People y Group)] **********************************************************************************************************************
2026-03-10 18:14:53,791 p=78616 u=root n=ansible | An exception occurred during task execution. To see the full traceback, use -vvv. The error was: ldap.INVALID_CREDENTIALS: {'msgtype': 97, 'msgid': 1, 'result': 49, 'desc': 'Invalid credentials', 'ctrls': []}
2026-03-10 18:14:53,792 p=78616 u=root n=ansible | failed: [slurm-hn] (item={'dn': 'ou=People,dc=cluster,dc=local', 'objectClass': ['top', 'organizationalUnit']}) => {"ansible_loop_var": "item", "changed": false, "details": "{'msgtype': 97, 'msgid': 1, 'result': 49, 'desc': 'Invalid credentials', 'ctrls': []}", "item": {"dn": "ou=People,dc=cluster,dc=local", "objectClass": ["top", "organizationalUnit"]}, "msg": "Cannot bind to the server."}
2026-03-10 18:14:54,178 p=78616 u=root n=ansible | An exception occurred during task execution. To see the full traceback, use -vvv. The error was: ldap.INVALID_CREDENTIALS: {'msgtype': 97, 'msgid': 1, 'result': 49, 'desc': 'Invalid credentials', 'ctrls': []}
2026-03-10 18:14:54,178 p=78616 u=root n=ansible | failed: [slurm-hn] (item={'dn': 'ou=Group,dc=cluster,dc=local', 'objectClass': ['top', 'organizationalUnit']}) => {"ansible_loop_var": "item", "changed": false, "details": "{'msgtype': 97, 'msgid': 1, 'result': 49, 'desc': 'Invalid credentials', 'ctrls': []}", "item": {"dn": "ou=Group,dc=cluster,dc=local", "objectClass": ["top", "organizationalUnit"]}, "msg": "Cannot bind to the server."}
2026-03-10 18:14:54,182 p=78616 u=root n=ansible | PLAY RECAP ***********************************************************************************************************************************************************************************
2026-03-10 18:14:54,183 p=78616 u=root n=ansible | slurm-hn                   : ok=6    changed=3    unreachable=0    failed=1    skipped=0    rescued=0    ignored=0   
2026-03-10 18:33:33,783 p=79344 u=root n=ansible | PLAY [Configuraciones especificas del Headnode] **********************************************************************************************************************************************
2026-03-10 18:33:33,795 p=79344 u=root n=ansible | TASK [Gathering Facts] ***********************************************************************************************************************************************************************
2026-03-10 18:33:35,444 p=79344 u=root n=ansible | ok: [slurm-hn]
2026-03-10 18:33:35,465 p=79344 u=root n=ansible | TASK [ldap_server : Instalar utilidades y paquetes OpenLDAP] *********************************************************************************************************************************
2026-03-10 18:33:36,868 p=79344 u=root n=ansible | ok: [slurm-hn]
2026-03-10 18:33:36,879 p=79344 u=root n=ansible | TASK [ldap_server : Detener slapd para configuración manual] *********************************************************************************************************************************
2026-03-10 18:33:37,850 p=79344 u=root n=ansible | changed: [slurm-hn]
2026-03-10 18:33:37,863 p=79344 u=root n=ansible | TASK [ldap_server : Limpiar configuración antigua de LDAP] ***********************************************************************************************************************************
2026-03-10 18:33:38,354 p=79344 u=root n=ansible | changed: [slurm-hn]
2026-03-10 18:33:38,366 p=79344 u=root n=ansible | TASK [ldap_server : Generar configuración base (LDIF)] ***************************************************************************************************************************************
2026-03-10 18:33:39,323 p=79344 u=root n=ansible | changed: [slurm-hn]
2026-03-10 18:33:39,335 p=79344 u=root n=ansible | TASK [ldap_server : Reconfigurar slapd mediante dpkg (ahora sí con directorios limpios)] *****************************************************************************************************
2026-03-10 18:33:40,955 p=79344 u=root n=ansible | changed: [slurm-hn]
2026-03-10 18:33:40,963 p=79344 u=root n=ansible | TASK [ldap_server : Asegurar que slapd esté iniciado] ****************************************************************************************************************************************
2026-03-10 18:33:41,563 p=79344 u=root n=ansible | ok: [slurm-hn]
2026-03-10 18:33:41,573 p=79344 u=root n=ansible | TASK [ldap_server : Crear unidades organizativas base (People y Group)] **********************************************************************************************************************
2026-03-10 18:33:42,160 p=79344 u=root n=ansible | An exception occurred during task execution. To see the full traceback, use -vvv. The error was: ldap.INVALID_CREDENTIALS: {'msgtype': 97, 'msgid': 1, 'result': 49, 'desc': 'Invalid credentials', 'ctrls': []}
2026-03-10 18:33:42,161 p=79344 u=root n=ansible | failed: [slurm-hn] (item={'dn': 'ou=People,dc=cluster,dc=local', 'objectClass': ['top', 'organizationalUnit']}) => {"ansible_loop_var": "item", "changed": false, "details": "{'msgtype': 97, 'msgid': 1, 'result': 49, 'desc': 'Invalid credentials', 'ctrls': []}", "item": {"dn": "ou=People,dc=cluster,dc=local", "objectClass": ["top", "organizationalUnit"]}, "msg": "Cannot bind to the server."}
2026-03-10 18:33:42,539 p=79344 u=root n=ansible | An exception occurred during task execution. To see the full traceback, use -vvv. The error was: ldap.INVALID_CREDENTIALS: {'msgtype': 97, 'msgid': 1, 'result': 49, 'desc': 'Invalid credentials', 'ctrls': []}
2026-03-10 18:33:42,539 p=79344 u=root n=ansible | failed: [slurm-hn] (item={'dn': 'ou=Group,dc=cluster,dc=local', 'objectClass': ['top', 'organizationalUnit']}) => {"ansible_loop_var": "item", "changed": false, "details": "{'msgtype': 97, 'msgid': 1, 'result': 49, 'desc': 'Invalid credentials', 'ctrls': []}", "item": {"dn": "ou=Group,dc=cluster,dc=local", "objectClass": ["top", "organizationalUnit"]}, "msg": "Cannot bind to the server."}
2026-03-10 18:33:42,545 p=79344 u=root n=ansible | PLAY RECAP ***********************************************************************************************************************************************************************************
2026-03-10 18:33:42,545 p=79344 u=root n=ansible | slurm-hn                   : ok=7    changed=4    unreachable=0    failed=1    skipped=0    rescued=0    ignored=0   
2026-03-10 18:37:12,966 p=79863 u=root n=ansible | PLAY [Configuraciones especificas del Headnode] **********************************************************************************************************************************************
2026-03-10 18:37:12,977 p=79863 u=root n=ansible | TASK [Gathering Facts] ***********************************************************************************************************************************************************************
2026-03-10 18:37:14,622 p=79863 u=root n=ansible | ok: [slurm-hn]
2026-03-10 18:37:14,643 p=79863 u=root n=ansible | TASK [ldap_server : Instalar utilidades y paquetes OpenLDAP] *********************************************************************************************************************************
2026-03-10 18:37:16,107 p=79863 u=root n=ansible | ok: [slurm-hn]
2026-03-10 18:37:16,116 p=79863 u=root n=ansible | TASK [ldap_server : Detener slapd para configuración manual] *********************************************************************************************************************************
2026-03-10 18:37:17,043 p=79863 u=root n=ansible | changed: [slurm-hn]
2026-03-10 18:37:17,053 p=79863 u=root n=ansible | TASK [ldap_server : Limpiar configuración antigua de LDAP] ***********************************************************************************************************************************
2026-03-10 18:37:17,533 p=79863 u=root n=ansible | changed: [slurm-hn]
2026-03-10 18:37:17,545 p=79863 u=root n=ansible | TASK [ldap_server : Generar configuración base (LDIF)] ***************************************************************************************************************************************
2026-03-10 18:37:18,496 p=79863 u=root n=ansible | ok: [slurm-hn]
2026-03-10 18:37:18,505 p=79863 u=root n=ansible | TASK [ldap_server : Reconfigurar slapd mediante dpkg (ahora sí con directorios limpios)] *****************************************************************************************************
2026-03-10 18:37:20,220 p=79863 u=root n=ansible | changed: [slurm-hn]
2026-03-10 18:37:20,231 p=79863 u=root n=ansible | TASK [ldap_server : Asegurar que slapd esté iniciado] ****************************************************************************************************************************************
2026-03-10 18:37:20,865 p=79863 u=root n=ansible | ok: [slurm-hn]
2026-03-10 18:37:20,875 p=79863 u=root n=ansible | TASK [ldap_server : Forzar reseteo de contraseña de admin (Manual Override)] *****************************************************************************************************************
2026-03-10 18:37:21,230 p=79863 u=root n=ansible | fatal: [slurm-hn]: FAILED! => {"changed": true, "cmd": "# Usamos ldappasswd con EXTERNAL para no necesitar la clave vieja\nldappasswd -Q -Y EXTERNAL -H ldapi:/// \"cn=admin,dc=cluster,dc=local\" -s \"admin_password\"\n", "delta": "0:00:00.018532", "end": "2026-03-10 18:37:21.193594", "msg": "non-zero return code", "rc": 1, "start": "2026-03-10 18:37:21.175062", "stderr": "", "stderr_lines": [], "stdout": "Result: No such object (32)", "stdout_lines": ["Result: No such object (32)"]}
2026-03-10 18:37:21,233 p=79863 u=root n=ansible | PLAY RECAP ***********************************************************************************************************************************************************************************
2026-03-10 18:37:21,233 p=79863 u=root n=ansible | slurm-hn                   : ok=7    changed=3    unreachable=0    failed=1    skipped=0    rescued=0    ignored=0   
2026-03-10 18:48:19,861 p=80386 u=root n=ansible | PLAY [Configuraciones especificas del Headnode] **********************************************************************************************************************************************
2026-03-10 18:48:19,873 p=80386 u=root n=ansible | TASK [Gathering Facts] ***********************************************************************************************************************************************************************
2026-03-10 18:48:21,430 p=80386 u=root n=ansible | ok: [slurm-hn]
2026-03-10 18:48:21,450 p=80386 u=root n=ansible | TASK [ldap_server : Instalar utilidades y paquetes OpenLDAP] *********************************************************************************************************************************
2026-03-10 18:48:22,822 p=80386 u=root n=ansible | ok: [slurm-hn]
2026-03-10 18:48:22,833 p=80386 u=root n=ansible | TASK [ldap_server : Detener slapd para configuración manual] *********************************************************************************************************************************
2026-03-10 18:48:23,723 p=80386 u=root n=ansible | changed: [slurm-hn]
2026-03-10 18:48:23,733 p=80386 u=root n=ansible | TASK [ldap_server : Limpiar directorios de LDAP] *********************************************************************************************************************************************
2026-03-10 18:48:24,181 p=80386 u=root n=ansible | changed: [slurm-hn]
2026-03-10 18:48:24,189 p=80386 u=root n=ansible | TASK [ldap_server : Configurar debconf para el dominio] **************************************************************************************************************************************
2026-03-10 18:48:25,781 p=80386 u=root n=ansible | changed: [slurm-hn]
2026-03-10 18:48:25,789 p=80386 u=root n=ansible | TASK [ldap_server : Detener slapd de nuevo (dpkg lo inicia solo)] ****************************************************************************************************************************
2026-03-10 18:48:26,423 p=80386 u=root n=ansible | changed: [slurm-hn]
2026-03-10 18:48:26,430 p=80386 u=root n=ansible | TASK [ldap_server : Crear archivo LDIF de emergencia para estructura completa] ***************************************************************************************************************
2026-03-10 18:48:27,244 p=80386 u=root n=ansible | changed: [slurm-hn]
2026-03-10 18:48:27,254 p=80386 u=root n=ansible | TASK [ldap_server : Inyectar estructura directamente a la base de datos (Offline)] ***********************************************************************************************************
2026-03-10 18:48:27,616 p=80386 u=root n=ansible | [WARNING]: Module remote_tmp /var/lib/ldap/.ansible/tmp did not exist and was created with a mode of 0700, this may cause issues when running as another user. To avoid this, create the
remote_tmp dir with the correct permissions manually

2026-03-10 18:48:27,617 p=80386 u=root n=ansible | fatal: [slurm-hn]: FAILED! => {"changed": true, "cmd": "slapadd -F /etc/ldap/slapd.d -l /tmp/full_structure.ldif", "delta": "0:00:00.030383", "end": "2026-03-10 18:48:27.576881", "msg": "non-zero return code", "rc": 1, "start": "2026-03-10 18:48:27.546498", "stderr": "mdb_id2entry_put: mdb_put failed: MDB_KEYEXIST: Key/data pair already exists(-30799) \"dc=cluster,dc=local\"\n=> mdb_tool_entry_put: id2entry_add failed: err=-30799\n=> mdb_tool_entry_put: txn_aborted! MDB_KEYEXIST: Key/data pair already exists (-30799)\nslapadd: could not add entry dn=\"dc=cluster,dc=local\" (line=1): txn_aborted! MDB_KEYEXIST: Key/data pair already exists (-30799)", "stderr_lines": ["mdb_id2entry_put: mdb_put failed: MDB_KEYEXIST: Key/data pair already exists(-30799) \"dc=cluster,dc=local\"", "=> mdb_tool_entry_put: id2entry_add failed: err=-30799", "=> mdb_tool_entry_put: txn_aborted! MDB_KEYEXIST: Key/data pair already exists (-30799)", "slapadd: could not add entry dn=\"dc=cluster,dc=local\" (line=1): txn_aborted! MDB_KEYEXIST: Key/data pair already exists (-30799)"], "stdout": "", "stdout_lines": []}
2026-03-10 18:48:27,619 p=80386 u=root n=ansible | PLAY RECAP ***********************************************************************************************************************************************************************************
2026-03-10 18:48:27,619 p=80386 u=root n=ansible | slurm-hn                   : ok=7    changed=5    unreachable=0    failed=1    skipped=0    rescued=0    ignored=0   
2026-03-10 18:51:35,391 p=80927 u=root n=ansible | PLAY [Configuraciones especificas del Headnode] **********************************************************************************************************************************************
2026-03-10 18:51:35,403 p=80927 u=root n=ansible | TASK [Gathering Facts] ***********************************************************************************************************************************************************************
2026-03-10 18:51:36,969 p=80927 u=root n=ansible | ok: [slurm-hn]
2026-03-10 18:51:36,987 p=80927 u=root n=ansible | TASK [ldap_server : Instalar utilidades y paquetes OpenLDAP] *********************************************************************************************************************************
2026-03-10 18:51:38,339 p=80927 u=root n=ansible | ok: [slurm-hn]
2026-03-10 18:51:38,349 p=80927 u=root n=ansible | TASK [ldap_server : Detener slapd para configuración manual] *********************************************************************************************************************************
2026-03-10 18:51:39,169 p=80927 u=root n=ansible | ok: [slurm-hn]
2026-03-10 18:51:39,177 p=80927 u=root n=ansible | TASK [ldap_server : Limpiar directorios de LDAP] *********************************************************************************************************************************************
2026-03-10 18:51:39,625 p=80927 u=root n=ansible | changed: [slurm-hn]
2026-03-10 18:51:39,635 p=80927 u=root n=ansible | TASK [ldap_server : Configurar debconf para el dominio] **************************************************************************************************************************************
2026-03-10 18:51:41,284 p=80927 u=root n=ansible | changed: [slurm-hn]
2026-03-10 18:51:41,297 p=80927 u=root n=ansible | TASK [ldap_server : Detener slapd de nuevo (dpkg lo inicia solo)] ****************************************************************************************************************************
2026-03-10 18:51:41,938 p=80927 u=root n=ansible | changed: [slurm-hn]
2026-03-10 18:51:41,946 p=80927 u=root n=ansible | TASK [ldap_server : Crear archivo LDIF de emergencia para estructura completa] ***************************************************************************************************************
2026-03-10 18:51:42,860 p=80927 u=root n=ansible | ok: [slurm-hn]
2026-03-10 18:51:42,869 p=80927 u=root n=ansible | TASK [ldap_server : Inyectar estructura directamente a la base de datos (Offline)] ***********************************************************************************************************
2026-03-10 18:51:43,226 p=80927 u=root n=ansible | changed: [slurm-hn]
2026-03-10 18:51:43,237 p=80927 u=root n=ansible | TASK [ldap_server : Corregir permisos de la base de datos] ***********************************************************************************************************************************
2026-03-10 18:51:43,555 p=80927 u=root n=ansible | ok: [slurm-hn] => (item=/var/lib/ldap)
2026-03-10 18:51:43,861 p=80927 u=root n=ansible | ok: [slurm-hn] => (item=/etc/ldap/slapd.d)
2026-03-10 18:51:43,873 p=80927 u=root n=ansible | TASK [ldap_server : Iniciar slapd definitivo] ************************************************************************************************************************************************
2026-03-10 18:51:44,499 p=80927 u=root n=ansible | changed: [slurm-hn]
2026-03-10 18:51:44,509 p=80927 u=root n=ansible | TASK [ldap_server : Asegurar Unidades Organizativas (Online)] ********************************************************************************************************************************
2026-03-10 18:51:45,060 p=80927 u=root n=ansible | ok: [slurm-hn] => (item={'dn': 'ou=People,dc=cluster,dc=local', 'objectClass': ['top', 'organizationalUnit']})
2026-03-10 18:51:45,442 p=80927 u=root n=ansible | ok: [slurm-hn] => (item={'dn': 'ou=Group,dc=cluster,dc=local', 'objectClass': ['top', 'organizationalUnit']})
2026-03-10 18:51:45,461 p=80927 u=root n=ansible | TASK [Configurar SSH keys en headnode] *******************************************************************************************************************************************************
2026-03-10 18:51:45,505 p=80927 u=root n=ansible | TASK [ssh_keys : Generar par de llaves ssh RSA para root] ************************************************************************************************************************************
2026-03-10 18:51:46,093 p=80927 u=root n=ansible | ok: [slurm-hn]
2026-03-10 18:51:46,107 p=80927 u=root n=ansible | TASK [ssh_keys : Descargar llave publica SSH de root] ****************************************************************************************************************************************
2026-03-10 18:51:46,567 p=80927 u=root n=ansible | changed: [slurm-hn]
2026-03-10 18:51:46,592 p=80927 u=root n=ansible | TASK [Mensaje final de configuracion del headnode] *******************************************************************************************************************************************
2026-03-10 18:51:46,619 p=80927 u=root n=ansible | ok: [slurm-hn] => {
    "msg": [
        "=========================================",
        "Configuracion del Headnode Completada",
        "========================================="
    ]
}
2026-03-10 18:51:46,635 p=80927 u=root n=ansible | PLAY [Resumen] *******************************************************************************************************************************************************************************
2026-03-10 18:51:46,639 p=80927 u=root n=ansible | TASK [Display deployment summary] ************************************************************************************************************************************************************
2026-03-10 18:51:46,664 p=80927 u=root n=ansible | ok: [localhost] => {
    "msg": [
        "",
        "=========================================",
        "Cluster SLURM configurado",
        "=========================================",
        ""
    ]
}
2026-03-10 18:51:46,671 p=80927 u=root n=ansible | PLAY RECAP ***********************************************************************************************************************************************************************************
2026-03-10 18:51:46,671 p=80927 u=root n=ansible | localhost                  : ok=1    changed=0    unreachable=0    failed=0    skipped=0    rescued=0    ignored=0   
2026-03-10 18:51:46,671 p=80927 u=root n=ansible | slurm-hn                   : ok=14   changed=6    unreachable=0    failed=0    skipped=0    rescued=0    ignored=0   
2026-03-10 18:55:49,943 p=81643 u=root n=ansible | PLAY [Configuraciones especificas del Headnode] **********************************************************************************************************************************************
2026-03-10 18:55:49,953 p=81643 u=root n=ansible | TASK [Gathering Facts] ***********************************************************************************************************************************************************************
2026-03-10 18:55:50,693 p=81643 u=root n=ansible |  [ERROR]: User interrupted execution

2026-03-10 18:55:55,638 p=81685 u=root n=ansible | PLAY [Configuraciones especificas del Headnode] **********************************************************************************************************************************************
2026-03-10 18:55:55,650 p=81685 u=root n=ansible | TASK [Gathering Facts] ***********************************************************************************************************************************************************************
2026-03-10 18:55:57,206 p=81685 u=root n=ansible | ok: [slurm-hn]
2026-03-10 18:55:57,227 p=81685 u=root n=ansible | TASK [nfs_server : Instalar nfs-kernel-server] ***********************************************************************************************************************************************
2026-03-10 18:55:59,706 p=81685 u=root n=ansible | changed: [slurm-hn]
2026-03-10 18:55:59,717 p=81685 u=root n=ansible | TASK [nfs_server : Crear directorios para exportar NFS] **************************************************************************************************************************************
2026-03-10 18:56:00,275 p=81685 u=root n=ansible | changed: [slurm-hn] => (item=/home)
2026-03-10 18:56:00,600 p=81685 u=root n=ansible | changed: [slurm-hn] => (item=/nfs/general)
2026-03-10 18:56:00,934 p=81685 u=root n=ansible | changed: [slurm-hn] => (item=/nfs/privileged)
2026-03-10 18:56:00,947 p=81685 u=root n=ansible | TASK [nfs_server : Configurar exports NFS] ***************************************************************************************************************************************************
2026-03-10 18:56:01,419 p=81685 u=root n=ansible | changed: [slurm-hn]
2026-03-10 18:56:01,428 p=81685 u=root n=ansible | TASK [nfs_server : Aplicar configuración de exports] *****************************************************************************************************************************************
2026-03-10 18:56:01,905 p=81685 u=root n=ansible | skipping: [slurm-hn]
2026-03-10 18:56:01,930 p=81685 u=root n=ansible | RUNNING HANDLER [nfs_server : Reiniciar nfs] *************************************************************************************************************************************************
2026-03-10 18:56:02,774 p=81685 u=root n=ansible | fatal: [slurm-hn]: FAILED! => {"changed": false, "msg": "Could not find the requested service nfs-kernel-server: host"}
2026-03-10 18:56:02,776 p=81685 u=root n=ansible | PLAY RECAP ***********************************************************************************************************************************************************************************
2026-03-10 18:56:02,777 p=81685 u=root n=ansible | slurm-hn                   : ok=4    changed=3    unreachable=0    failed=1    skipped=1    rescued=0    ignored=0   
2026-03-10 18:56:31,465 p=81995 u=root n=ansible | PLAY [Configuraciones especificas del Headnode] **********************************************************************************************************************************************
2026-03-10 18:56:31,475 p=81995 u=root n=ansible | TASK [Gathering Facts] ***********************************************************************************************************************************************************************
2026-03-10 18:56:33,040 p=81995 u=root n=ansible | ok: [slurm-hn]
2026-03-10 18:56:33,063 p=81995 u=root n=ansible | TASK [nfs_server : Instalar nfs-kernel-server] ***********************************************************************************************************************************************
2026-03-10 18:56:49,954 p=81995 u=root n=ansible | changed: [slurm-hn]
2026-03-10 18:56:49,962 p=81995 u=root n=ansible | TASK [nfs_server : Crear directorios para exportar NFS] **************************************************************************************************************************************
2026-03-10 18:56:50,419 p=81995 u=root n=ansible | changed: [slurm-hn] => (item=/home)
2026-03-10 18:56:50,692 p=81995 u=root n=ansible | changed: [slurm-hn] => (item=/nfs/general)
2026-03-10 18:56:51,000 p=81995 u=root n=ansible | changed: [slurm-hn] => (item=/nfs/privileged)
2026-03-10 18:56:51,013 p=81995 u=root n=ansible | TASK [nfs_server : Configurar exports NFS] ***************************************************************************************************************************************************
2026-03-10 18:56:51,939 p=81995 u=root n=ansible | changed: [slurm-hn]
2026-03-10 18:56:51,951 p=81995 u=root n=ansible | TASK [nfs_server : Aplicar configuración de exports] *****************************************************************************************************************************************
2026-03-10 18:56:52,375 p=81995 u=root n=ansible | changed: [slurm-hn]
2026-03-10 18:56:52,400 p=81995 u=root n=ansible | RUNNING HANDLER [nfs_server : Reiniciar nfs] *************************************************************************************************************************************************
2026-03-10 18:56:53,587 p=81995 u=root n=ansible | changed: [slurm-hn]
2026-03-10 18:56:53,596 p=81995 u=root n=ansible | TASK [Mensaje final de configuracion del headnode] *******************************************************************************************************************************************
2026-03-10 18:56:53,622 p=81995 u=root n=ansible | ok: [slurm-hn] => {
    "msg": [
        "=========================================",
        "Configuracion del Headnode Completada",
        "========================================="
    ]
}
2026-03-10 18:56:53,643 p=81995 u=root n=ansible | PLAY [Resumen] *******************************************************************************************************************************************************************************
2026-03-10 18:56:53,647 p=81995 u=root n=ansible | TASK [Display deployment summary] ************************************************************************************************************************************************************
2026-03-10 18:56:53,675 p=81995 u=root n=ansible | ok: [localhost] => {
    "msg": [
        "",
        "=========================================",
        "Cluster SLURM configurado",
        "=========================================",
        ""
    ]
}
2026-03-10 18:56:53,683 p=81995 u=root n=ansible | PLAY RECAP ***********************************************************************************************************************************************************************************
2026-03-10 18:56:53,683 p=81995 u=root n=ansible | localhost                  : ok=1    changed=0    unreachable=0    failed=0    skipped=0    rescued=0    ignored=0   
2026-03-10 18:56:53,683 p=81995 u=root n=ansible | slurm-hn                   : ok=7    changed=5    unreachable=0    failed=0    skipped=0    rescued=0    ignored=0   
2026-03-10 18:57:50,989 p=82782 u=root n=ansible | PLAY [Configuraciones especificas del Headnode] **********************************************************************************************************************************************
2026-03-10 18:57:51,001 p=82782 u=root n=ansible | TASK [Gathering Facts] ***********************************************************************************************************************************************************************
2026-03-10 18:57:52,547 p=82782 u=root n=ansible | ok: [slurm-hn]
2026-03-10 18:57:52,568 p=82782 u=root n=ansible | TASK [mariadb : Instalar mariadb y dependencias] *********************************************************************************************************************************************
2026-03-10 18:58:25,824 p=82782 u=root n=ansible | changed: [slurm-hn]
2026-03-10 18:58:25,835 p=82782 u=root n=ansible | TASK [mariadb : Iniciar servicio MariaDB] ****************************************************************************************************************************************************
2026-03-10 18:58:26,721 p=82782 u=root n=ansible | ok: [slurm-hn]
2026-03-10 18:58:26,730 p=82782 u=root n=ansible | TASK [mariadb : Crear BD para Slurm Accounting] **********************************************************************************************************************************************
2026-03-10 18:58:27,280 p=82782 u=root n=ansible | changed: [slurm-hn]
2026-03-10 18:58:27,289 p=82782 u=root n=ansible | TASK [mariadb : Crear Usuario de Base de Datos y dar permisos] *******************************************************************************************************************************
2026-03-10 18:58:27,882 p=82782 u=root n=ansible | [WARNING]: Option column_case_sensitive is not provided. The default is now false, so the column's name will be uppercased. The default will be changed to true in community.mysql 4.0.0.

2026-03-10 18:58:27,882 p=82782 u=root n=ansible | changed: [slurm-hn]
2026-03-10 18:58:27,893 p=82782 u=root n=ansible | TASK [mariadb : Optimizar MariaDB para Slurm Accounting] *************************************************************************************************************************************
2026-03-10 18:58:28,362 p=82782 u=root n=ansible | changed: [slurm-hn] => (item={'regexp': '^innodb_buffer_pool_size', 'line': 'innodb_buffer_pool_size = 1G'})
2026-03-10 18:58:28,659 p=82782 u=root n=ansible | changed: [slurm-hn] => (item={'regexp': '^innodb_log_file_size', 'line': 'innodb_log_file_size = 64M'})
2026-03-10 18:58:28,960 p=82782 u=root n=ansible | changed: [slurm-hn] => (item={'regexp': '^innodb_lock_wait_timeout', 'line': 'innodb_lock_wait_timeout = 900'})
2026-03-10 18:58:29,273 p=82782 u=root n=ansible | changed: [slurm-hn] => (item={'regexp': '^innodb_flush_log_at_trx_commit', 'line': 'innodb_flush_log_at_trx_commit = 2'})
2026-03-10 18:58:29,306 p=82782 u=root n=ansible | RUNNING HANDLER [mariadb : Reiniciar mariadb] ************************************************************************************************************************************************
2026-03-10 18:58:30,685 p=82782 u=root n=ansible | changed: [slurm-hn]
2026-03-10 18:58:30,694 p=82782 u=root n=ansible | TASK [Mensaje final de configuracion del headnode] *******************************************************************************************************************************************
2026-03-10 18:58:30,718 p=82782 u=root n=ansible | ok: [slurm-hn] => {
    "msg": [
        "=========================================",
        "Configuracion del Headnode Completada",
        "========================================="
    ]
}
2026-03-10 18:58:30,733 p=82782 u=root n=ansible | PLAY [Resumen] *******************************************************************************************************************************************************************************
2026-03-10 18:58:30,738 p=82782 u=root n=ansible | TASK [Display deployment summary] ************************************************************************************************************************************************************
2026-03-10 18:58:30,759 p=82782 u=root n=ansible | ok: [localhost] => {
    "msg": [
        "",
        "=========================================",
        "Cluster SLURM configurado",
        "=========================================",
        ""
    ]
}
2026-03-10 18:58:30,767 p=82782 u=root n=ansible | PLAY RECAP ***********************************************************************************************************************************************************************************
2026-03-10 18:58:30,768 p=82782 u=root n=ansible | localhost                  : ok=1    changed=0    unreachable=0    failed=0    skipped=0    rescued=0    ignored=0   
2026-03-10 18:58:30,768 p=82782 u=root n=ansible | slurm-hn                   : ok=8    changed=5    unreachable=0    failed=0    skipped=0    rescued=0    ignored=0   
2026-03-10 19:03:27,175 p=84413 u=root n=ansible | PLAY [Configuraciones especificas del Headnode] **********************************************************************************************************************************************
2026-03-10 19:03:27,186 p=84413 u=root n=ansible | TASK [Gathering Facts] ***********************************************************************************************************************************************************************
2026-03-10 19:03:28,833 p=84413 u=root n=ansible | ok: [slurm-hn]
2026-03-10 19:03:28,854 p=84413 u=root n=ansible | TASK [slurmdbd : Instalar slurmdbd] **********************************************************************************************************************************************************
2026-03-10 19:03:43,615 p=84413 u=root n=ansible | changed: [slurm-hn]
2026-03-10 19:03:43,626 p=84413 u=root n=ansible | TASK [slurmdbd : Configurar archivo slurmdbd.conf] *******************************************************************************************************************************************
2026-03-10 19:03:44,528 p=84413 u=root n=ansible | changed: [slurm-hn]
2026-03-10 19:03:44,536 p=84413 u=root n=ansible | TASK [slurmdbd : Iniciar servicio SlurmDBD] **************************************************************************************************************************************************
2026-03-10 19:03:45,441 p=84413 u=root n=ansible | changed: [slurm-hn]
2026-03-10 19:03:45,467 p=84413 u=root n=ansible | RUNNING HANDLER [slurmdbd : Reiniciar slurmdbd] **********************************************************************************************************************************************
2026-03-10 19:03:46,042 p=84413 u=root n=ansible | changed: [slurm-hn]
2026-03-10 19:03:46,052 p=84413 u=root n=ansible | TASK [Mensaje final de configuracion del headnode] *******************************************************************************************************************************************
2026-03-10 19:03:46,079 p=84413 u=root n=ansible | ok: [slurm-hn] => {
    "msg": [
        "=========================================",
        "Configuracion del Headnode Completada",
        "========================================="
    ]
}
2026-03-10 19:03:46,098 p=84413 u=root n=ansible | PLAY [Resumen] *******************************************************************************************************************************************************************************
2026-03-10 19:03:46,103 p=84413 u=root n=ansible | TASK [Display deployment summary] ************************************************************************************************************************************************************
2026-03-10 19:03:46,135 p=84413 u=root n=ansible | ok: [localhost] => {
    "msg": [
        "",
        "=========================================",
        "Cluster SLURM configurado",
        "=========================================",
        ""
    ]
}
2026-03-10 19:03:46,147 p=84413 u=root n=ansible | PLAY RECAP ***********************************************************************************************************************************************************************************
2026-03-10 19:03:46,147 p=84413 u=root n=ansible | localhost                  : ok=1    changed=0    unreachable=0    failed=0    skipped=0    rescued=0    ignored=0   
2026-03-10 19:03:46,147 p=84413 u=root n=ansible | slurm-hn                   : ok=6    changed=4    unreachable=0    failed=0    skipped=0    rescued=0    ignored=0   
2026-03-10 19:05:35,460 p=84891 u=root n=ansible | PLAY [Configuraciones especificas del Headnode] **********************************************************************************************************************************************
2026-03-10 19:05:35,470 p=84891 u=root n=ansible | TASK [Gathering Facts] ***********************************************************************************************************************************************************************
2026-03-10 19:05:37,002 p=84891 u=root n=ansible | ok: [slurm-hn]
2026-03-10 19:05:37,024 p=84891 u=root n=ansible | TASK [slurmctld : Esperar a que SlurmDBD responda] *******************************************************************************************************************************************
2026-03-10 19:06:37,562 p=84891 u=root n=ansible | fatal: [slurm-hn]: FAILED! => {"changed": false, "elapsed": 60, "msg": "Timeout when waiting for 127.0.0.1:6819"}
2026-03-10 19:06:37,564 p=84891 u=root n=ansible | PLAY RECAP ***********************************************************************************************************************************************************************************
2026-03-10 19:06:37,565 p=84891 u=root n=ansible | slurm-hn                   : ok=1    changed=0    unreachable=0    failed=1    skipped=0    rescued=0    ignored=0   
2026-03-10 19:10:53,647 p=85099 u=root n=ansible | ERROR! conflicting action statements: ansible.builtin.file, modification_time

The error appears to be in '/root/ansible-cluster-slurm/roles/slurmdbd/tasks/main.yml': line 19, column 3, but may
be elsewhere in the file depending on the exact syntax problem.

The offending line appears to be:


- name: Crear archivo de log si no existe
  ^ here

2026-03-10 19:12:27,036 p=85175 u=root n=ansible | PLAY [Configuraciones especificas del Headnode] **********************************************************************************************************************************************
2026-03-10 19:12:27,047 p=85175 u=root n=ansible | TASK [Gathering Facts] ***********************************************************************************************************************************************************************
2026-03-10 19:12:28,559 p=85175 u=root n=ansible | ok: [slurm-hn]
2026-03-10 19:12:28,581 p=85175 u=root n=ansible | TASK [slurmdbd : Instalar slurmdbd] **********************************************************************************************************************************************************
2026-03-10 19:12:29,894 p=85175 u=root n=ansible | ok: [slurm-hn]
2026-03-10 19:12:29,905 p=85175 u=root n=ansible | TASK [slurmdbd : Asegurar directorio de logs con permisos correctos] *************************************************************************************************************************
2026-03-10 19:12:30,385 p=85175 u=root n=ansible | ok: [slurm-hn]
2026-03-10 19:12:30,393 p=85175 u=root n=ansible | TASK [slurmdbd : Crear archivo de log si no existe] ******************************************************************************************************************************************
2026-03-10 19:12:30,698 p=85175 u=root n=ansible | changed: [slurm-hn]
2026-03-10 19:12:30,707 p=85175 u=root n=ansible | TASK [slurmdbd : Configurar archivo slurmdbd.conf] *******************************************************************************************************************************************
2026-03-10 19:12:31,482 p=85175 u=root n=ansible | ok: [slurm-hn]
2026-03-10 19:12:31,491 p=85175 u=root n=ansible | TASK [slurmdbd : Iniciar servicio SlurmDBD] **************************************************************************************************************************************************
2026-03-10 19:12:32,343 p=85175 u=root n=ansible | changed: [slurm-hn]
2026-03-10 19:12:32,366 p=85175 u=root n=ansible | TASK [Mensaje final de configuracion del headnode] *******************************************************************************************************************************************
2026-03-10 19:12:32,391 p=85175 u=root n=ansible | ok: [slurm-hn] => {
    "msg": [
        "=========================================",
        "Configuracion del Headnode Completada",
        "========================================="
    ]
}
2026-03-10 19:12:32,411 p=85175 u=root n=ansible | PLAY [Resumen] *******************************************************************************************************************************************************************************
2026-03-10 19:12:32,416 p=85175 u=root n=ansible | TASK [Display deployment summary] ************************************************************************************************************************************************************
2026-03-10 19:12:32,443 p=85175 u=root n=ansible | ok: [localhost] => {
    "msg": [
        "",
        "=========================================",
        "Cluster SLURM configurado",
        "=========================================",
        ""
    ]
}
2026-03-10 19:12:32,450 p=85175 u=root n=ansible | PLAY RECAP ***********************************************************************************************************************************************************************************
2026-03-10 19:12:32,450 p=85175 u=root n=ansible | localhost                  : ok=1    changed=0    unreachable=0    failed=0    skipped=0    rescued=0    ignored=0   
2026-03-10 19:12:32,451 p=85175 u=root n=ansible | slurm-hn                   : ok=7    changed=2    unreachable=0    failed=0    skipped=0    rescued=0    ignored=0   
2026-03-10 19:16:36,565 p=85509 u=root n=ansible | PLAY [Configuraciones especificas del Headnode] **********************************************************************************************************************************************
2026-03-10 19:16:36,576 p=85509 u=root n=ansible | TASK [Gathering Facts] ***********************************************************************************************************************************************************************
2026-03-10 19:16:38,136 p=85509 u=root n=ansible | ok: [slurm-hn]
2026-03-10 19:16:38,155 p=85509 u=root n=ansible | TASK [slurmdbd : Instalar slurmdbd] **********************************************************************************************************************************************************
2026-03-10 19:16:39,538 p=85509 u=root n=ansible | ok: [slurm-hn]
2026-03-10 19:16:39,549 p=85509 u=root n=ansible | TASK [slurmdbd : Asegurar directorio de logs con permisos correctos] *************************************************************************************************************************
2026-03-10 19:16:40,052 p=85509 u=root n=ansible | ok: [slurm-hn]
2026-03-10 19:16:40,061 p=85509 u=root n=ansible | TASK [slurmdbd : Crear archivo de log si no existe] ******************************************************************************************************************************************
2026-03-10 19:16:40,416 p=85509 u=root n=ansible | changed: [slurm-hn]
2026-03-10 19:16:40,430 p=85509 u=root n=ansible | TASK [slurmdbd : Configurar archivo slurmdbd.conf] *******************************************************************************************************************************************
2026-03-10 19:16:41,239 p=85509 u=root n=ansible | ok: [slurm-hn]
2026-03-10 19:16:41,248 p=85509 u=root n=ansible | TASK [slurmdbd : Asegurar que el directorio /etc/slurm existe] *******************************************************************************************************************************
2026-03-10 19:16:41,550 p=85509 u=root n=ansible | changed: [slurm-hn]
2026-03-10 19:16:41,560 p=85509 u=root n=ansible | TASK [slurmdbd : Crear enlace simbólico para la configuración de Slurm] **********************************************************************************************************************
2026-03-10 19:16:41,906 p=85509 u=root n=ansible | changed: [slurm-hn]
2026-03-10 19:16:41,916 p=85509 u=root n=ansible | TASK [slurmdbd : Iniciar servicio SlurmDBD] **************************************************************************************************************************************************
2026-03-10 19:16:42,850 p=85509 u=root n=ansible | changed: [slurm-hn]
2026-03-10 19:16:42,882 p=85509 u=root n=ansible | TASK [Mensaje final de configuracion del headnode] *******************************************************************************************************************************************
2026-03-10 19:16:42,907 p=85509 u=root n=ansible | ok: [slurm-hn] => {
    "msg": [
        "=========================================",
        "Configuracion del Headnode Completada",
        "========================================="
    ]
}
2026-03-10 19:16:42,923 p=85509 u=root n=ansible | PLAY [Resumen] *******************************************************************************************************************************************************************************
2026-03-10 19:16:42,928 p=85509 u=root n=ansible | TASK [Display deployment summary] ************************************************************************************************************************************************************
2026-03-10 19:16:42,952 p=85509 u=root n=ansible | ok: [localhost] => {
    "msg": [
        "",
        "=========================================",
        "Cluster SLURM configurado",
        "=========================================",
        ""
    ]
}
2026-03-10 19:16:42,959 p=85509 u=root n=ansible | PLAY RECAP ***********************************************************************************************************************************************************************************
2026-03-10 19:16:42,959 p=85509 u=root n=ansible | localhost                  : ok=1    changed=0    unreachable=0    failed=0    skipped=0    rescued=0    ignored=0   
2026-03-10 19:16:42,959 p=85509 u=root n=ansible | slurm-hn                   : ok=9    changed=4    unreachable=0    failed=0    skipped=0    rescued=0    ignored=0   
2026-03-10 19:17:53,116 p=85871 u=root n=ansible | PLAY [Configuraciones especificas del Headnode] **********************************************************************************************************************************************
2026-03-10 19:17:53,126 p=85871 u=root n=ansible | TASK [Gathering Facts] ***********************************************************************************************************************************************************************
2026-03-10 19:17:54,632 p=85871 u=root n=ansible | ok: [slurm-hn]
2026-03-10 19:17:54,655 p=85871 u=root n=ansible | TASK [slurmctld : Esperar a que SlurmDBD responda] *******************************************************************************************************************************************
2026-03-10 19:18:00,141 p=85871 u=root n=ansible | ok: [slurm-hn]
2026-03-10 19:18:00,153 p=85871 u=root n=ansible | TASK [slurmctld : Iniciar Slurm Controller (slurmctld)] **************************************************************************************************************************************
2026-03-10 19:18:01,061 p=85871 u=root n=ansible | changed: [slurm-hn]
2026-03-10 19:18:01,084 p=85871 u=root n=ansible | TASK [Mensaje final de configuracion del headnode] *******************************************************************************************************************************************
2026-03-10 19:18:01,108 p=85871 u=root n=ansible | ok: [slurm-hn] => {
    "msg": [
        "=========================================",
        "Configuracion del Headnode Completada",
        "========================================="
    ]
}
2026-03-10 19:18:01,125 p=85871 u=root n=ansible | PLAY [Resumen] *******************************************************************************************************************************************************************************
2026-03-10 19:18:01,129 p=85871 u=root n=ansible | TASK [Display deployment summary] ************************************************************************************************************************************************************
2026-03-10 19:18:01,154 p=85871 u=root n=ansible | ok: [localhost] => {
    "msg": [
        "",
        "=========================================",
        "Cluster SLURM configurado",
        "=========================================",
        ""
    ]
}
2026-03-10 19:18:01,162 p=85871 u=root n=ansible | PLAY RECAP ***********************************************************************************************************************************************************************************
2026-03-10 19:18:01,162 p=85871 u=root n=ansible | localhost                  : ok=1    changed=0    unreachable=0    failed=0    skipped=0    rescued=0    ignored=0   
2026-03-10 19:18:01,163 p=85871 u=root n=ansible | slurm-hn                   : ok=4    changed=1    unreachable=0    failed=0    skipped=0    rescued=0    ignored=0   
2026-03-10 19:20:00,646 p=86060 u=root n=ansible | PLAY [Configuraciones especificas del Headnode] **********************************************************************************************************************************************
2026-03-10 19:20:00,656 p=86060 u=root n=ansible | TASK [Gathering Facts] ***********************************************************************************************************************************************************************
2026-03-10 19:20:02,225 p=86060 u=root n=ansible | ok: [slurm-hn]
2026-03-10 19:20:02,247 p=86060 u=root n=ansible | TASK [slurm_accounting : Registrar Cluster en Accounting] ************************************************************************************************************************************
2026-03-10 19:20:08,965 p=86060 u=root n=ansible | fatal: [slurm-hn]: FAILED! => {"changed": false, "cmd": ["sacctmgr", "-i", "add", "cluster", "slurmcluster"], "delta": "0:00:06.228035", "end": "2026-03-10 19:20:08.910934", "failed_when_result": true, "msg": "non-zero return code", "rc": 1, "start": "2026-03-10 19:20:02.682899", "stderr": "sacctmgr: error: resolve_ctls_from_dns_srv: res_nsearch error: Unknown host\nsacctmgr: error: fetch_config: DNS SRV lookup failed\nsacctmgr: error: _establish_config_source: failed to fetch config\nsacctmgr: fatal: Could not establish a configuration source", "stderr_lines": ["sacctmgr: error: resolve_ctls_from_dns_srv: res_nsearch error: Unknown host", "sacctmgr: error: fetch_config: DNS SRV lookup failed", "sacctmgr: error: _establish_config_source: failed to fetch config", "sacctmgr: fatal: Could not establish a configuration source"], "stdout": "", "stdout_lines": []}
2026-03-10 19:20:08,967 p=86060 u=root n=ansible | PLAY RECAP ***********************************************************************************************************************************************************************************
2026-03-10 19:20:08,968 p=86060 u=root n=ansible | slurm-hn                   : ok=1    changed=0    unreachable=0    failed=1    skipped=0    rescued=0    ignored=0   
2026-03-10 19:28:05,038 p=86275 u=root n=ansible | PLAY [Configuraciones especificas del Headnode] **********************************************************************************************************************************************
2026-03-10 19:28:05,049 p=86275 u=root n=ansible | TASK [Gathering Facts] ***********************************************************************************************************************************************************************
2026-03-10 19:28:06,594 p=86275 u=root n=ansible | ok: [slurm-hn]
2026-03-10 19:28:06,614 p=86275 u=root n=ansible | TASK [slurm_accounting : Asegurar enlace simbólico para slurm.conf] **************************************************************************************************************************
2026-03-10 19:28:07,093 p=86275 u=root n=ansible | changed: [slurm-hn]
2026-03-10 19:28:07,104 p=86275 u=root n=ansible | TASK [slurm_accounting : Registrar Cluster en Accounting] ************************************************************************************************************************************
2026-03-10 19:28:08,565 p=86275 u=root n=ansible | changed: [slurm-hn]
2026-03-10 19:28:08,576 p=86275 u=root n=ansible | TASK [slurm_accounting : Crear cuentas base de usuarios] *************************************************************************************************************************************
2026-03-10 19:28:09,180 p=86275 u=root n=ansible | changed: [slurm-hn] => (item=researchers)
2026-03-10 19:28:09,763 p=86275 u=root n=ansible | changed: [slurm-hn] => (item=students)
2026-03-10 19:28:09,776 p=86275 u=root n=ansible | TASK [slurm_accounting : Vincular usuarios LDAP a cuentas de Slurm (Ejemplo)] ****************************************************************************************************************
2026-03-10 19:28:10,404 p=86275 u=root n=ansible | changed: [slurm-hn] => (item={'user': 'admin', 'acct': 'researchers'})
2026-03-10 19:28:10,429 p=86275 u=root n=ansible | TASK [Mensaje final de configuracion del headnode] *******************************************************************************************************************************************
2026-03-10 19:28:10,457 p=86275 u=root n=ansible | ok: [slurm-hn] => {
    "msg": [
        "=========================================",
        "Configuracion del Headnode Completada",
        "========================================="
    ]
}
2026-03-10 19:28:10,474 p=86275 u=root n=ansible | PLAY [Resumen] *******************************************************************************************************************************************************************************
2026-03-10 19:28:10,479 p=86275 u=root n=ansible | TASK [Display deployment summary] ************************************************************************************************************************************************************
2026-03-10 19:28:10,509 p=86275 u=root n=ansible | ok: [localhost] => {
    "msg": [
        "",
        "=========================================",
        "Cluster SLURM configurado",
        "=========================================",
        ""
    ]
}
2026-03-10 19:28:10,521 p=86275 u=root n=ansible | PLAY RECAP ***********************************************************************************************************************************************************************************
2026-03-10 19:28:10,521 p=86275 u=root n=ansible | localhost                  : ok=1    changed=0    unreachable=0    failed=0    skipped=0    rescued=0    ignored=0   
2026-03-10 19:28:10,521 p=86275 u=root n=ansible | slurm-hn                   : ok=6    changed=4    unreachable=0    failed=0    skipped=0    rescued=0    ignored=0   
2026-03-10 19:28:54,400 p=86583 u=root n=ansible | PLAY [Configuraciones especificas del Headnode] **********************************************************************************************************************************************
2026-03-10 19:28:54,411 p=86583 u=root n=ansible | TASK [Gathering Facts] ***********************************************************************************************************************************************************************
2026-03-10 19:28:55,982 p=86583 u=root n=ansible | ok: [slurm-hn]
2026-03-10 19:28:56,004 p=86583 u=root n=ansible | TASK [monitoring : Instalar Docker y dependencias de Python para Docker] *********************************************************************************************************************
2026-03-10 19:29:41,005 p=86583 u=root n=ansible | changed: [slurm-hn]
2026-03-10 19:29:41,015 p=86583 u=root n=ansible | TASK [monitoring : Crear estructura de directorios] ******************************************************************************************************************************************
2026-03-10 19:29:41,526 p=86583 u=root n=ansible | changed: [slurm-hn] => (item=/etc/grafana/provisioning/datasources)
2026-03-10 19:29:41,824 p=86583 u=root n=ansible | changed: [slurm-hn] => (item=/etc/grafana/provisioning/dashboards)
2026-03-10 19:29:42,104 p=86583 u=root n=ansible | changed: [slurm-hn] => (item=/etc/grafana/dashboards_json)
2026-03-10 19:29:42,418 p=86583 u=root n=ansible | changed: [slurm-hn] => (item=/etc/prometheus)
2026-03-10 19:29:42,430 p=86583 u=root n=ansible | TASK [monitoring : Provisionar archivos de configuración] ************************************************************************************************************************************
2026-03-10 19:29:43,358 p=86583 u=root n=ansible | changed: [slurm-hn] => (item={'src': 'grafana_datasource.yml.j2', 'dest': '/etc/grafana/provisioning/datasources/prometheus.yml'})
2026-03-10 19:29:43,945 p=86583 u=root n=ansible | changed: [slurm-hn] => (item={'src': 'grafana_dashboards.yml.j2', 'dest': '/etc/grafana/provisioning/dashboards/main.yaml'})
2026-03-10 19:29:44,535 p=86583 u=root n=ansible | changed: [slurm-hn] => (item={'src': 'prometheus.yml.j2', 'dest': '/etc/prometheus/prometheus.yml'})
2026-03-10 19:29:44,547 p=86583 u=root n=ansible | TASK [monitoring : Descargar Dashboard Node Exporter Full (ID 1860)] *************************************************************************************************************************
2026-03-10 19:29:46,368 p=86583 u=root n=ansible | changed: [slurm-hn]
2026-03-10 19:29:46,379 p=86583 u=root n=ansible | TASK [monitoring : Corregir el Data Source en el JSON del Dashboard] *************************************************************************************************************************
2026-03-10 19:29:46,851 p=86583 u=root n=ansible | ok: [slurm-hn]
2026-03-10 19:29:46,860 p=86583 u=root n=ansible | TASK [monitoring : Desplegar Contenedor Prometheus] ******************************************************************************************************************************************
2026-03-10 19:29:57,657 p=86583 u=root n=ansible | changed: [slurm-hn]
2026-03-10 19:29:57,666 p=86583 u=root n=ansible | TASK [monitoring : Desplegar Contenedor Grafana] *********************************************************************************************************************************************
2026-03-10 19:30:18,779 p=86583 u=root n=ansible | changed: [slurm-hn]
2026-03-10 19:30:18,809 p=86583 u=root n=ansible | RUNNING HANDLER [monitoring : Reiniciar contenedor prometheus] *******************************************************************************************************************************
2026-03-10 19:30:19,748 p=86583 u=root n=ansible | changed: [slurm-hn]
2026-03-10 19:30:19,757 p=86583 u=root n=ansible | TASK [Mensaje final de configuracion del headnode] *******************************************************************************************************************************************
2026-03-10 19:30:19,786 p=86583 u=root n=ansible | ok: [slurm-hn] => {
    "msg": [
        "=========================================",
        "Configuracion del Headnode Completada",
        "========================================="
    ]
}
2026-03-10 19:30:19,801 p=86583 u=root n=ansible | PLAY [Resumen] *******************************************************************************************************************************************************************************
2026-03-10 19:30:19,809 p=86583 u=root n=ansible | TASK [Display deployment summary] ************************************************************************************************************************************************************
2026-03-10 19:30:19,837 p=86583 u=root n=ansible | ok: [localhost] => {
    "msg": [
        "",
        "=========================================",
        "Cluster SLURM configurado",
        "=========================================",
        ""
    ]
}
2026-03-10 19:30:19,843 p=86583 u=root n=ansible | PLAY RECAP ***********************************************************************************************************************************************************************************
2026-03-10 19:30:19,843 p=86583 u=root n=ansible | localhost                  : ok=1    changed=0    unreachable=0    failed=0    skipped=0    rescued=0    ignored=0   
2026-03-10 19:30:19,843 p=86583 u=root n=ansible | slurm-hn                   : ok=10   changed=7    unreachable=0    failed=0    skipped=0    rescued=0    ignored=0   
2026-03-10 19:32:23,284 p=88273 u=root n=ansible | PLAY [Configuraciones especificas del Headnode] **********************************************************************************************************************************************
2026-03-10 19:32:23,293 p=88273 u=root n=ansible | TASK [Gathering Facts] ***********************************************************************************************************************************************************************
2026-03-10 19:32:24,864 p=88273 u=root n=ansible | ok: [slurm-hn]
2026-03-10 19:32:24,884 p=88273 u=root n=ansible | TASK [Configurar SSH keys en headnode] *******************************************************************************************************************************************************
2026-03-10 19:32:24,924 p=88273 u=root n=ansible | TASK [ssh_keys : Generar par de llaves ssh RSA para root] ************************************************************************************************************************************
2026-03-10 19:32:25,545 p=88273 u=root n=ansible | ok: [slurm-hn]
2026-03-10 19:32:25,555 p=88273 u=root n=ansible | TASK [ssh_keys : Descargar llave publica SSH de root] ****************************************************************************************************************************************
2026-03-10 19:32:26,008 p=88273 u=root n=ansible | ok: [slurm-hn]
2026-03-10 19:32:26,034 p=88273 u=root n=ansible | TASK [Mensaje final de configuracion del headnode] *******************************************************************************************************************************************
2026-03-10 19:32:26,057 p=88273 u=root n=ansible | ok: [slurm-hn] => {
    "msg": [
        "=========================================",
        "Configuracion del Headnode Completada",
        "========================================="
    ]
}
2026-03-10 19:32:26,075 p=88273 u=root n=ansible | PLAY [Resumen] *******************************************************************************************************************************************************************************
2026-03-10 19:32:26,080 p=88273 u=root n=ansible | TASK [Display deployment summary] ************************************************************************************************************************************************************
2026-03-10 19:32:26,104 p=88273 u=root n=ansible | ok: [localhost] => {
    "msg": [
        "",
        "=========================================",
        "Cluster SLURM configurado",
        "=========================================",
        ""
    ]
}
2026-03-10 19:32:26,115 p=88273 u=root n=ansible | PLAY RECAP ***********************************************************************************************************************************************************************************
2026-03-10 19:32:26,115 p=88273 u=root n=ansible | localhost                  : ok=1    changed=0    unreachable=0    failed=0    skipped=0    rescued=0    ignored=0   
2026-03-10 19:32:26,115 p=88273 u=root n=ansible | slurm-hn                   : ok=4    changed=0    unreachable=0    failed=0    skipped=0    rescued=0    ignored=0   
2026-03-10 19:34:21,407 p=88473 u=root n=ansible | PLAY [Configuraciones especificas de los workers] ********************************************************************************************************************************************
2026-03-10 19:34:21,417 p=88473 u=root n=ansible | TASK [Gathering Facts] ***********************************************************************************************************************************************************************
2026-03-10 19:34:24,187 p=88473 u=root n=ansible | ok: [slurm-wn2]
2026-03-10 19:34:24,306 p=88473 u=root n=ansible | ok: [slurm-wn1]
2026-03-10 19:34:24,335 p=88473 u=root n=ansible | TASK [munge : Configurar Munge en headnode] **************************************************************************************************************************************************
2026-03-10 19:34:24,359 p=88473 u=root n=ansible | skipping: [slurm-wn1]
2026-03-10 19:34:24,366 p=88473 u=root n=ansible | skipping: [slurm-wn2]
2026-03-10 19:34:24,374 p=88473 u=root n=ansible | TASK [munge : Configurar Munge en workers] ***************************************************************************************************************************************************
2026-03-10 19:34:24,420 p=88473 u=root n=ansible | included: /root/ansible-cluster-slurm/roles/munge/tasks/workers.yml for slurm-wn1, slurm-wn2
2026-03-10 19:34:24,428 p=88473 u=root n=ansible | TASK [munge : Distribuir llave Munge desde el controlador] ***********************************************************************************************************************************
2026-03-10 19:34:25,710 p=88473 u=root n=ansible | changed: [slurm-wn1]
2026-03-10 19:34:25,732 p=88473 u=root n=ansible | changed: [slurm-wn2]
2026-03-10 19:34:25,741 p=88473 u=root n=ansible | TASK [munge : Iniciar servicio Munge en workers] *********************************************************************************************************************************************
2026-03-10 19:34:26,885 p=88473 u=root n=ansible | changed: [slurm-wn2]
2026-03-10 19:34:26,894 p=88473 u=root n=ansible | changed: [slurm-wn1]
2026-03-10 19:34:26,902 p=88473 u=root n=ansible | TASK [munge : Verificar que el socket de Munge esté disponible] ******************************************************************************************************************************
2026-03-10 19:34:27,562 p=88473 u=root n=ansible | ok: [slurm-wn1]
2026-03-10 19:34:27,581 p=88473 u=root n=ansible | ok: [slurm-wn2]
2026-03-10 19:34:27,590 p=88473 u=root n=ansible | TASK [munge : Verificar que Munge responda correctamente] ************************************************************************************************************************************
2026-03-10 19:34:28,270 p=88473 u=root n=ansible | ok: [slurm-wn2]
2026-03-10 19:34:28,277 p=88473 u=root n=ansible | ok: [slurm-wn1]
2026-03-10 19:34:28,316 p=88473 u=root n=ansible | TASK [Mensaje final de configuracion de los workers] *****************************************************************************************************************************************
2026-03-10 19:34:28,341 p=88473 u=root n=ansible | ok: [slurm-wn1] => {
    "msg": [
        "=========================================",
        "Configuracion de los Workers Completada",
        "========================================="
    ]
}
2026-03-10 19:34:28,352 p=88473 u=root n=ansible | ok: [slurm-wn2] => {
    "msg": [
        "=========================================",
        "Configuracion de los Workers Completada",
        "========================================="
    ]
}
2026-03-10 19:34:28,377 p=88473 u=root n=ansible | PLAY [Resumen] *******************************************************************************************************************************************************************************
2026-03-10 19:34:28,382 p=88473 u=root n=ansible | TASK [Display deployment summary] ************************************************************************************************************************************************************
2026-03-10 19:34:28,404 p=88473 u=root n=ansible | ok: [localhost] => {
    "msg": [
        "",
        "=========================================",
        "Cluster SLURM configurado",
        "=========================================",
        ""
    ]
}
2026-03-10 19:34:28,411 p=88473 u=root n=ansible | PLAY RECAP ***********************************************************************************************************************************************************************************
2026-03-10 19:34:28,411 p=88473 u=root n=ansible | localhost                  : ok=1    changed=0    unreachable=0    failed=0    skipped=0    rescued=0    ignored=0   
2026-03-10 19:34:28,411 p=88473 u=root n=ansible | slurm-wn1                  : ok=7    changed=2    unreachable=0    failed=0    skipped=1    rescued=0    ignored=0   
2026-03-10 19:34:28,411 p=88473 u=root n=ansible | slurm-wn2                  : ok=7    changed=2    unreachable=0    failed=0    skipped=1    rescued=0    ignored=0   
2026-03-10 19:35:09,543 p=88684 u=root n=ansible | PLAY [Configuraciones especificas de los workers] ********************************************************************************************************************************************
2026-03-10 19:35:09,553 p=88684 u=root n=ansible | TASK [Gathering Facts] ***********************************************************************************************************************************************************************
2026-03-10 19:35:11,330 p=88684 u=root n=ansible | ok: [slurm-wn1]
2026-03-10 19:35:11,368 p=88684 u=root n=ansible | ok: [slurm-wn2]
2026-03-10 19:35:11,397 p=88684 u=root n=ansible | TASK [chrony_client : Configurar Chrony como cliente del Headnode] ***************************************************************************************************************************
2026-03-10 19:35:12,708 p=88684 u=root n=ansible | changed: [slurm-wn1]
2026-03-10 19:35:12,732 p=88684 u=root n=ansible | changed: [slurm-wn2]
2026-03-10 19:35:12,769 p=88684 u=root n=ansible | RUNNING HANDLER [chrony_client : Reiniciar chrony] *******************************************************************************************************************************************
2026-03-10 19:35:13,928 p=88684 u=root n=ansible | changed: [slurm-wn1]
2026-03-10 19:35:13,937 p=88684 u=root n=ansible | changed: [slurm-wn2]
2026-03-10 19:35:13,946 p=88684 u=root n=ansible | TASK [Mensaje final de configuracion de los workers] *****************************************************************************************************************************************
2026-03-10 19:35:13,972 p=88684 u=root n=ansible | ok: [slurm-wn1] => {
    "msg": [
        "=========================================",
        "Configuracion de los Workers Completada",
        "========================================="
    ]
}
2026-03-10 19:35:13,987 p=88684 u=root n=ansible | ok: [slurm-wn2] => {
    "msg": [
        "=========================================",
        "Configuracion de los Workers Completada",
        "========================================="
    ]
}
2026-03-10 19:35:14,012 p=88684 u=root n=ansible | PLAY [Resumen] *******************************************************************************************************************************************************************************
2026-03-10 19:35:14,017 p=88684 u=root n=ansible | TASK [Display deployment summary] ************************************************************************************************************************************************************
2026-03-10 19:35:14,044 p=88684 u=root n=ansible | ok: [localhost] => {
    "msg": [
        "",
        "=========================================",
        "Cluster SLURM configurado",
        "=========================================",
        ""
    ]
}
2026-03-10 19:35:14,052 p=88684 u=root n=ansible | PLAY RECAP ***********************************************************************************************************************************************************************************
2026-03-10 19:35:14,052 p=88684 u=root n=ansible | localhost                  : ok=1    changed=0    unreachable=0    failed=0    skipped=0    rescued=0    ignored=0   
2026-03-10 19:35:14,052 p=88684 u=root n=ansible | slurm-wn1                  : ok=4    changed=2    unreachable=0    failed=0    skipped=0    rescued=0    ignored=0   
2026-03-10 19:35:14,053 p=88684 u=root n=ansible | slurm-wn2                  : ok=4    changed=2    unreachable=0    failed=0    skipped=0    rescued=0    ignored=0   
2026-03-10 19:36:06,560 p=88819 u=root n=ansible | PLAY [Configuraciones especificas de los workers] ********************************************************************************************************************************************
2026-03-10 19:36:06,570 p=88819 u=root n=ansible | TASK [Gathering Facts] ***********************************************************************************************************************************************************************
2026-03-10 19:36:08,317 p=88819 u=root n=ansible | ok: [slurm-wn2]
2026-03-10 19:36:08,322 p=88819 u=root n=ansible | ok: [slurm-wn1]
2026-03-10 19:36:08,349 p=88819 u=root n=ansible | TASK [ldap_client : Instalar paquetes necesarios para SSSD y LDAP] ***************************************************************************************************************************
2026-03-10 19:36:09,949 p=88819 u=root n=ansible | fatal: [slurm-wn1]: FAILED! => {"cache_update_time": 1773108194, "cache_updated": false, "changed": false, "msg": "'/usr/bin/apt-get -y -o \"Dpkg::Options::=--force-confdef\" -o \"Dpkg::Options::=--force-confold\"       install 'libnss-ldap=265-5ubuntu3' 'libpam-ldap=186-4.1ubuntu1'' failed: E: Could not get lock /var/lib/dpkg/lock-frontend. It is held by process 21621 (unattended-upgr)\nE: Unable to acquire the dpkg frontend lock (/var/lib/dpkg/lock-frontend), is another process using it?\n", "rc": 100, "stderr": "E: Could not get lock /var/lib/dpkg/lock-frontend. It is held by process 21621 (unattended-upgr)\nE: Unable to acquire the dpkg frontend lock (/var/lib/dpkg/lock-frontend), is another process using it?\n", "stderr_lines": ["E: Could not get lock /var/lib/dpkg/lock-frontend. It is held by process 21621 (unattended-upgr)", "E: Unable to acquire the dpkg frontend lock (/var/lib/dpkg/lock-frontend), is another process using it?"], "stdout": "", "stdout_lines": []}
2026-03-10 19:38:17,567 p=88819 u=root n=ansible |  [ERROR]: User interrupted execution

2026-03-10 19:40:09,749 p=88907 u=root n=ansible | PLAY [Configuraciones especificas de los workers] ********************************************************************************************************************************************
2026-03-10 19:40:09,759 p=88907 u=root n=ansible | TASK [Gathering Facts] ***********************************************************************************************************************************************************************
2026-03-10 19:40:12,029 p=88907 u=root n=ansible | ok: [slurm-wn1]
2026-03-10 19:40:12,293 p=88907 u=root n=ansible | ok: [slurm-wn2]
2026-03-10 19:40:12,323 p=88907 u=root n=ansible | TASK [ldap_client : Instalar paquetes necesarios para SSSD y LDAP] ***************************************************************************************************************************
2026-03-10 19:40:13,915 p=88907 u=root n=ansible | fatal: [slurm-wn1]: FAILED! => {"cache_update_time": 1773108194, "cache_updated": false, "changed": false, "msg": "'/usr/bin/apt-get -y -o \"Dpkg::Options::=--force-confdef\" -o \"Dpkg::Options::=--force-confold\"       install 'libnss-ldap=265-5ubuntu3' 'libpam-ldap=186-4.1ubuntu1'' failed: E: Could not get lock /var/lib/dpkg/lock-frontend. It is held by process 21621 (unattended-upgr)\nE: Unable to acquire the dpkg frontend lock (/var/lib/dpkg/lock-frontend), is another process using it?\n", "rc": 100, "stderr": "E: Could not get lock /var/lib/dpkg/lock-frontend. It is held by process 21621 (unattended-upgr)\nE: Unable to acquire the dpkg frontend lock (/var/lib/dpkg/lock-frontend), is another process using it?\n", "stderr_lines": ["E: Could not get lock /var/lib/dpkg/lock-frontend. It is held by process 21621 (unattended-upgr)", "E: Unable to acquire the dpkg frontend lock (/var/lib/dpkg/lock-frontend), is another process using it?"], "stdout": "", "stdout_lines": []}
2026-03-10 19:40:20,286 p=88907 u=root n=ansible |  [ERROR]: User interrupted execution

2026-03-10 19:42:37,661 p=88990 u=root n=ansible | PLAY [Configuraciones especificas de los workers] ********************************************************************************************************************************************
2026-03-10 19:42:37,671 p=88990 u=root n=ansible | TASK [Gathering Facts] ***********************************************************************************************************************************************************************
2026-03-10 19:42:40,077 p=88990 u=root n=ansible | ok: [slurm-wn2]
2026-03-10 19:42:40,127 p=88990 u=root n=ansible | ok: [slurm-wn1]
2026-03-10 19:42:40,155 p=88990 u=root n=ansible | TASK [ldap_client : Instalar paquetes necesarios para SSSD y LDAP] ***************************************************************************************************************************
2026-03-10 19:42:41,712 p=88990 u=root n=ansible | ok: [slurm-wn2]
2026-03-10 19:42:48,902 p=88990 u=root n=ansible | changed: [slurm-wn1]
2026-03-10 19:42:48,911 p=88990 u=root n=ansible | TASK [ldap_client : Configurar SSSD desde el template] ***************************************************************************************************************************************
2026-03-10 19:42:50,246 p=88990 u=root n=ansible | ERROR! The requested handler 'Reiniciar sssd' was not found in either the main handlers list nor in the listening handlers list
2026-03-10 19:52:46,543 p=89173 u=root n=ansible | PLAY [Configuraciones especificas de los workers] ********************************************************************************************************************************************
2026-03-10 19:52:46,553 p=89173 u=root n=ansible | TASK [Gathering Facts] ***********************************************************************************************************************************************************************
2026-03-10 19:52:49,308 p=89173 u=root n=ansible | ok: [slurm-wn1]
2026-03-10 19:52:49,351 p=89173 u=root n=ansible | ok: [slurm-wn2]
2026-03-10 19:52:49,379 p=89173 u=root n=ansible | TASK [ldap_client : Instalar paquetes necesarios para SSSD y LDAP] ***************************************************************************************************************************
2026-03-10 19:52:51,007 p=89173 u=root n=ansible | ok: [slurm-wn2]
2026-03-10 19:52:51,027 p=89173 u=root n=ansible | ok: [slurm-wn1]
2026-03-10 19:52:51,038 p=89173 u=root n=ansible | TASK [ldap_client : Configurar SSSD desde el template] ***************************************************************************************************************************************
2026-03-10 19:52:52,238 p=89173 u=root n=ansible | ok: [slurm-wn1]
2026-03-10 19:52:52,249 p=89173 u=root n=ansible | ok: [slurm-wn2]
2026-03-10 19:52:52,256 p=89173 u=root n=ansible | TASK [ldap_client : Asegurar que SSSD esté habilitado e iniciado] ****************************************************************************************************************************
2026-03-10 19:52:53,364 p=89173 u=root n=ansible | ok: [slurm-wn2]
2026-03-10 19:52:53,384 p=89173 u=root n=ansible | ok: [slurm-wn1]
2026-03-10 19:52:53,394 p=89173 u=root n=ansible | TASK [ldap_client : Configurar mkhomedir en PAM (Workers)] ***********************************************************************************************************************************
2026-03-10 19:52:54,028 p=89173 u=root n=ansible | changed: [slurm-wn2]
2026-03-10 19:52:54,062 p=89173 u=root n=ansible | changed: [slurm-wn1]
2026-03-10 19:52:54,100 p=89173 u=root n=ansible | TASK [Mensaje final de configuracion de los workers] *****************************************************************************************************************************************
2026-03-10 19:52:54,128 p=89173 u=root n=ansible | ok: [slurm-wn1] => {
    "msg": [
        "=========================================",
        "Configuracion de los Workers Completada",
        "========================================="
    ]
}
2026-03-10 19:52:54,139 p=89173 u=root n=ansible | ok: [slurm-wn2] => {
    "msg": [
        "=========================================",
        "Configuracion de los Workers Completada",
        "========================================="
    ]
}
2026-03-10 19:52:54,162 p=89173 u=root n=ansible | PLAY [Resumen] *******************************************************************************************************************************************************************************
2026-03-10 19:52:54,167 p=89173 u=root n=ansible | TASK [Display deployment summary] ************************************************************************************************************************************************************
2026-03-10 19:52:54,193 p=89173 u=root n=ansible | ok: [localhost] => {
    "msg": [
        "",
        "=========================================",
        "Cluster SLURM configurado",
        "=========================================",
        ""
    ]
}
2026-03-10 19:52:54,201 p=89173 u=root n=ansible | PLAY RECAP ***********************************************************************************************************************************************************************************
2026-03-10 19:52:54,201 p=89173 u=root n=ansible | localhost                  : ok=1    changed=0    unreachable=0    failed=0    skipped=0    rescued=0    ignored=0   
2026-03-10 19:52:54,201 p=89173 u=root n=ansible | slurm-wn1                  : ok=6    changed=1    unreachable=0    failed=0    skipped=0    rescued=0    ignored=0   
2026-03-10 19:52:54,201 p=89173 u=root n=ansible | slurm-wn2                  : ok=6    changed=1    unreachable=0    failed=0    skipped=0    rescued=0    ignored=0   
2026-03-10 19:58:10,145 p=89390 u=root n=ansible | PLAY [Configuraciones especificas de los workers] ********************************************************************************************************************************************
2026-03-10 19:58:10,155 p=89390 u=root n=ansible | TASK [Gathering Facts] ***********************************************************************************************************************************************************************
2026-03-10 19:58:12,869 p=89390 u=root n=ansible | ok: [slurm-wn2]
2026-03-10 19:58:12,874 p=89390 u=root n=ansible | ok: [slurm-wn1]
2026-03-10 19:58:12,901 p=89390 u=root n=ansible | TASK [nfs_client : Crear puntos de montaje locales] ******************************************************************************************************************************************
2026-03-10 19:58:13,592 p=89390 u=root n=ansible | changed: [slurm-wn1] => (item=/nfs/general)
2026-03-10 19:58:13,609 p=89390 u=root n=ansible | changed: [slurm-wn2] => (item=/nfs/general)
2026-03-10 19:58:14,087 p=89390 u=root n=ansible | changed: [slurm-wn1] => (item=/nfs/privileged)
2026-03-10 19:58:14,129 p=89390 u=root n=ansible | changed: [slurm-wn2] => (item=/nfs/privileged)
2026-03-10 19:58:14,141 p=89390 u=root n=ansible | TASK [nfs_client : Montar directorios NFS desde el Headnode] *********************************************************************************************************************************
2026-03-10 19:58:15,365 p=89390 u=root n=ansible | changed: [slurm-wn1] => (item={'path': '/home', 'src': '/home'})
2026-03-10 19:58:15,367 p=89390 u=root n=ansible | changed: [slurm-wn2] => (item={'path': '/home', 'src': '/home'})
2026-03-10 19:58:16,028 p=89390 u=root n=ansible | changed: [slurm-wn1] => (item={'path': '/nfs/general', 'src': '/nfs/general'})
2026-03-10 19:58:16,035 p=89390 u=root n=ansible | changed: [slurm-wn2] => (item={'path': '/nfs/general', 'src': '/nfs/general'})
2026-03-10 19:58:16,702 p=89390 u=root n=ansible | changed: [slurm-wn1] => (item={'path': '/nfs/privileged', 'src': '/nfs/privileged'})
2026-03-10 19:58:16,707 p=89390 u=root n=ansible | changed: [slurm-wn2] => (item={'path': '/nfs/privileged', 'src': '/nfs/privileged'})
2026-03-10 19:58:16,743 p=89390 u=root n=ansible | TASK [Mensaje final de configuracion de los workers] *****************************************************************************************************************************************
2026-03-10 19:58:16,770 p=89390 u=root n=ansible | ok: [slurm-wn1] => {
    "msg": [
        "=========================================",
        "Configuracion de los Workers Completada",
        "========================================="
    ]
}
2026-03-10 19:58:16,780 p=89390 u=root n=ansible | ok: [slurm-wn2] => {
    "msg": [
        "=========================================",
        "Configuracion de los Workers Completada",
        "========================================="
    ]
}
2026-03-10 19:58:16,804 p=89390 u=root n=ansible | PLAY [Resumen] *******************************************************************************************************************************************************************************
2026-03-10 19:58:16,808 p=89390 u=root n=ansible | TASK [Display deployment summary] ************************************************************************************************************************************************************
2026-03-10 19:58:16,832 p=89390 u=root n=ansible | ok: [localhost] => {
    "msg": [
        "",
        "=========================================",
        "Cluster SLURM configurado",
        "=========================================",
        ""
    ]
}
2026-03-10 19:58:16,839 p=89390 u=root n=ansible | PLAY RECAP ***********************************************************************************************************************************************************************************
2026-03-10 19:58:16,839 p=89390 u=root n=ansible | localhost                  : ok=1    changed=0    unreachable=0    failed=0    skipped=0    rescued=0    ignored=0   
2026-03-10 19:58:16,839 p=89390 u=root n=ansible | slurm-wn1                  : ok=4    changed=2    unreachable=0    failed=0    skipped=0    rescued=0    ignored=0   
2026-03-10 19:58:16,839 p=89390 u=root n=ansible | slurm-wn2                  : ok=4    changed=2    unreachable=0    failed=0    skipped=0    rescued=0    ignored=0   
2026-03-10 19:58:27,648 p=89586 u=root n=ansible | PLAY [Configuraciones especificas de los workers] ********************************************************************************************************************************************
2026-03-10 19:58:27,657 p=89586 u=root n=ansible | TASK [Gathering Facts] ***********************************************************************************************************************************************************************
2026-03-10 19:58:29,523 p=89586 u=root n=ansible | ok: [slurm-wn1]
2026-03-10 19:58:29,583 p=89586 u=root n=ansible | ok: [slurm-wn2]
2026-03-10 19:58:29,614 p=89586 u=root n=ansible | TASK [slurmd : Asegurar directorio de configuración] *****************************************************************************************************************************************
2026-03-10 19:58:30,349 p=89586 u=root n=ansible | ok: [slurm-wn1]
2026-03-10 19:58:30,373 p=89586 u=root n=ansible | ok: [slurm-wn2]
2026-03-10 19:58:30,382 p=89586 u=root n=ansible | TASK [slurmd : Distribuir configuración de Cgroups] ******************************************************************************************************************************************
2026-03-10 19:58:31,780 p=89586 u=root n=ansible | changed: [slurm-wn1]
2026-03-10 19:58:31,800 p=89586 u=root n=ansible | changed: [slurm-wn2]
2026-03-10 19:58:31,812 p=89586 u=root n=ansible | TASK [slurmd : Iniciar servicio Slurmd (Worker Daemon)] **************************************************************************************************************************************
2026-03-10 19:58:33,104 p=89586 u=root n=ansible | fatal: [slurm-wn1]: FAILED! => {"changed": false, "msg": "Unable to start service slurmd: Job for slurmd.service failed because the control process exited with error code.\nSee \"systemctl status slurmd.service\" and \"journalctl -xeu slurmd.service\" for details.\n"}
2026-03-10 19:58:33,116 p=89586 u=root n=ansible | fatal: [slurm-wn2]: FAILED! => {"changed": false, "msg": "Unable to start service slurmd: Job for slurmd.service failed because the control process exited with error code.\nSee \"systemctl status slurmd.service\" and \"journalctl -xeu slurmd.service\" for details.\n"}
2026-03-10 19:58:33,117 p=89586 u=root n=ansible | PLAY RECAP ***********************************************************************************************************************************************************************************
2026-03-10 19:58:33,118 p=89586 u=root n=ansible | slurm-wn1                  : ok=3    changed=1    unreachable=0    failed=1    skipped=0    rescued=0    ignored=0   
2026-03-10 19:58:33,118 p=89586 u=root n=ansible | slurm-wn2                  : ok=3    changed=1    unreachable=0    failed=1    skipped=0    rescued=0    ignored=0   
2026-03-10 20:11:11,781 p=89795 u=root n=ansible | PLAY [Configuraciones especificas de los workers] ********************************************************************************************************************************************
2026-03-10 20:11:11,791 p=89795 u=root n=ansible | TASK [Gathering Facts] ***********************************************************************************************************************************************************************
2026-03-10 20:11:14,731 p=89795 u=root n=ansible | ok: [slurm-wn1]
2026-03-10 20:11:14,762 p=89795 u=root n=ansible | ok: [slurm-wn2]
2026-03-10 20:11:14,793 p=89795 u=root n=ansible | TASK [slurmd : Asegurar directorio de configuración] *****************************************************************************************************************************************
2026-03-10 20:11:15,546 p=89795 u=root n=ansible | ok: [slurm-wn1]
2026-03-10 20:11:15,568 p=89795 u=root n=ansible | ok: [slurm-wn2]
2026-03-10 20:11:15,578 p=89795 u=root n=ansible | TASK [slurmd : Distribuir configuración de Cgroups] ******************************************************************************************************************************************
2026-03-10 20:11:16,797 p=89795 u=root n=ansible | ok: [slurm-wn1]
2026-03-10 20:11:16,799 p=89795 u=root n=ansible | ok: [slurm-wn2]
2026-03-10 20:11:16,810 p=89795 u=root n=ansible | TASK [slurmd : Iniciar servicio Slurmd (Worker Daemon)] **************************************************************************************************************************************
2026-03-10 20:11:18,140 p=89795 u=root n=ansible | fatal: [slurm-wn1]: FAILED! => {"changed": false, "msg": "Unable to start service slurmd: Job for slurmd.service failed because the control process exited with error code.\nSee \"systemctl status slurmd.service\" and \"journalctl -xeu slurmd.service\" for details.\n"}
2026-03-10 20:11:18,141 p=89795 u=root n=ansible | fatal: [slurm-wn2]: FAILED! => {"changed": false, "msg": "Unable to start service slurmd: Job for slurmd.service failed because the control process exited with error code.\nSee \"systemctl status slurmd.service\" and \"journalctl -xeu slurmd.service\" for details.\n"}
2026-03-10 20:11:18,143 p=89795 u=root n=ansible | PLAY RECAP ***********************************************************************************************************************************************************************************
2026-03-10 20:11:18,144 p=89795 u=root n=ansible | slurm-wn1                  : ok=3    changed=0    unreachable=0    failed=1    skipped=0    rescued=0    ignored=0   
2026-03-10 20:11:18,144 p=89795 u=root n=ansible | slurm-wn2                  : ok=3    changed=0    unreachable=0    failed=1    skipped=0    rescued=0    ignored=0   
2026-03-10 20:35:54,308 p=90310 u=root n=ansible | PLAY [Configuracion General de todo el cluster] **********************************************************************************************************************************************
2026-03-10 20:35:54,321 p=90310 u=root n=ansible | TASK [Gathering Facts] ***********************************************************************************************************************************************************************
2026-03-10 20:35:55,998 p=90310 u=root n=ansible | ok: [slurm-hn]
2026-03-10 20:35:56,955 p=90310 u=root n=ansible | ok: [slurm-wn2]
2026-03-10 20:35:56,971 p=90310 u=root n=ansible | ok: [slurm-wn1]
2026-03-10 20:35:57,011 p=90310 u=root n=ansible | TASK [common : Configurar hostname del nodo] *************************************************************************************************************************************************
2026-03-10 20:35:58,036 p=90310 u=root n=ansible | ok: [slurm-hn]
2026-03-10 20:35:58,251 p=90310 u=root n=ansible | ok: [slurm-wn1]
2026-03-10 20:35:58,267 p=90310 u=root n=ansible | ok: [slurm-wn2]
2026-03-10 20:35:58,276 p=90310 u=root n=ansible | TASK [common : Configurar archivo '/etc/hosts'] **********************************************************************************************************************************************
2026-03-10 20:35:59,220 p=90310 u=root n=ansible | ok: [slurm-hn]
2026-03-10 20:35:59,470 p=90310 u=root n=ansible | ok: [slurm-wn1]
2026-03-10 20:35:59,498 p=90310 u=root n=ansible | ok: [slurm-wn2]
2026-03-10 20:35:59,509 p=90310 u=root n=ansible | TASK [common : Crear grupos del sistema] *****************************************************************************************************************************************************
2026-03-10 20:35:59,984 p=90310 u=root n=ansible | ok: [slurm-hn] => (item={'name': 'munge'})
2026-03-10 20:36:00,187 p=90310 u=root n=ansible | ok: [slurm-wn1] => (item={'name': 'munge'})
2026-03-10 20:36:00,197 p=90310 u=root n=ansible | ok: [slurm-wn2] => (item={'name': 'munge'})
2026-03-10 20:36:00,309 p=90310 u=root n=ansible | ok: [slurm-hn] => (item={'name': 'slurm'})
2026-03-10 20:36:00,757 p=90310 u=root n=ansible | ok: [slurm-wn1] => (item={'name': 'slurm'})
2026-03-10 20:36:00,775 p=90310 u=root n=ansible | ok: [slurm-wn2] => (item={'name': 'slurm'})
2026-03-10 20:36:00,788 p=90310 u=root n=ansible | TASK [common : Crear usuarios del sistema] ***************************************************************************************************************************************************
2026-03-10 20:36:01,394 p=90310 u=root n=ansible | ok: [slurm-hn] => (item={'name': 'munge', 'shell': '/usr/sbin/nologin', 'home': '/var/lib/munge'})
2026-03-10 20:36:01,587 p=90310 u=root n=ansible | ok: [slurm-wn1] => (item={'name': 'munge', 'shell': '/usr/sbin/nologin', 'home': '/var/lib/munge'})
2026-03-10 20:36:01,611 p=90310 u=root n=ansible | ok: [slurm-wn2] => (item={'name': 'munge', 'shell': '/usr/sbin/nologin', 'home': '/var/lib/munge'})
2026-03-10 20:36:01,772 p=90310 u=root n=ansible | ok: [slurm-hn] => (item={'name': 'slurm', 'shell': '/bin/bash', 'home': '/var/lib/slurm'})
2026-03-10 20:36:02,260 p=90310 u=root n=ansible | ok: [slurm-wn1] => (item={'name': 'slurm', 'shell': '/bin/bash', 'home': '/var/lib/slurm'})
2026-03-10 20:36:02,269 p=90310 u=root n=ansible | ok: [slurm-wn2] => (item={'name': 'slurm', 'shell': '/bin/bash', 'home': '/var/lib/slurm'})
2026-03-10 20:36:02,282 p=90310 u=root n=ansible | TASK [common : Actualizar cache de apt] ******************************************************************************************************************************************************
2026-03-10 20:36:03,560 p=90310 u=root n=ansible | ok: [slurm-wn2]
2026-03-10 20:36:03,570 p=90310 u=root n=ansible | ok: [slurm-wn1]
2026-03-10 20:36:12,744 p=90310 u=root n=ansible | changed: [slurm-hn]
2026-03-10 20:36:12,756 p=90310 u=root n=ansible | TASK [common : Extender la partición root para ocupar todo el disco] *************************************************************************************************************************
2026-03-10 20:36:13,396 p=90310 u=root n=ansible | fatal: [slurm-hn]: FAILED! => {"changed": false, "cmd": ["growpart", "/dev/vda", "2"], "delta": "0:00:00.124498", "end": "2026-03-10 20:36:13.352346", "msg": "non-zero return code", "rc": 1, "start": "2026-03-10 20:36:13.227848", "stderr": "", "stderr_lines": [], "stdout": "NOCHANGE: partition 2 is size 52424671. it cannot be grown", "stdout_lines": ["NOCHANGE: partition 2 is size 52424671. it cannot be grown"]}
2026-03-10 20:36:13,397 p=90310 u=root n=ansible | ...ignoring
2026-03-10 20:36:13,593 p=90310 u=root n=ansible | fatal: [slurm-wn1]: FAILED! => {"changed": false, "cmd": ["growpart", "/dev/vda", "2"], "delta": "0:00:00.110348", "end": "2026-03-10 20:36:08.524535", "msg": "non-zero return code", "rc": 1, "start": "2026-03-10 20:36:08.414187", "stderr": "", "stderr_lines": [], "stdout": "NOCHANGE: partition 2 is size 52424671. it cannot be grown", "stdout_lines": ["NOCHANGE: partition 2 is size 52424671. it cannot be grown"]}
2026-03-10 20:36:13,593 p=90310 u=root n=ansible | ...ignoring
2026-03-10 20:36:13,643 p=90310 u=root n=ansible | fatal: [slurm-wn2]: FAILED! => {"changed": false, "cmd": ["growpart", "/dev/vda", "2"], "delta": "0:00:00.119892", "end": "2026-03-10 20:36:08.738384", "msg": "non-zero return code", "rc": 1, "start": "2026-03-10 20:36:08.618492", "stderr": "", "stderr_lines": [], "stdout": "NOCHANGE: partition 2 is size 52424671. it cannot be grown", "stdout_lines": ["NOCHANGE: partition 2 is size 52424671. it cannot be grown"]}
2026-03-10 20:36:13,643 p=90310 u=root n=ansible | ...ignoring
2026-03-10 20:36:13,651 p=90310 u=root n=ansible | TASK [common : Redimensionar el sistema de archivos ext4] ************************************************************************************************************************************
2026-03-10 20:36:13,689 p=90310 u=root n=ansible | skipping: [slurm-hn]
2026-03-10 20:36:13,692 p=90310 u=root n=ansible | skipping: [slurm-wn1]
2026-03-10 20:36:13,703 p=90310 u=root n=ansible | skipping: [slurm-wn2]
2026-03-10 20:36:13,712 p=90310 u=root n=ansible | TASK [common : Instalar paquetes comunes] ****************************************************************************************************************************************************
2026-03-10 20:36:14,997 p=90310 u=root n=ansible | ok: [slurm-hn]
2026-03-10 20:36:15,182 p=90310 u=root n=ansible | ok: [slurm-wn2]
2026-03-10 20:36:15,307 p=90310 u=root n=ansible | ok: [slurm-wn1]
2026-03-10 20:36:15,322 p=90310 u=root n=ansible | TASK [common : Crear directorios de Munge] ***************************************************************************************************************************************************
2026-03-10 20:36:15,656 p=90310 u=root n=ansible | ok: [slurm-hn] => (item=/etc/munge)
2026-03-10 20:36:15,933 p=90310 u=root n=ansible | ok: [slurm-wn1] => (item=/etc/munge)
2026-03-10 20:36:15,958 p=90310 u=root n=ansible | ok: [slurm-wn2] => (item=/etc/munge)
2026-03-10 20:36:15,962 p=90310 u=root n=ansible | ok: [slurm-hn] => (item=/var/log/munge)
2026-03-10 20:36:16,277 p=90310 u=root n=ansible | ok: [slurm-hn] => (item=/var/lib/munge)
2026-03-10 20:36:16,515 p=90310 u=root n=ansible | ok: [slurm-wn1] => (item=/var/log/munge)
2026-03-10 20:36:16,531 p=90310 u=root n=ansible | ok: [slurm-wn2] => (item=/var/log/munge)
2026-03-10 20:36:17,098 p=90310 u=root n=ansible | ok: [slurm-wn1] => (item=/var/lib/munge)
2026-03-10 20:36:17,122 p=90310 u=root n=ansible | ok: [slurm-wn2] => (item=/var/lib/munge)
2026-03-10 20:36:17,135 p=90310 u=root n=ansible | TASK [common : Crear directorios de Slurm] ***************************************************************************************************************************************************
2026-03-10 20:36:17,477 p=90310 u=root n=ansible | ok: [slurm-hn] => (item=/var/log/slurm-llnl)
2026-03-10 20:36:17,773 p=90310 u=root n=ansible | ok: [slurm-wn2] => (item=/var/log/slurm-llnl)
2026-03-10 20:36:17,775 p=90310 u=root n=ansible | ok: [slurm-wn1] => (item=/var/log/slurm-llnl)
2026-03-10 20:36:17,798 p=90310 u=root n=ansible | ok: [slurm-hn] => (item=/var/lib/slurm-llnl)
2026-03-10 20:36:18,109 p=90310 u=root n=ansible | ok: [slurm-hn] => (item=/var/lib/slurm/slurmd)
2026-03-10 20:36:18,372 p=90310 u=root n=ansible | ok: [slurm-wn1] => (item=/var/lib/slurm-llnl)
2026-03-10 20:36:18,379 p=90310 u=root n=ansible | ok: [slurm-wn2] => (item=/var/lib/slurm-llnl)
2026-03-10 20:36:18,426 p=90310 u=root n=ansible | ok: [slurm-hn] => (item=/var/lib/slurm/slurmctld)
2026-03-10 20:36:18,743 p=90310 u=root n=ansible | ok: [slurm-hn] => (item=/etc/slurm-llnl)
2026-03-10 20:36:18,943 p=90310 u=root n=ansible | ok: [slurm-wn1] => (item=/var/lib/slurm/slurmd)
2026-03-10 20:36:18,968 p=90310 u=root n=ansible | ok: [slurm-wn2] => (item=/var/lib/slurm/slurmd)
2026-03-10 20:36:19,524 p=90310 u=root n=ansible | ok: [slurm-wn1] => (item=/var/lib/slurm/slurmctld)
2026-03-10 20:36:19,560 p=90310 u=root n=ansible | ok: [slurm-wn2] => (item=/var/lib/slurm/slurmctld)
2026-03-10 20:36:20,104 p=90310 u=root n=ansible | ok: [slurm-wn1] => (item=/etc/slurm-llnl)
2026-03-10 20:36:20,144 p=90310 u=root n=ansible | ok: [slurm-wn2] => (item=/etc/slurm-llnl)
2026-03-10 20:36:20,158 p=90310 u=root n=ansible | TASK [common : Distribuir archivo slurm.conf] ************************************************************************************************************************************************
2026-03-10 20:36:20,818 p=90310 u=root n=ansible | ok: [slurm-hn]
2026-03-10 20:36:21,319 p=90310 u=root n=ansible | ok: [slurm-wn2]
2026-03-10 20:36:21,320 p=90310 u=root n=ansible | ok: [slurm-wn1]
2026-03-10 20:36:21,331 p=90310 u=root n=ansible | TASK [common : Detener munge inicialmente] ***************************************************************************************************************************************************
2026-03-10 20:36:22,277 p=90310 u=root n=ansible | changed: [slurm-hn]
2026-03-10 20:36:22,471 p=90310 u=root n=ansible | changed: [slurm-wn1]
2026-03-10 20:36:22,472 p=90310 u=root n=ansible | changed: [slurm-wn2]
2026-03-10 20:36:22,481 p=90310 u=root n=ansible | TASK [common : Asegurar que el directorio /etc/slurm existe (Link target)] *******************************************************************************************************************
2026-03-10 20:36:22,837 p=90310 u=root n=ansible | ok: [slurm-hn]
2026-03-10 20:36:23,121 p=90310 u=root n=ansible | changed: [slurm-wn1]
2026-03-10 20:36:23,123 p=90310 u=root n=ansible | changed: [slurm-wn2]
2026-03-10 20:36:23,134 p=90310 u=root n=ansible | TASK [common : Crear enlace simbólico para compatibilidad de rutas de Slurm] *****************************************************************************************************************
2026-03-10 20:36:23,458 p=90310 u=root n=ansible | ok: [slurm-hn]
2026-03-10 20:36:23,745 p=90310 u=root n=ansible | changed: [slurm-wn1]
2026-03-10 20:36:23,775 p=90310 u=root n=ansible | changed: [slurm-wn2]
2026-03-10 20:36:23,834 p=90310 u=root n=ansible | TASK [Mensaje final de configuracion general] ************************************************************************************************************************************************
2026-03-10 20:36:23,870 p=90310 u=root n=ansible | ok: [slurm-hn] => {
    "msg": [
        "=========================================",
        "Configuracion General Completada",
        "========================================="
    ]
}
2026-03-10 20:36:23,872 p=90310 u=root n=ansible | ok: [slurm-wn1] => {
    "msg": [
        "=========================================",
        "Configuracion General Completada",
        "========================================="
    ]
}
2026-03-10 20:36:23,882 p=90310 u=root n=ansible | ok: [slurm-wn2] => {
    "msg": [
        "=========================================",
        "Configuracion General Completada",
        "========================================="
    ]
}
2026-03-10 20:36:23,919 p=90310 u=root n=ansible | PLAY [Resumen] *******************************************************************************************************************************************************************************
2026-03-10 20:36:23,924 p=90310 u=root n=ansible | TASK [Display deployment summary] ************************************************************************************************************************************************************
2026-03-10 20:36:23,949 p=90310 u=root n=ansible | ok: [localhost] => {
    "msg": [
        "",
        "=========================================",
        "Cluster SLURM configurado",
        "=========================================",
        ""
    ]
}
2026-03-10 20:36:23,955 p=90310 u=root n=ansible | PLAY RECAP ***********************************************************************************************************************************************************************************
2026-03-10 20:36:23,956 p=90310 u=root n=ansible | localhost                  : ok=1    changed=0    unreachable=0    failed=0    skipped=0    rescued=0    ignored=0   
2026-03-10 20:36:23,956 p=90310 u=root n=ansible | slurm-hn                   : ok=15   changed=2    unreachable=0    failed=0    skipped=1    rescued=0    ignored=1   
2026-03-10 20:36:23,956 p=90310 u=root n=ansible | slurm-wn1                  : ok=15   changed=3    unreachable=0    failed=0    skipped=1    rescued=0    ignored=1   
2026-03-10 20:36:23,956 p=90310 u=root n=ansible | slurm-wn2                  : ok=15   changed=3    unreachable=0    failed=0    skipped=1    rescued=0    ignored=1   
2026-03-10 20:37:43,020 p=92036 u=root n=ansible | PLAY [Configuraciones especificas de los workers] ********************************************************************************************************************************************
2026-03-10 20:37:43,031 p=92036 u=root n=ansible | TASK [Gathering Facts] ***********************************************************************************************************************************************************************
2026-03-10 20:37:45,816 p=92036 u=root n=ansible | ok: [slurm-wn1]
2026-03-10 20:37:45,868 p=92036 u=root n=ansible | ok: [slurm-wn2]
2026-03-10 20:37:45,899 p=92036 u=root n=ansible | TASK [slurmd : Asegurar directorio de configuración] *****************************************************************************************************************************************
2026-03-10 20:37:46,662 p=92036 u=root n=ansible | ok: [slurm-wn1] => (item=/etc/slurm-llnl)
2026-03-10 20:37:46,683 p=92036 u=root n=ansible | ok: [slurm-wn2] => (item=/etc/slurm-llnl)
2026-03-10 20:37:47,238 p=92036 u=root n=ansible | ok: [slurm-wn1] => (item=/etc/slurm)
2026-03-10 20:37:47,273 p=92036 u=root n=ansible | ok: [slurm-wn2] => (item=/etc/slurm)
2026-03-10 20:37:47,814 p=92036 u=root n=ansible | ok: [slurm-wn1] => (item=/var/lib/slurm-llnl)
2026-03-10 20:37:47,861 p=92036 u=root n=ansible | ok: [slurm-wn2] => (item=/var/lib/slurm-llnl)
2026-03-10 20:37:48,399 p=92036 u=root n=ansible | ok: [slurm-wn1] => (item=/var/spool/slurmd)
2026-03-10 20:37:48,444 p=92036 u=root n=ansible | ok: [slurm-wn2] => (item=/var/spool/slurmd)
2026-03-10 20:37:48,457 p=92036 u=root n=ansible | TASK [slurmd : Enviar slurm.conf maestro a los workers] **************************************************************************************************************************************
2026-03-10 20:37:48,591 p=92036 u=root n=ansible | An exception occurred during task execution. To see the full traceback, use -vvv. The error was: If you are using a module and expect the file to exist on the remote, see the remote_src option
2026-03-10 20:37:48,592 p=92036 u=root n=ansible | fatal: [slurm-wn1]: FAILED! => {"changed": false, "msg": "Could not find or access '../../slurmctld/templates/slurm.conf.j2'\nSearched in:\n\t/root/ansible-cluster-slurm/roles/slurmd/templates/../../slurmctld/templates/slurm.conf.j2\n\t/root/ansible-cluster-slurm/roles/slurmd/../../slurmctld/templates/slurm.conf.j2\n\t/root/ansible-cluster-slurm/roles/slurmd/tasks/templates/../../slurmctld/templates/slurm.conf.j2\n\t/root/ansible-cluster-slurm/roles/slurmd/tasks/../../slurmctld/templates/slurm.conf.j2\n\t/root/ansible-cluster-slurm/playbooks/templates/../../slurmctld/templates/slurm.conf.j2\n\t/root/ansible-cluster-slurm/playbooks/../../slurmctld/templates/slurm.conf.j2 on the Ansible Controller.\nIf you are using a module and expect the file to exist on the remote, see the remote_src option"}
2026-03-10 20:37:48,610 p=92036 u=root n=ansible | An exception occurred during task execution. To see the full traceback, use -vvv. The error was: If you are using a module and expect the file to exist on the remote, see the remote_src option
2026-03-10 20:37:48,610 p=92036 u=root n=ansible | fatal: [slurm-wn2]: FAILED! => {"changed": false, "msg": "Could not find or access '../../slurmctld/templates/slurm.conf.j2'\nSearched in:\n\t/root/ansible-cluster-slurm/roles/slurmd/templates/../../slurmctld/templates/slurm.conf.j2\n\t/root/ansible-cluster-slurm/roles/slurmd/../../slurmctld/templates/slurm.conf.j2\n\t/root/ansible-cluster-slurm/roles/slurmd/tasks/templates/../../slurmctld/templates/slurm.conf.j2\n\t/root/ansible-cluster-slurm/roles/slurmd/tasks/../../slurmctld/templates/slurm.conf.j2\n\t/root/ansible-cluster-slurm/playbooks/templates/../../slurmctld/templates/slurm.conf.j2\n\t/root/ansible-cluster-slurm/playbooks/../../slurmctld/templates/slurm.conf.j2 on the Ansible Controller.\nIf you are using a module and expect the file to exist on the remote, see the remote_src option"}
2026-03-10 20:37:48,612 p=92036 u=root n=ansible | PLAY RECAP ***********************************************************************************************************************************************************************************
2026-03-10 20:37:48,612 p=92036 u=root n=ansible | slurm-wn1                  : ok=2    changed=0    unreachable=0    failed=1    skipped=0    rescued=0    ignored=0   
2026-03-10 20:37:48,612 p=92036 u=root n=ansible | slurm-wn2                  : ok=2    changed=0    unreachable=0    failed=1    skipped=0    rescued=0    ignored=0   
2026-03-10 20:40:20,807 p=92265 u=root n=ansible | PLAY [Configuraciones especificas de los workers] ********************************************************************************************************************************************
2026-03-10 20:40:20,818 p=92265 u=root n=ansible | TASK [Gathering Facts] ***********************************************************************************************************************************************************************
2026-03-10 20:40:23,642 p=92265 u=root n=ansible | ok: [slurm-wn1]
2026-03-10 20:40:23,668 p=92265 u=root n=ansible | ok: [slurm-wn2]
2026-03-10 20:40:23,698 p=92265 u=root n=ansible | TASK [slurmd : Asegurar directorio de configuración] *****************************************************************************************************************************************
2026-03-10 20:40:24,467 p=92265 u=root n=ansible | ok: [slurm-wn1] => (item=/etc/slurm-llnl)
2026-03-10 20:40:24,488 p=92265 u=root n=ansible | ok: [slurm-wn2] => (item=/etc/slurm-llnl)
2026-03-10 20:40:25,049 p=92265 u=root n=ansible | ok: [slurm-wn1] => (item=/etc/slurm)
2026-03-10 20:40:25,089 p=92265 u=root n=ansible | ok: [slurm-wn2] => (item=/etc/slurm)
2026-03-10 20:40:25,649 p=92265 u=root n=ansible | ok: [slurm-wn1] => (item=/var/lib/slurm-llnl)
2026-03-10 20:40:25,691 p=92265 u=root n=ansible | ok: [slurm-wn2] => (item=/var/lib/slurm-llnl)
2026-03-10 20:40:26,239 p=92265 u=root n=ansible | ok: [slurm-wn1] => (item=/var/spool/slurmd)
2026-03-10 20:40:26,281 p=92265 u=root n=ansible | ok: [slurm-wn2] => (item=/var/spool/slurmd)
2026-03-10 20:40:26,294 p=92265 u=root n=ansible | TASK [slurmd : Enviar slurm.conf maestro a los workers] **************************************************************************************************************************************
2026-03-10 20:40:27,564 p=92265 u=root n=ansible | ok: [slurm-wn1]
2026-03-10 20:40:27,605 p=92265 u=root n=ansible | ok: [slurm-wn2]
2026-03-10 20:40:27,618 p=92265 u=root n=ansible | TASK [slurmd : Distribuir configuración de Cgroups] ******************************************************************************************************************************************
2026-03-10 20:40:28,716 p=92265 u=root n=ansible | ok: [slurm-wn1]
2026-03-10 20:40:28,766 p=92265 u=root n=ansible | ok: [slurm-wn2]
2026-03-10 20:40:28,779 p=92265 u=root n=ansible | TASK [slurmd : Iniciar servicio Slurmd (Worker Daemon)] **************************************************************************************************************************************
2026-03-10 20:40:32,042 p=92265 u=root n=ansible | fatal: [slurm-wn1]: FAILED! => {"changed": false, "msg": "Unable to start service slurmd: Job for slurmd.service failed because the control process exited with error code.\nSee \"systemctl status slurmd.service\" and \"journalctl -xeu slurmd.service\" for details.\n"}
2026-03-10 20:40:32,051 p=92265 u=root n=ansible | fatal: [slurm-wn2]: FAILED! => {"changed": false, "msg": "Unable to start service slurmd: Job for slurmd.service failed because the control process exited with error code.\nSee \"systemctl status slurmd.service\" and \"journalctl -xeu slurmd.service\" for details.\n"}
2026-03-10 20:40:32,053 p=92265 u=root n=ansible | PLAY RECAP ***********************************************************************************************************************************************************************************
2026-03-10 20:40:32,054 p=92265 u=root n=ansible | slurm-wn1                  : ok=4    changed=0    unreachable=0    failed=1    skipped=0    rescued=0    ignored=0   
2026-03-10 20:40:32,054 p=92265 u=root n=ansible | slurm-wn2                  : ok=4    changed=0    unreachable=0    failed=1    skipped=0    rescued=0    ignored=0   
2026-03-10 20:42:57,046 p=92569 u=root n=ansible | PLAY [Configuraciones especificas de los workers] ********************************************************************************************************************************************
2026-03-10 20:42:57,061 p=92569 u=root n=ansible | TASK [Gathering Facts] ***********************************************************************************************************************************************************************
2026-03-10 20:42:59,890 p=92569 u=root n=ansible | ok: [slurm-wn2]
2026-03-10 20:42:59,897 p=92569 u=root n=ansible | ok: [slurm-wn1]
2026-03-10 20:42:59,923 p=92569 u=root n=ansible | TASK [munge : Configurar Munge en headnode] **************************************************************************************************************************************************
2026-03-10 20:42:59,949 p=92569 u=root n=ansible | skipping: [slurm-wn1]
2026-03-10 20:42:59,959 p=92569 u=root n=ansible | skipping: [slurm-wn2]
2026-03-10 20:42:59,968 p=92569 u=root n=ansible | TASK [munge : Configurar Munge en workers] ***************************************************************************************************************************************************
2026-03-10 20:43:00,019 p=92569 u=root n=ansible | included: /root/ansible-cluster-slurm/roles/munge/tasks/workers.yml for slurm-wn1, slurm-wn2
2026-03-10 20:43:00,028 p=92569 u=root n=ansible | TASK [munge : Distribuir llave Munge desde el controlador] ***********************************************************************************************************************************
2026-03-10 20:43:01,429 p=92569 u=root n=ansible | ok: [slurm-wn1]
2026-03-10 20:43:01,434 p=92569 u=root n=ansible | ok: [slurm-wn2]
2026-03-10 20:43:01,443 p=92569 u=root n=ansible | TASK [munge : Iniciar servicio Munge en workers] *********************************************************************************************************************************************
2026-03-10 20:43:02,720 p=92569 u=root n=ansible | changed: [slurm-wn2]
2026-03-10 20:43:02,724 p=92569 u=root n=ansible | changed: [slurm-wn1]
2026-03-10 20:43:02,733 p=92569 u=root n=ansible | TASK [munge : Verificar que el socket de Munge esté disponible] ******************************************************************************************************************************
2026-03-10 20:43:03,454 p=92569 u=root n=ansible | ok: [slurm-wn2]
2026-03-10 20:43:03,489 p=92569 u=root n=ansible | ok: [slurm-wn1]
2026-03-10 20:43:03,499 p=92569 u=root n=ansible | TASK [munge : Verificar que Munge responda correctamente] ************************************************************************************************************************************
2026-03-10 20:43:04,193 p=92569 u=root n=ansible | ok: [slurm-wn2]
2026-03-10 20:43:04,248 p=92569 u=root n=ansible | ok: [slurm-wn1]
2026-03-10 20:43:04,271 p=92569 u=root n=ansible | TASK [chrony_client : Configurar Chrony como cliente del Headnode] ***************************************************************************************************************************
2026-03-10 20:43:05,393 p=92569 u=root n=ansible | ok: [slurm-wn1]
2026-03-10 20:43:05,411 p=92569 u=root n=ansible | ok: [slurm-wn2]
2026-03-10 20:43:05,431 p=92569 u=root n=ansible | TASK [ldap_client : Instalar paquetes necesarios para SSSD y LDAP] ***************************************************************************************************************************
2026-03-10 20:43:07,015 p=92569 u=root n=ansible | ok: [slurm-wn2]
2026-03-10 20:43:07,198 p=92569 u=root n=ansible | ok: [slurm-wn1]
2026-03-10 20:43:07,209 p=92569 u=root n=ansible | TASK [ldap_client : Configurar SSSD desde el template] ***************************************************************************************************************************************
2026-03-10 20:43:08,309 p=92569 u=root n=ansible | ok: [slurm-wn1]
2026-03-10 20:43:08,367 p=92569 u=root n=ansible | ok: [slurm-wn2]
2026-03-10 20:43:08,378 p=92569 u=root n=ansible | TASK [ldap_client : Asegurar que SSSD esté habilitado e iniciado] ****************************************************************************************************************************
2026-03-10 20:43:09,283 p=92569 u=root n=ansible | ok: [slurm-wn2]
2026-03-10 20:43:09,287 p=92569 u=root n=ansible | ok: [slurm-wn1]
2026-03-10 20:43:09,294 p=92569 u=root n=ansible | TASK [ldap_client : Configurar mkhomedir en PAM (Workers)] ***********************************************************************************************************************************
2026-03-10 20:43:10,040 p=92569 u=root n=ansible | ok: [slurm-wn1]
2026-03-10 20:43:10,041 p=92569 u=root n=ansible | ok: [slurm-wn2]
2026-03-10 20:43:10,063 p=92569 u=root n=ansible | TASK [nfs_client : Crear puntos de montaje locales] ******************************************************************************************************************************************
2026-03-10 20:43:10,676 p=92569 u=root n=ansible | changed: [slurm-wn1] => (item=/nfs/general)
2026-03-10 20:43:10,710 p=92569 u=root n=ansible | ok: [slurm-wn2] => (item=/nfs/general)
2026-03-10 20:43:11,249 p=92569 u=root n=ansible | changed: [slurm-wn1] => (item=/nfs/privileged)
2026-03-10 20:43:11,305 p=92569 u=root n=ansible | ok: [slurm-wn2] => (item=/nfs/privileged)
2026-03-10 20:43:11,317 p=92569 u=root n=ansible | TASK [nfs_client : Montar directorios NFS desde el Headnode] *********************************************************************************************************************************
2026-03-10 20:43:12,090 p=92569 u=root n=ansible | ok: [slurm-wn1] => (item={'path': '/home', 'src': '/home'})
2026-03-10 20:43:12,092 p=92569 u=root n=ansible | ok: [slurm-wn2] => (item={'path': '/home', 'src': '/home'})
2026-03-10 20:43:12,658 p=92569 u=root n=ansible | ok: [slurm-wn1] => (item={'path': '/nfs/general', 'src': '/nfs/general'})
2026-03-10 20:43:12,675 p=92569 u=root n=ansible | ok: [slurm-wn2] => (item={'path': '/nfs/general', 'src': '/nfs/general'})
2026-03-10 20:43:13,226 p=92569 u=root n=ansible | ok: [slurm-wn1] => (item={'path': '/nfs/privileged', 'src': '/nfs/privileged'})
2026-03-10 20:43:13,271 p=92569 u=root n=ansible | ok: [slurm-wn2] => (item={'path': '/nfs/privileged', 'src': '/nfs/privileged'})
2026-03-10 20:43:13,295 p=92569 u=root n=ansible | TASK [slurmd : Asegurar directorio de configuración] *****************************************************************************************************************************************
2026-03-10 20:43:13,896 p=92569 u=root n=ansible | ok: [slurm-wn1] => (item=/etc/slurm-llnl)
2026-03-10 20:43:13,927 p=92569 u=root n=ansible | ok: [slurm-wn2] => (item=/etc/slurm-llnl)
2026-03-10 20:43:14,461 p=92569 u=root n=ansible | ok: [slurm-wn1] => (item=/etc/slurm)
2026-03-10 20:43:14,519 p=92569 u=root n=ansible | ok: [slurm-wn2] => (item=/etc/slurm)
2026-03-10 20:43:15,047 p=92569 u=root n=ansible | ok: [slurm-wn1] => (item=/var/lib/slurm-llnl)
2026-03-10 20:43:15,106 p=92569 u=root n=ansible | ok: [slurm-wn2] => (item=/var/lib/slurm-llnl)
2026-03-10 20:43:15,624 p=92569 u=root n=ansible | ok: [slurm-wn1] => (item=/var/spool/slurmd)
2026-03-10 20:43:15,691 p=92569 u=root n=ansible | ok: [slurm-wn2] => (item=/var/spool/slurmd)
2026-03-10 20:43:15,702 p=92569 u=root n=ansible | TASK [slurmd : Enviar slurm.conf maestro a los workers] **************************************************************************************************************************************
2026-03-10 20:43:16,815 p=92569 u=root n=ansible | ok: [slurm-wn1]
2026-03-10 20:43:16,862 p=92569 u=root n=ansible | ok: [slurm-wn2]
2026-03-10 20:43:16,873 p=92569 u=root n=ansible | TASK [slurmd : Distribuir configuración de Cgroups] ******************************************************************************************************************************************
2026-03-10 20:43:17,968 p=92569 u=root n=ansible | ok: [slurm-wn1]
2026-03-10 20:43:18,013 p=92569 u=root n=ansible | ok: [slurm-wn2]
2026-03-10 20:43:18,024 p=92569 u=root n=ansible | TASK [slurmd : Iniciar servicio Slurmd (Worker Daemon)] **************************************************************************************************************************************
2026-03-10 20:43:19,041 p=92569 u=root n=ansible | changed: [slurm-wn2]
2026-03-10 20:43:19,045 p=92569 u=root n=ansible | changed: [slurm-wn1]
2026-03-10 20:43:19,082 p=92569 u=root n=ansible | TASK [Mensaje final de configuracion de los workers] *****************************************************************************************************************************************
2026-03-10 20:43:19,109 p=92569 u=root n=ansible | ok: [slurm-wn1] => {
    "msg": [
        "=========================================",
        "Configuracion de los Workers Completada",
        "========================================="
    ]
}
2026-03-10 20:43:19,120 p=92569 u=root n=ansible | ok: [slurm-wn2] => {
    "msg": [
        "=========================================",
        "Configuracion de los Workers Completada",
        "========================================="
    ]
}
2026-03-10 20:43:19,149 p=92569 u=root n=ansible | PLAY [Resumen] *******************************************************************************************************************************************************************************
2026-03-10 20:43:19,154 p=92569 u=root n=ansible | TASK [Display deployment summary] ************************************************************************************************************************************************************
2026-03-10 20:43:19,181 p=92569 u=root n=ansible | ok: [localhost] => {
    "msg": [
        "",
        "=========================================",
        "Cluster SLURM configurado",
        "=========================================",
        ""
    ]
}
2026-03-10 20:43:19,188 p=92569 u=root n=ansible | PLAY RECAP ***********************************************************************************************************************************************************************************
2026-03-10 20:43:19,189 p=92569 u=root n=ansible | localhost                  : ok=1    changed=0    unreachable=0    failed=0    skipped=0    rescued=0    ignored=0   
2026-03-10 20:43:19,189 p=92569 u=root n=ansible | slurm-wn1                  : ok=18   changed=3    unreachable=0    failed=0    skipped=1    rescued=0    ignored=0   
2026-03-10 20:43:19,189 p=92569 u=root n=ansible | slurm-wn2                  : ok=18   changed=2    unreachable=0    failed=0    skipped=1    rescued=0    ignored=0   
2026-03-10 20:44:10,976 p=93315 u=root n=ansible | PLAY [Configuraciones especificas de los workers] ********************************************************************************************************************************************
2026-03-10 20:44:10,985 p=93315 u=root n=ansible | TASK [Gathering Facts] ***********************************************************************************************************************************************************************
2026-03-10 20:44:12,827 p=93315 u=root n=ansible | ok: [slurm-wn1]
2026-03-10 20:44:12,833 p=93315 u=root n=ansible | ok: [slurm-wn2]
2026-03-10 20:44:12,858 p=93315 u=root n=ansible | TASK [Configurar SSH keys en workers] ********************************************************************************************************************************************************
2026-03-10 20:44:12,911 p=93315 u=root n=ansible | TASK [ssh_keys : Agregar llave SSH publica para ingresar como root a los workers] ************************************************************************************************************
2026-03-10 20:44:13,812 p=93315 u=root n=ansible | changed: [slurm-wn1]
2026-03-10 20:44:13,829 p=93315 u=root n=ansible | changed: [slurm-wn2]
2026-03-10 20:44:13,869 p=93315 u=root n=ansible | TASK [Mensaje final de configuracion de los workers] *****************************************************************************************************************************************
2026-03-10 20:44:13,894 p=93315 u=root n=ansible | ok: [slurm-wn1] => {
    "msg": [
        "=========================================",
        "Configuracion de los Workers Completada",
        "========================================="
    ]
}
2026-03-10 20:44:13,905 p=93315 u=root n=ansible | ok: [slurm-wn2] => {
    "msg": [
        "=========================================",
        "Configuracion de los Workers Completada",
        "========================================="
    ]
}
2026-03-10 20:44:13,930 p=93315 u=root n=ansible | PLAY [Resumen] *******************************************************************************************************************************************************************************
2026-03-10 20:44:13,935 p=93315 u=root n=ansible | TASK [Display deployment summary] ************************************************************************************************************************************************************
2026-03-10 20:44:13,957 p=93315 u=root n=ansible | ok: [localhost] => {
    "msg": [
        "",
        "=========================================",
        "Cluster SLURM configurado",
        "=========================================",
        ""
    ]
}
2026-03-10 20:44:13,964 p=93315 u=root n=ansible | PLAY RECAP ***********************************************************************************************************************************************************************************
2026-03-10 20:44:13,964 p=93315 u=root n=ansible | localhost                  : ok=1    changed=0    unreachable=0    failed=0    skipped=0    rescued=0    ignored=0   
2026-03-10 20:44:13,965 p=93315 u=root n=ansible | slurm-wn1                  : ok=3    changed=1    unreachable=0    failed=0    skipped=0    rescued=0    ignored=0   
2026-03-10 20:44:13,965 p=93315 u=root n=ansible | slurm-wn2                  : ok=3    changed=1    unreachable=0    failed=0    skipped=0    rescued=0    ignored=0   
2026-03-10 21:23:42,456 p=94441 u=root n=ansible | PLAY [Instalar SSHPASS para la conexion ssh de headnode a workers] ***************************************************************************************************************************
2026-03-10 21:23:42,467 p=94441 u=root n=ansible | TASK [Gathering Facts] ***********************************************************************************************************************************************************************
2026-03-10 21:23:44,090 p=94441 u=root n=ansible | ok: [slurm-hn]
2026-03-10 21:23:44,109 p=94441 u=root n=ansible | TASK [initial_setup : Actualizar cache de apt] ***********************************************************************************************************************************************
2026-03-10 21:23:45,131 p=94441 u=root n=ansible | ok: [slurm-hn]
2026-03-10 21:23:45,141 p=94441 u=root n=ansible | TASK [initial_setup : Instalar sshpass] ******************************************************************************************************************************************************
2026-03-10 21:23:46,279 p=94441 u=root n=ansible | ok: [slurm-hn]
2026-03-10 21:23:46,289 p=94441 u=root n=ansible | TASK [initial_setup : Instalar rng-tools] ****************************************************************************************************************************************************
2026-03-10 21:23:47,346 p=94441 u=root n=ansible | ok: [slurm-hn]
2026-03-10 21:23:47,374 p=94441 u=root n=ansible | TASK [Mensaje final de configuracion general] ************************************************************************************************************************************************
2026-03-10 21:23:47,398 p=94441 u=root n=ansible | ok: [slurm-hn] => {
    "msg": [
        "=========================================",
        " Configuracion Inicial Completada",
        "========================================="
    ]
}
2026-03-10 21:23:47,416 p=94441 u=root n=ansible | PLAY [Configuracion General de todo el cluster] **********************************************************************************************************************************************
2026-03-10 21:23:47,429 p=94441 u=root n=ansible | TASK [Gathering Facts] ***********************************************************************************************************************************************************************
2026-03-10 21:23:48,615 p=94441 u=root n=ansible | ok: [slurm-hn]
2026-03-10 21:23:49,975 p=94441 u=root n=ansible | ok: [slurm-wn2]
2026-03-10 21:23:50,015 p=94441 u=root n=ansible | ok: [slurm-wn1]
2026-03-10 21:23:50,051 p=94441 u=root n=ansible | TASK [common : Configurar hostname del nodo] *************************************************************************************************************************************************
2026-03-10 21:23:51,073 p=94441 u=root n=ansible | ok: [slurm-hn]
2026-03-10 21:23:51,312 p=94441 u=root n=ansible | ok: [slurm-wn1]
2026-03-10 21:23:51,356 p=94441 u=root n=ansible | ok: [slurm-wn2]
2026-03-10 21:23:51,371 p=94441 u=root n=ansible | TASK [common : Configurar archivo '/etc/hosts'] **********************************************************************************************************************************************
2026-03-10 21:23:52,384 p=94441 u=root n=ansible | ok: [slurm-hn]
2026-03-10 21:23:52,591 p=94441 u=root n=ansible | ok: [slurm-wn1]
2026-03-10 21:23:52,605 p=94441 u=root n=ansible | ok: [slurm-wn2]
2026-03-10 21:23:52,615 p=94441 u=root n=ansible | TASK [common : Crear grupos del sistema] *****************************************************************************************************************************************************
2026-03-10 21:23:53,115 p=94441 u=root n=ansible | ok: [slurm-hn] => (item={'name': 'munge'})
2026-03-10 21:23:53,319 p=94441 u=root n=ansible | ok: [slurm-wn1] => (item={'name': 'munge'})
2026-03-10 21:23:53,325 p=94441 u=root n=ansible | ok: [slurm-wn2] => (item={'name': 'munge'})
2026-03-10 21:23:53,426 p=94441 u=root n=ansible | ok: [slurm-hn] => (item={'name': 'slurm'})
2026-03-10 21:23:53,886 p=94441 u=root n=ansible | ok: [slurm-wn1] => (item={'name': 'slurm'})
2026-03-10 21:23:53,899 p=94441 u=root n=ansible | ok: [slurm-wn2] => (item={'name': 'slurm'})
2026-03-10 21:23:53,911 p=94441 u=root n=ansible | TASK [common : Crear usuarios del sistema] ***************************************************************************************************************************************************
2026-03-10 21:23:54,534 p=94441 u=root n=ansible | ok: [slurm-hn] => (item={'name': 'munge', 'shell': '/usr/sbin/nologin', 'home': '/var/lib/munge'})
2026-03-10 21:23:54,744 p=94441 u=root n=ansible | ok: [slurm-wn1] => (item={'name': 'munge', 'shell': '/usr/sbin/nologin', 'home': '/var/lib/munge'})
2026-03-10 21:23:54,764 p=94441 u=root n=ansible | ok: [slurm-wn2] => (item={'name': 'munge', 'shell': '/usr/sbin/nologin', 'home': '/var/lib/munge'})
2026-03-10 21:23:54,921 p=94441 u=root n=ansible | ok: [slurm-hn] => (item={'name': 'slurm', 'shell': '/bin/bash', 'home': '/var/lib/slurm'})
2026-03-10 21:23:55,403 p=94441 u=root n=ansible | ok: [slurm-wn1] => (item={'name': 'slurm', 'shell': '/bin/bash', 'home': '/var/lib/slurm'})
2026-03-10 21:23:55,436 p=94441 u=root n=ansible | ok: [slurm-wn2] => (item={'name': 'slurm', 'shell': '/bin/bash', 'home': '/var/lib/slurm'})
2026-03-10 21:23:55,448 p=94441 u=root n=ansible | TASK [common : Actualizar cache de apt] ******************************************************************************************************************************************************
2026-03-10 21:23:56,356 p=94441 u=root n=ansible | ok: [slurm-hn]
2026-03-10 21:24:05,993 p=94441 u=root n=ansible | changed: [slurm-wn2]
2026-03-10 21:24:06,184 p=94441 u=root n=ansible | changed: [slurm-wn1]
2026-03-10 21:24:06,197 p=94441 u=root n=ansible | TASK [common : Extender la partición root para ocupar todo el disco] *************************************************************************************************************************
2026-03-10 21:24:06,882 p=94441 u=root n=ansible | fatal: [slurm-hn]: FAILED! => {"changed": false, "cmd": ["growpart", "/dev/vda", "2"], "delta": "0:00:00.136737", "end": "2026-03-10 21:24:06.833273", "msg": "non-zero return code", "rc": 1, "start": "2026-03-10 21:24:06.696536", "stderr": "", "stderr_lines": [], "stdout": "NOCHANGE: partition 2 is size 52424671. it cannot be grown", "stdout_lines": ["NOCHANGE: partition 2 is size 52424671. it cannot be grown"]}
2026-03-10 21:24:06,883 p=94441 u=root n=ansible | ...ignoring
2026-03-10 21:24:07,059 p=94441 u=root n=ansible | fatal: [slurm-wn1]: FAILED! => {"changed": false, "cmd": ["growpart", "/dev/vda", "2"], "delta": "0:00:00.110634", "end": "2026-03-10 21:24:01.778554", "msg": "non-zero return code", "rc": 1, "start": "2026-03-10 21:24:01.667920", "stderr": "", "stderr_lines": [], "stdout": "NOCHANGE: partition 2 is size 52424671. it cannot be grown", "stdout_lines": ["NOCHANGE: partition 2 is size 52424671. it cannot be grown"]}
2026-03-10 21:24:07,059 p=94441 u=root n=ansible | ...ignoring
2026-03-10 21:24:07,066 p=94441 u=root n=ansible | fatal: [slurm-wn2]: FAILED! => {"changed": false, "cmd": ["growpart", "/dev/vda", "2"], "delta": "0:00:00.102273", "end": "2026-03-10 21:24:01.943315", "msg": "non-zero return code", "rc": 1, "start": "2026-03-10 21:24:01.841042", "stderr": "", "stderr_lines": [], "stdout": "NOCHANGE: partition 2 is size 52424671. it cannot be grown", "stdout_lines": ["NOCHANGE: partition 2 is size 52424671. it cannot be grown"]}
2026-03-10 21:24:07,067 p=94441 u=root n=ansible | ...ignoring
2026-03-10 21:24:07,075 p=94441 u=root n=ansible | TASK [common : Redimensionar el sistema de archivos ext4] ************************************************************************************************************************************
2026-03-10 21:24:07,111 p=94441 u=root n=ansible | skipping: [slurm-hn]
2026-03-10 21:24:07,114 p=94441 u=root n=ansible | skipping: [slurm-wn1]
2026-03-10 21:24:07,126 p=94441 u=root n=ansible | skipping: [slurm-wn2]
2026-03-10 21:24:07,135 p=94441 u=root n=ansible | TASK [common : Instalar paquetes comunes] ****************************************************************************************************************************************************
2026-03-10 21:24:08,451 p=94441 u=root n=ansible | ok: [slurm-hn]
2026-03-10 21:24:08,606 p=94441 u=root n=ansible | ok: [slurm-wn2]
2026-03-10 21:24:08,644 p=94441 u=root n=ansible | ok: [slurm-wn1]
2026-03-10 21:24:08,655 p=94441 u=root n=ansible | TASK [common : Crear directorios de Munge] ***************************************************************************************************************************************************
2026-03-10 21:24:09,007 p=94441 u=root n=ansible | ok: [slurm-hn] => (item=/etc/munge)
2026-03-10 21:24:09,254 p=94441 u=root n=ansible | ok: [slurm-wn2] => (item=/etc/munge)
2026-03-10 21:24:09,255 p=94441 u=root n=ansible | ok: [slurm-wn1] => (item=/etc/munge)
2026-03-10 21:24:09,321 p=94441 u=root n=ansible | ok: [slurm-hn] => (item=/var/log/munge)
2026-03-10 21:24:09,617 p=94441 u=root n=ansible | ok: [slurm-hn] => (item=/var/lib/munge)
2026-03-10 21:24:09,831 p=94441 u=root n=ansible | ok: [slurm-wn1] => (item=/var/log/munge)
2026-03-10 21:24:09,844 p=94441 u=root n=ansible | ok: [slurm-wn2] => (item=/var/log/munge)
2026-03-10 21:24:10,399 p=94441 u=root n=ansible | ok: [slurm-wn1] => (item=/var/lib/munge)
2026-03-10 21:24:10,446 p=94441 u=root n=ansible | ok: [slurm-wn2] => (item=/var/lib/munge)
2026-03-10 21:24:10,461 p=94441 u=root n=ansible | TASK [common : Crear directorios de Slurm] ***************************************************************************************************************************************************
2026-03-10 21:24:10,819 p=94441 u=root n=ansible | ok: [slurm-hn] => (item=/var/log/slurm)
2026-03-10 21:24:11,104 p=94441 u=root n=ansible | ok: [slurm-wn1] => (item=/var/log/slurm)
2026-03-10 21:24:11,133 p=94441 u=root n=ansible | ok: [slurm-hn] => (item=/var/lib/slurm)
2026-03-10 21:24:11,185 p=94441 u=root n=ansible | ok: [slurm-wn2] => (item=/var/log/slurm)
2026-03-10 21:24:11,461 p=94441 u=root n=ansible | ok: [slurm-hn] => (item=/var/lib/slurm/slurmd)
2026-03-10 21:24:11,677 p=94441 u=root n=ansible | ok: [slurm-wn1] => (item=/var/lib/slurm)
2026-03-10 21:24:11,778 p=94441 u=root n=ansible | ok: [slurm-wn2] => (item=/var/lib/slurm)
2026-03-10 21:24:11,787 p=94441 u=root n=ansible | ok: [slurm-hn] => (item=/var/lib/slurm/slurmctld)
2026-03-10 21:24:12,091 p=94441 u=root n=ansible | ok: [slurm-hn] => (item=/etc/slurm)
2026-03-10 21:24:12,323 p=94441 u=root n=ansible | ok: [slurm-wn1] => (item=/var/lib/slurm/slurmd)
2026-03-10 21:24:12,375 p=94441 u=root n=ansible | ok: [slurm-wn2] => (item=/var/lib/slurm/slurmd)
2026-03-10 21:24:12,906 p=94441 u=root n=ansible | ok: [slurm-wn1] => (item=/var/lib/slurm/slurmctld)
2026-03-10 21:24:12,979 p=94441 u=root n=ansible | ok: [slurm-wn2] => (item=/var/lib/slurm/slurmctld)
2026-03-10 21:24:13,490 p=94441 u=root n=ansible | ok: [slurm-wn1] => (item=/etc/slurm)
2026-03-10 21:24:13,581 p=94441 u=root n=ansible | ok: [slurm-wn2] => (item=/etc/slurm)
2026-03-10 21:24:13,596 p=94441 u=root n=ansible | TASK [common : Distribuir archivo slurm.conf] ************************************************************************************************************************************************
2026-03-10 21:24:14,415 p=94441 u=root n=ansible | changed: [slurm-hn]
2026-03-10 21:24:14,831 p=94441 u=root n=ansible | changed: [slurm-wn1]
2026-03-10 21:24:14,872 p=94441 u=root n=ansible | changed: [slurm-wn2]
2026-03-10 21:24:14,883 p=94441 u=root n=ansible | TASK [common : Detener munge inicialmente] ***************************************************************************************************************************************************
2026-03-10 21:24:15,794 p=94441 u=root n=ansible | ok: [slurm-hn]
2026-03-10 21:24:16,037 p=94441 u=root n=ansible | changed: [slurm-wn1]
2026-03-10 21:24:16,060 p=94441 u=root n=ansible | changed: [slurm-wn2]
2026-03-10 21:24:16,089 p=94441 u=root n=ansible | TASK [firewall : Configurar reglas de NFTables] **********************************************************************************************************************************************
2026-03-10 21:24:16,752 p=94441 u=root n=ansible | ok: [slurm-hn]
2026-03-10 21:24:17,210 p=94441 u=root n=ansible | ok: [slurm-wn1]
2026-03-10 21:24:17,223 p=94441 u=root n=ansible | ok: [slurm-wn2]
2026-03-10 21:24:17,234 p=94441 u=root n=ansible | TASK [firewall : Habilitar servicio NFTables] ************************************************************************************************************************************************
2026-03-10 21:24:17,841 p=94441 u=root n=ansible | ok: [slurm-hn]
2026-03-10 21:24:18,155 p=94441 u=root n=ansible | ok: [slurm-wn1]
2026-03-10 21:24:18,171 p=94441 u=root n=ansible | ok: [slurm-wn2]
2026-03-10 21:24:18,200 p=94441 u=root n=ansible | TASK [ldap : Configurar SSSD para LDAP] ******************************************************************************************************************************************************
2026-03-10 21:24:18,879 p=94441 u=root n=ansible | ok: [slurm-hn]
2026-03-10 21:24:19,438 p=94441 u=root n=ansible | changed: [slurm-wn1]
2026-03-10 21:24:19,454 p=94441 u=root n=ansible | changed: [slurm-wn2]
2026-03-10 21:24:19,465 p=94441 u=root n=ansible | TASK [ldap : Habilitar servicio SSSD] ********************************************************************************************************************************************************
2026-03-10 21:24:20,062 p=94441 u=root n=ansible | ok: [slurm-hn]
2026-03-10 21:24:20,378 p=94441 u=root n=ansible | ok: [slurm-wn1]
2026-03-10 21:24:20,387 p=94441 u=root n=ansible | ok: [slurm-wn2]
2026-03-10 21:24:20,448 p=94441 u=root n=ansible | TASK [Mensaje final de configuracion general] ************************************************************************************************************************************************
2026-03-10 21:24:20,489 p=94441 u=root n=ansible | ok: [slurm-hn] => {
    "msg": [
        "=========================================",
        "Configuracion General Completada",
        "========================================="
    ]
}
2026-03-10 21:24:21,564 p=94441 u=root n=ansible | TASK [Mensaje final de configuracion general] ************************************************************************************************************************************************
2026-03-10 21:24:21,564 p=94441 u=root n=ansible | changed: [slurm-wn1]
2026-03-10 21:24:21,565 p=94441 u=root n=ansible | changed: [slurm-wn2]
2026-03-10 21:24:21,581 p=94441 u=root n=ansible | TASK [Mensaje final de configuracion general] ************************************************************************************************************************************************
2026-03-10 21:24:21,609 p=94441 u=root n=ansible | ok: [slurm-wn1] => {
    "msg": [
        "=========================================",
        "Configuracion General Completada",
        "========================================="
    ]
}
2026-03-10 21:24:21,626 p=94441 u=root n=ansible | ok: [slurm-wn2] => {
    "msg": [
        "=========================================",
        "Configuracion General Completada",
        "========================================="
    ]
}
2026-03-10 21:24:21,663 p=94441 u=root n=ansible | PLAY [Configuraciones especificas del Headnode] **********************************************************************************************************************************************
2026-03-10 21:24:21,687 p=94441 u=root n=ansible | TASK [Gathering Facts] ***********************************************************************************************************************************************************************
2026-03-10 21:24:22,956 p=94441 u=root n=ansible | ok: [slurm-hn]
2026-03-10 21:24:22,975 p=94441 u=root n=ansible | TASK [munge : Configurar Munge en headnode] **************************************************************************************************************************************************
2026-03-10 21:24:23,023 p=94441 u=root n=ansible | included: /root/ansible-cluster-slurm/roles/munge/tasks/headnode.yml for slurm-hn
2026-03-10 21:24:23,031 p=94441 u=root n=ansible | TASK [munge : Generar llave Munge] ***********************************************************************************************************************************************************
2026-03-10 21:24:23,361 p=94441 u=root n=ansible | ok: [slurm-hn]
2026-03-10 21:24:23,373 p=94441 u=root n=ansible | TASK [munge : Asegurar permisos estrictos de llave Munge] ************************************************************************************************************************************
2026-03-10 21:24:23,719 p=94441 u=root n=ansible | ok: [slurm-hn]
2026-03-10 21:24:23,728 p=94441 u=root n=ansible | TASK [munge : Descargar llave Munge al controlador] ******************************************************************************************************************************************
2026-03-10 21:24:24,200 p=94441 u=root n=ansible | ok: [slurm-hn]
2026-03-10 21:24:24,213 p=94441 u=root n=ansible | TASK [munge : Crear directorio de backup] ****************************************************************************************************************************************************
2026-03-10 21:24:24,559 p=94441 u=root n=ansible | ok: [slurm-hn]
2026-03-10 21:24:24,572 p=94441 u=root n=ansible | TASK [munge : Backup de munge.key] ***********************************************************************************************************************************************************
2026-03-10 21:24:24,911 p=94441 u=root n=ansible | ok: [slurm-hn]
2026-03-10 21:24:24,924 p=94441 u=root n=ansible | TASK [munge : Iniciar servicio Munge] ********************************************************************************************************************************************************
2026-03-10 21:24:25,556 p=94441 u=root n=ansible | changed: [slurm-hn]
2026-03-10 21:24:25,567 p=94441 u=root n=ansible | TASK [munge : Configurar Munge en workers] ***************************************************************************************************************************************************
2026-03-10 21:24:25,591 p=94441 u=root n=ansible | skipping: [slurm-hn]
2026-03-10 21:24:25,603 p=94441 u=root n=ansible | TASK [munge : Verificar que el socket de Munge esté disponible] ******************************************************************************************************************************
2026-03-10 21:24:26,076 p=94441 u=root n=ansible | ok: [slurm-hn]
2026-03-10 21:24:26,087 p=94441 u=root n=ansible | TASK [munge : Verificar que Munge responda correctamente] ************************************************************************************************************************************
2026-03-10 21:24:26,436 p=94441 u=root n=ansible | ok: [slurm-hn]
2026-03-10 21:24:26,454 p=94441 u=root n=ansible | TASK [chrony_server : Asegurar que Chrony use pools de Sudamérica] ***************************************************************************************************************************
2026-03-10 21:24:26,916 p=94441 u=root n=ansible | ok: [slurm-hn]
2026-03-10 21:24:26,929 p=94441 u=root n=ansible | TASK [chrony_server : Permitir sincronización a la red interna] ******************************************************************************************************************************
2026-03-10 21:24:27,273 p=94441 u=root n=ansible | ok: [slurm-hn]
2026-03-10 21:24:27,282 p=94441 u=root n=ansible | TASK [chrony_server : Forzar al Headnode a ser autoritativo (Local Stratum)] *****************************************************************************************************************
2026-03-10 21:24:27,617 p=94441 u=root n=ansible | ok: [slurm-hn]
2026-03-10 21:24:27,633 p=94441 u=root n=ansible | TASK [ldap_server : Instalar utilidades y paquetes OpenLDAP] *********************************************************************************************************************************
2026-03-10 21:24:28,906 p=94441 u=root n=ansible | ok: [slurm-hn]
2026-03-10 21:24:28,916 p=94441 u=root n=ansible | TASK [ldap_server : Detener slapd para configuración manual] *********************************************************************************************************************************
2026-03-10 21:24:29,531 p=94441 u=root n=ansible | changed: [slurm-hn]
2026-03-10 21:24:29,543 p=94441 u=root n=ansible | TASK [ldap_server : Limpiar directorios de LDAP] *********************************************************************************************************************************************
2026-03-10 21:24:29,907 p=94441 u=root n=ansible | changed: [slurm-hn]
2026-03-10 21:24:29,921 p=94441 u=root n=ansible | TASK [ldap_server : Configurar debconf para el dominio] **************************************************************************************************************************************
2026-03-10 21:24:31,679 p=94441 u=root n=ansible | changed: [slurm-hn]
2026-03-10 21:24:31,690 p=94441 u=root n=ansible | TASK [ldap_server : Detener slapd de nuevo (dpkg lo inicia solo)] ****************************************************************************************************************************
2026-03-10 21:24:32,375 p=94441 u=root n=ansible | changed: [slurm-hn]
2026-03-10 21:24:32,383 p=94441 u=root n=ansible | TASK [ldap_server : Crear archivo LDIF de emergencia para estructura completa] ***************************************************************************************************************
2026-03-10 21:24:33,045 p=94441 u=root n=ansible | ok: [slurm-hn]
2026-03-10 21:24:33,056 p=94441 u=root n=ansible | TASK [ldap_server : Inyectar estructura directamente a la base de datos (Offline)] ***********************************************************************************************************
2026-03-10 21:24:33,448 p=94441 u=root n=ansible | changed: [slurm-hn]
2026-03-10 21:24:33,459 p=94441 u=root n=ansible | TASK [ldap_server : Corregir permisos de la base de datos] ***********************************************************************************************************************************
2026-03-10 21:24:33,826 p=94441 u=root n=ansible | ok: [slurm-hn] => (item=/var/lib/ldap)
2026-03-10 21:24:34,138 p=94441 u=root n=ansible | ok: [slurm-hn] => (item=/etc/ldap/slapd.d)
2026-03-10 21:24:34,148 p=94441 u=root n=ansible | TASK [ldap_server : Iniciar slapd definitivo] ************************************************************************************************************************************************
2026-03-10 21:24:34,832 p=94441 u=root n=ansible | changed: [slurm-hn]
2026-03-10 21:24:34,840 p=94441 u=root n=ansible | TASK [ldap_server : Asegurar Unidades Organizativas (Online)] ********************************************************************************************************************************
2026-03-10 21:24:35,411 p=94441 u=root n=ansible | ok: [slurm-hn] => (item={'dn': 'ou=People,dc=cluster,dc=local', 'objectClass': ['top', 'organizationalUnit']})
2026-03-10 21:24:35,813 p=94441 u=root n=ansible | ok: [slurm-hn] => (item={'dn': 'ou=Group,dc=cluster,dc=local', 'objectClass': ['top', 'organizationalUnit']})
2026-03-10 21:24:35,830 p=94441 u=root n=ansible | TASK [nfs_server : Instalar nfs-kernel-server] ***********************************************************************************************************************************************
2026-03-10 21:24:37,059 p=94441 u=root n=ansible | ok: [slurm-hn]
2026-03-10 21:24:37,072 p=94441 u=root n=ansible | TASK [nfs_server : Crear directorios para exportar NFS] **************************************************************************************************************************************
2026-03-10 21:24:37,429 p=94441 u=root n=ansible | ok: [slurm-hn] => (item=/home)
2026-03-10 21:24:37,745 p=94441 u=root n=ansible | changed: [slurm-hn] => (item=/nfs/general)
2026-03-10 21:24:38,070 p=94441 u=root n=ansible | changed: [slurm-hn] => (item=/nfs/privileged)
2026-03-10 21:24:38,084 p=94441 u=root n=ansible | TASK [nfs_server : Configurar exports NFS] ***************************************************************************************************************************************************
2026-03-10 21:24:38,670 p=94441 u=root n=ansible | ok: [slurm-hn]
2026-03-10 21:24:38,679 p=94441 u=root n=ansible | TASK [nfs_server : Aplicar configuración de exports] *****************************************************************************************************************************************
2026-03-10 21:24:39,021 p=94441 u=root n=ansible | changed: [slurm-hn]
2026-03-10 21:24:39,042 p=94441 u=root n=ansible | TASK [mariadb : Instalar mariadb y dependencias] *********************************************************************************************************************************************
2026-03-10 21:24:40,348 p=94441 u=root n=ansible | ok: [slurm-hn]
2026-03-10 21:24:40,358 p=94441 u=root n=ansible | TASK [mariadb : Iniciar servicio MariaDB] ****************************************************************************************************************************************************
2026-03-10 21:24:40,987 p=94441 u=root n=ansible | ok: [slurm-hn]
2026-03-10 21:24:41,001 p=94441 u=root n=ansible | TASK [mariadb : Crear BD para Slurm Accounting] **********************************************************************************************************************************************
2026-03-10 21:24:41,577 p=94441 u=root n=ansible | ok: [slurm-hn]
2026-03-10 21:24:41,587 p=94441 u=root n=ansible | TASK [mariadb : Crear Usuario de Base de Datos y dar permisos] *******************************************************************************************************************************
2026-03-10 21:24:42,170 p=94441 u=root n=ansible | [WARNING]: Option column_case_sensitive is not provided. The default is now false, so the column's name will be uppercased. The default will be changed to true in community.mysql 4.0.0.

2026-03-10 21:24:42,171 p=94441 u=root n=ansible | ok: [slurm-hn]
2026-03-10 21:24:42,182 p=94441 u=root n=ansible | TASK [mariadb : Optimizar MariaDB para Slurm Accounting] *************************************************************************************************************************************
2026-03-10 21:24:42,529 p=94441 u=root n=ansible | ok: [slurm-hn] => (item={'regexp': '^innodb_buffer_pool_size', 'line': 'innodb_buffer_pool_size = 1G'})
2026-03-10 21:24:42,841 p=94441 u=root n=ansible | ok: [slurm-hn] => (item={'regexp': '^innodb_log_file_size', 'line': 'innodb_log_file_size = 64M'})
2026-03-10 21:24:43,145 p=94441 u=root n=ansible | ok: [slurm-hn] => (item={'regexp': '^innodb_lock_wait_timeout', 'line': 'innodb_lock_wait_timeout = 900'})
2026-03-10 21:24:43,466 p=94441 u=root n=ansible | ok: [slurm-hn] => (item={'regexp': '^innodb_flush_log_at_trx_commit', 'line': 'innodb_flush_log_at_trx_commit = 2'})
2026-03-10 21:24:43,484 p=94441 u=root n=ansible | TASK [slurmdbd : Instalar slurmdbd] **********************************************************************************************************************************************************
2026-03-10 21:24:44,735 p=94441 u=root n=ansible | ok: [slurm-hn]
2026-03-10 21:24:44,743 p=94441 u=root n=ansible | TASK [slurmdbd : Asegurar directorio de logs con permisos correctos] *************************************************************************************************************************
2026-03-10 21:24:45,092 p=94441 u=root n=ansible | ok: [slurm-hn]
2026-03-10 21:24:45,103 p=94441 u=root n=ansible | TASK [slurmdbd : Crear archivo de log si no existe] ******************************************************************************************************************************************
2026-03-10 21:24:45,453 p=94441 u=root n=ansible | changed: [slurm-hn]
2026-03-10 21:24:45,463 p=94441 u=root n=ansible | TASK [slurmdbd : Configurar archivo slurmdbd.conf] *******************************************************************************************************************************************
2026-03-10 21:24:46,116 p=94441 u=root n=ansible | changed: [slurm-hn]
2026-03-10 21:24:46,126 p=94441 u=root n=ansible | TASK [slurmdbd : Asegurar que el directorio /etc/slurm existe] *******************************************************************************************************************************
2026-03-10 21:24:46,455 p=94441 u=root n=ansible | ok: [slurm-hn]
2026-03-10 21:24:46,468 p=94441 u=root n=ansible | TASK [slurmdbd : Crear enlace simbólico para la configuración de Slurm] **********************************************************************************************************************
2026-03-10 21:24:46,779 p=94441 u=root n=ansible | fatal: [slurm-hn]: FAILED! => {"changed": false, "gid": 1002, "group": "slurm", "mode": "0600", "msg": "refusing to convert from file to symlink for /etc/slurm/slurmdbd.conf", "owner": "slurm", "path": "/etc/slurm/slurmdbd.conf", "size": 340, "state": "file", "uid": 996}
2026-03-10 21:24:46,781 p=94441 u=root n=ansible | PLAY RECAP ***********************************************************************************************************************************************************************************
2026-03-10 21:24:46,782 p=94441 u=root n=ansible | slurm-hn                   : ok=59   changed=12   unreachable=0    failed=1    skipped=2    rescued=0    ignored=1   
2026-03-10 21:24:46,782 p=94441 u=root n=ansible | slurm-wn1                  : ok=18   changed=5    unreachable=0    failed=0    skipped=1    rescued=0    ignored=1   
2026-03-10 21:24:46,782 p=94441 u=root n=ansible | slurm-wn2                  : ok=18   changed=5    unreachable=0    failed=0    skipped=1    rescued=0    ignored=1   
2026-03-10 21:26:41,721 p=97862 u=root n=ansible | PLAY [Instalar SSHPASS para la conexion ssh de headnode a workers] ***************************************************************************************************************************
2026-03-10 21:26:41,731 p=97862 u=root n=ansible | TASK [Gathering Facts] ***********************************************************************************************************************************************************************
2026-03-10 21:26:43,241 p=97862 u=root n=ansible | ok: [slurm-hn]
2026-03-10 21:26:43,260 p=97862 u=root n=ansible | TASK [initial_setup : Actualizar cache de apt] ***********************************************************************************************************************************************
2026-03-10 21:26:44,268 p=97862 u=root n=ansible | ok: [slurm-hn]
2026-03-10 21:26:44,277 p=97862 u=root n=ansible | TASK [initial_setup : Instalar sshpass] ******************************************************************************************************************************************************
2026-03-10 21:26:45,455 p=97862 u=root n=ansible | ok: [slurm-hn]
2026-03-10 21:26:45,465 p=97862 u=root n=ansible | TASK [initial_setup : Instalar rng-tools] ****************************************************************************************************************************************************
2026-03-10 21:26:46,662 p=97862 u=root n=ansible | ok: [slurm-hn]
2026-03-10 21:26:46,690 p=97862 u=root n=ansible | TASK [Mensaje final de configuracion general] ************************************************************************************************************************************************
2026-03-10 21:26:46,715 p=97862 u=root n=ansible | ok: [slurm-hn] => {
    "msg": [
        "=========================================",
        " Configuracion Inicial Completada",
        "========================================="
    ]
}
2026-03-10 21:26:46,735 p=97862 u=root n=ansible | PLAY [Configuracion General de todo el cluster] **********************************************************************************************************************************************
2026-03-10 21:26:46,747 p=97862 u=root n=ansible | TASK [Gathering Facts] ***********************************************************************************************************************************************************************
2026-03-10 21:26:48,005 p=97862 u=root n=ansible | ok: [slurm-hn]
2026-03-10 21:26:49,245 p=97862 u=root n=ansible | ok: [slurm-wn1]
2026-03-10 21:26:49,319 p=97862 u=root n=ansible | ok: [slurm-wn2]
2026-03-10 21:26:49,359 p=97862 u=root n=ansible | TASK [common : Configurar hostname del nodo] *************************************************************************************************************************************************
2026-03-10 21:26:50,462 p=97862 u=root n=ansible | ok: [slurm-hn]
2026-03-10 21:26:50,696 p=97862 u=root n=ansible | ok: [slurm-wn1]
2026-03-10 21:26:50,726 p=97862 u=root n=ansible | ok: [slurm-wn2]
2026-03-10 21:26:50,737 p=97862 u=root n=ansible | TASK [common : Configurar archivo '/etc/hosts'] **********************************************************************************************************************************************
2026-03-10 21:26:51,757 p=97862 u=root n=ansible | ok: [slurm-hn]
2026-03-10 21:26:51,969 p=97862 u=root n=ansible | ok: [slurm-wn1]
2026-03-10 21:26:51,987 p=97862 u=root n=ansible | ok: [slurm-wn2]
2026-03-10 21:26:51,999 p=97862 u=root n=ansible | TASK [common : Crear grupos del sistema] *****************************************************************************************************************************************************
2026-03-10 21:26:52,496 p=97862 u=root n=ansible | ok: [slurm-hn] => (item={'name': 'munge'})
2026-03-10 21:26:52,695 p=97862 u=root n=ansible | ok: [slurm-wn2] => (item={'name': 'munge'})
2026-03-10 21:26:52,718 p=97862 u=root n=ansible | ok: [slurm-wn1] => (item={'name': 'munge'})
2026-03-10 21:26:52,808 p=97862 u=root n=ansible | ok: [slurm-hn] => (item={'name': 'slurm'})
2026-03-10 21:26:53,291 p=97862 u=root n=ansible | ok: [slurm-wn1] => (item={'name': 'slurm'})
2026-03-10 21:26:53,304 p=97862 u=root n=ansible | ok: [slurm-wn2] => (item={'name': 'slurm'})
2026-03-10 21:26:53,316 p=97862 u=root n=ansible | TASK [common : Crear usuarios del sistema] ***************************************************************************************************************************************************
2026-03-10 21:26:53,955 p=97862 u=root n=ansible | ok: [slurm-hn] => (item={'name': 'munge', 'shell': '/usr/sbin/nologin', 'home': '/var/lib/munge'})
2026-03-10 21:26:54,148 p=97862 u=root n=ansible | ok: [slurm-wn1] => (item={'name': 'munge', 'shell': '/usr/sbin/nologin', 'home': '/var/lib/munge'})
2026-03-10 21:26:54,171 p=97862 u=root n=ansible | ok: [slurm-wn2] => (item={'name': 'munge', 'shell': '/usr/sbin/nologin', 'home': '/var/lib/munge'})
2026-03-10 21:26:54,356 p=97862 u=root n=ansible | ok: [slurm-hn] => (item={'name': 'slurm', 'shell': '/bin/bash', 'home': '/var/lib/slurm'})
2026-03-10 21:26:54,797 p=97862 u=root n=ansible | ok: [slurm-wn1] => (item={'name': 'slurm', 'shell': '/bin/bash', 'home': '/var/lib/slurm'})
2026-03-10 21:26:54,849 p=97862 u=root n=ansible | ok: [slurm-wn2] => (item={'name': 'slurm', 'shell': '/bin/bash', 'home': '/var/lib/slurm'})
2026-03-10 21:26:54,863 p=97862 u=root n=ansible | TASK [common : Actualizar cache de apt] ******************************************************************************************************************************************************
2026-03-10 21:26:55,681 p=97862 u=root n=ansible | ok: [slurm-hn]
2026-03-10 21:26:55,973 p=97862 u=root n=ansible | ok: [slurm-wn1]
2026-03-10 21:26:56,035 p=97862 u=root n=ansible | ok: [slurm-wn2]
2026-03-10 21:26:56,046 p=97862 u=root n=ansible | TASK [common : Extender la partición root para ocupar todo el disco] *************************************************************************************************************************
2026-03-10 21:26:56,670 p=97862 u=root n=ansible | fatal: [slurm-hn]: FAILED! => {"changed": false, "cmd": ["growpart", "/dev/vda", "2"], "delta": "0:00:00.111953", "end": "2026-03-10 21:26:56.632425", "msg": "non-zero return code", "rc": 1, "start": "2026-03-10 21:26:56.520472", "stderr": "", "stderr_lines": [], "stdout": "NOCHANGE: partition 2 is size 52424671. it cannot be grown", "stdout_lines": ["NOCHANGE: partition 2 is size 52424671. it cannot be grown"]}
2026-03-10 21:26:56,671 p=97862 u=root n=ansible | ...ignoring
2026-03-10 21:26:56,880 p=97862 u=root n=ansible | fatal: [slurm-wn1]: FAILED! => {"changed": false, "cmd": ["growpart", "/dev/vda", "2"], "delta": "0:00:00.109414", "end": "2026-03-10 21:26:51.586725", "msg": "non-zero return code", "rc": 1, "start": "2026-03-10 21:26:51.477311", "stderr": "", "stderr_lines": [], "stdout": "NOCHANGE: partition 2 is size 52424671. it cannot be grown", "stdout_lines": ["NOCHANGE: partition 2 is size 52424671. it cannot be grown"]}
2026-03-10 21:26:56,880 p=97862 u=root n=ansible | ...ignoring
2026-03-10 21:26:56,931 p=97862 u=root n=ansible | fatal: [slurm-wn2]: FAILED! => {"changed": false, "cmd": ["growpart", "/dev/vda", "2"], "delta": "0:00:00.113871", "end": "2026-03-10 21:26:51.797124", "msg": "non-zero return code", "rc": 1, "start": "2026-03-10 21:26:51.683253", "stderr": "", "stderr_lines": [], "stdout": "NOCHANGE: partition 2 is size 52424671. it cannot be grown", "stdout_lines": ["NOCHANGE: partition 2 is size 52424671. it cannot be grown"]}
2026-03-10 21:26:56,932 p=97862 u=root n=ansible | ...ignoring
2026-03-10 21:26:56,941 p=97862 u=root n=ansible | TASK [common : Redimensionar el sistema de archivos ext4] ************************************************************************************************************************************
2026-03-10 21:26:56,974 p=97862 u=root n=ansible | skipping: [slurm-hn]
2026-03-10 21:26:56,978 p=97862 u=root n=ansible | skipping: [slurm-wn1]
2026-03-10 21:26:56,988 p=97862 u=root n=ansible | skipping: [slurm-wn2]
2026-03-10 21:26:56,997 p=97862 u=root n=ansible | TASK [common : Instalar paquetes comunes] ****************************************************************************************************************************************************
2026-03-10 21:26:58,298 p=97862 u=root n=ansible | ok: [slurm-hn]
2026-03-10 21:26:58,450 p=97862 u=root n=ansible | ok: [slurm-wn1]
2026-03-10 21:26:58,499 p=97862 u=root n=ansible | ok: [slurm-wn2]
2026-03-10 21:26:58,511 p=97862 u=root n=ansible | TASK [common : Crear directorios de Munge] ***************************************************************************************************************************************************
2026-03-10 21:26:58,851 p=97862 u=root n=ansible | ok: [slurm-hn] => (item=/etc/munge)
2026-03-10 21:26:59,140 p=97862 u=root n=ansible | ok: [slurm-wn1] => (item=/etc/munge)
2026-03-10 21:26:59,169 p=97862 u=root n=ansible | ok: [slurm-hn] => (item=/var/log/munge)
2026-03-10 21:26:59,179 p=97862 u=root n=ansible | ok: [slurm-wn2] => (item=/etc/munge)
2026-03-10 21:26:59,475 p=97862 u=root n=ansible | ok: [slurm-hn] => (item=/var/lib/munge)
2026-03-10 21:26:59,715 p=97862 u=root n=ansible | ok: [slurm-wn1] => (item=/var/log/munge)
2026-03-10 21:26:59,783 p=97862 u=root n=ansible | ok: [slurm-wn2] => (item=/var/log/munge)
2026-03-10 21:27:00,303 p=97862 u=root n=ansible | ok: [slurm-wn1] => (item=/var/lib/munge)
2026-03-10 21:27:00,388 p=97862 u=root n=ansible | ok: [slurm-wn2] => (item=/var/lib/munge)
2026-03-10 21:27:00,400 p=97862 u=root n=ansible | TASK [common : Crear directorios de Slurm] ***************************************************************************************************************************************************
2026-03-10 21:27:00,739 p=97862 u=root n=ansible | ok: [slurm-hn] => (item=/var/log/slurm)
2026-03-10 21:27:01,055 p=97862 u=root n=ansible | ok: [slurm-wn1] => (item=/var/log/slurm)
2026-03-10 21:27:01,062 p=97862 u=root n=ansible | ok: [slurm-hn] => (item=/var/lib/slurm)
2026-03-10 21:27:01,123 p=97862 u=root n=ansible | ok: [slurm-wn2] => (item=/var/log/slurm)
2026-03-10 21:27:01,364 p=97862 u=root n=ansible | ok: [slurm-hn] => (item=/var/lib/slurm/slurmd)
2026-03-10 21:27:01,646 p=97862 u=root n=ansible | ok: [slurm-wn1] => (item=/var/lib/slurm)
2026-03-10 21:27:01,652 p=97862 u=root n=ansible | ok: [slurm-hn] => (item=/var/lib/slurm/slurmctld)
2026-03-10 21:27:01,733 p=97862 u=root n=ansible | ok: [slurm-wn2] => (item=/var/lib/slurm)
2026-03-10 21:27:01,974 p=97862 u=root n=ansible | ok: [slurm-hn] => (item=/etc/slurm)
2026-03-10 21:27:02,295 p=97862 u=root n=ansible | ok: [slurm-wn1] => (item=/var/lib/slurm/slurmd)
2026-03-10 21:27:02,350 p=97862 u=root n=ansible | ok: [slurm-wn2] => (item=/var/lib/slurm/slurmd)
2026-03-10 21:27:02,875 p=97862 u=root n=ansible | ok: [slurm-wn1] => (item=/var/lib/slurm/slurmctld)
2026-03-10 21:27:02,962 p=97862 u=root n=ansible | ok: [slurm-wn2] => (item=/var/lib/slurm/slurmctld)
2026-03-10 21:27:03,463 p=97862 u=root n=ansible | ok: [slurm-wn1] => (item=/etc/slurm)
2026-03-10 21:27:03,574 p=97862 u=root n=ansible | ok: [slurm-wn2] => (item=/etc/slurm)
2026-03-10 21:27:03,588 p=97862 u=root n=ansible | TASK [common : Distribuir archivo slurm.conf] ************************************************************************************************************************************************
2026-03-10 21:27:04,252 p=97862 u=root n=ansible | ok: [slurm-hn]
2026-03-10 21:27:04,691 p=97862 u=root n=ansible | ok: [slurm-wn1]
2026-03-10 21:27:04,777 p=97862 u=root n=ansible | ok: [slurm-wn2]
2026-03-10 21:27:04,787 p=97862 u=root n=ansible | TASK [common : Detener munge inicialmente] ***************************************************************************************************************************************************
2026-03-10 21:27:05,722 p=97862 u=root n=ansible | changed: [slurm-hn]
2026-03-10 21:27:05,911 p=97862 u=root n=ansible | ok: [slurm-wn2]
2026-03-10 21:27:05,928 p=97862 u=root n=ansible | ok: [slurm-wn1]
2026-03-10 21:27:05,955 p=97862 u=root n=ansible | TASK [firewall : Configurar reglas de NFTables] **********************************************************************************************************************************************
2026-03-10 21:27:06,626 p=97862 u=root n=ansible | ok: [slurm-hn]
2026-03-10 21:27:07,034 p=97862 u=root n=ansible | ok: [slurm-wn1]
2026-03-10 21:27:07,093 p=97862 u=root n=ansible | ok: [slurm-wn2]
2026-03-10 21:27:07,103 p=97862 u=root n=ansible | TASK [firewall : Habilitar servicio NFTables] ************************************************************************************************************************************************
2026-03-10 21:27:07,700 p=97862 u=root n=ansible | ok: [slurm-hn]
2026-03-10 21:27:08,018 p=97862 u=root n=ansible | ok: [slurm-wn1]
2026-03-10 21:27:08,048 p=97862 u=root n=ansible | ok: [slurm-wn2]
2026-03-10 21:27:08,077 p=97862 u=root n=ansible | TASK [ldap : Configurar SSSD para LDAP] ******************************************************************************************************************************************************
2026-03-10 21:27:08,741 p=97862 u=root n=ansible | ok: [slurm-hn]
2026-03-10 21:27:09,203 p=97862 u=root n=ansible | ok: [slurm-wn1]
2026-03-10 21:27:09,245 p=97862 u=root n=ansible | ok: [slurm-wn2]
2026-03-10 21:27:09,256 p=97862 u=root n=ansible | TASK [ldap : Habilitar servicio SSSD] ********************************************************************************************************************************************************
2026-03-10 21:27:09,863 p=97862 u=root n=ansible | ok: [slurm-hn]
2026-03-10 21:27:10,150 p=97862 u=root n=ansible | ok: [slurm-wn2]
2026-03-10 21:27:10,153 p=97862 u=root n=ansible | ok: [slurm-wn1]
2026-03-10 21:27:10,205 p=97862 u=root n=ansible | TASK [Mensaje final de configuracion general] ************************************************************************************************************************************************
2026-03-10 21:27:10,243 p=97862 u=root n=ansible | ok: [slurm-hn] => {
    "msg": [
        "=========================================",
        "Configuracion General Completada",
        "========================================="
    ]
}
2026-03-10 21:27:10,247 p=97862 u=root n=ansible | ok: [slurm-wn1] => {
    "msg": [
        "=========================================",
        "Configuracion General Completada",
        "========================================="
    ]
}
2026-03-10 21:27:10,259 p=97862 u=root n=ansible | ok: [slurm-wn2] => {
    "msg": [
        "=========================================",
        "Configuracion General Completada",
        "========================================="
    ]
}
2026-03-10 21:27:10,292 p=97862 u=root n=ansible | PLAY [Configuraciones especificas del Headnode] **********************************************************************************************************************************************
2026-03-10 21:27:10,310 p=97862 u=root n=ansible | TASK [Gathering Facts] ***********************************************************************************************************************************************************************
2026-03-10 21:27:11,558 p=97862 u=root n=ansible | ok: [slurm-hn]
2026-03-10 21:27:11,582 p=97862 u=root n=ansible | TASK [munge : Configurar Munge en headnode] **************************************************************************************************************************************************
2026-03-10 21:27:11,620 p=97862 u=root n=ansible | included: /root/ansible-cluster-slurm/roles/munge/tasks/headnode.yml for slurm-hn
2026-03-10 21:27:11,628 p=97862 u=root n=ansible | TASK [munge : Generar llave Munge] ***********************************************************************************************************************************************************
2026-03-10 21:27:11,950 p=97862 u=root n=ansible | ok: [slurm-hn]
2026-03-10 21:27:11,961 p=97862 u=root n=ansible | TASK [munge : Asegurar permisos estrictos de llave Munge] ************************************************************************************************************************************
2026-03-10 21:27:12,316 p=97862 u=root n=ansible | ok: [slurm-hn]
2026-03-10 21:27:12,327 p=97862 u=root n=ansible | TASK [munge : Descargar llave Munge al controlador] ******************************************************************************************************************************************
2026-03-10 21:27:12,787 p=97862 u=root n=ansible | ok: [slurm-hn]
2026-03-10 21:27:12,800 p=97862 u=root n=ansible | TASK [munge : Crear directorio de backup] ****************************************************************************************************************************************************
2026-03-10 21:27:13,123 p=97862 u=root n=ansible | ok: [slurm-hn]
2026-03-10 21:27:13,133 p=97862 u=root n=ansible | TASK [munge : Backup de munge.key] ***********************************************************************************************************************************************************
2026-03-10 21:27:13,624 p=97862 u=root n=ansible | ok: [slurm-hn]
2026-03-10 21:27:13,637 p=97862 u=root n=ansible | TASK [munge : Iniciar servicio Munge] ********************************************************************************************************************************************************
2026-03-10 21:27:14,282 p=97862 u=root n=ansible | changed: [slurm-hn]
2026-03-10 21:27:14,293 p=97862 u=root n=ansible | TASK [munge : Configurar Munge en workers] ***************************************************************************************************************************************************
2026-03-10 21:27:14,317 p=97862 u=root n=ansible | skipping: [slurm-hn]
2026-03-10 21:27:14,326 p=97862 u=root n=ansible | TASK [munge : Verificar que el socket de Munge esté disponible] ******************************************************************************************************************************
2026-03-10 21:27:14,811 p=97862 u=root n=ansible | ok: [slurm-hn]
2026-03-10 21:27:14,821 p=97862 u=root n=ansible | TASK [munge : Verificar que Munge responda correctamente] ************************************************************************************************************************************
2026-03-10 21:27:15,165 p=97862 u=root n=ansible | ok: [slurm-hn]
2026-03-10 21:27:15,185 p=97862 u=root n=ansible | TASK [chrony_server : Asegurar que Chrony use pools de Sudamérica] ***************************************************************************************************************************
2026-03-10 21:27:15,662 p=97862 u=root n=ansible | ok: [slurm-hn]
2026-03-10 21:27:15,672 p=97862 u=root n=ansible | TASK [chrony_server : Permitir sincronización a la red interna] ******************************************************************************************************************************
2026-03-10 21:27:16,004 p=97862 u=root n=ansible | ok: [slurm-hn]
2026-03-10 21:27:16,018 p=97862 u=root n=ansible | TASK [chrony_server : Forzar al Headnode a ser autoritativo (Local Stratum)] *****************************************************************************************************************
2026-03-10 21:27:16,344 p=97862 u=root n=ansible | ok: [slurm-hn]
2026-03-10 21:27:16,360 p=97862 u=root n=ansible | TASK [ldap_server : Instalar utilidades y paquetes OpenLDAP] *********************************************************************************************************************************
2026-03-10 21:27:17,587 p=97862 u=root n=ansible | ok: [slurm-hn]
2026-03-10 21:27:17,597 p=97862 u=root n=ansible | TASK [ldap_server : Detener slapd para configuración manual] *********************************************************************************************************************************
2026-03-10 21:27:18,247 p=97862 u=root n=ansible | changed: [slurm-hn]
2026-03-10 21:27:18,257 p=97862 u=root n=ansible | TASK [ldap_server : Limpiar directorios de LDAP] *********************************************************************************************************************************************
2026-03-10 21:27:18,595 p=97862 u=root n=ansible | changed: [slurm-hn]
2026-03-10 21:27:18,606 p=97862 u=root n=ansible | TASK [ldap_server : Configurar debconf para el dominio] **************************************************************************************************************************************
2026-03-10 21:27:20,317 p=97862 u=root n=ansible | changed: [slurm-hn]
2026-03-10 21:27:20,325 p=97862 u=root n=ansible | TASK [ldap_server : Detener slapd de nuevo (dpkg lo inicia solo)] ****************************************************************************************************************************
2026-03-10 21:27:20,996 p=97862 u=root n=ansible | changed: [slurm-hn]
2026-03-10 21:27:21,005 p=97862 u=root n=ansible | TASK [ldap_server : Crear archivo LDIF de emergencia para estructura completa] ***************************************************************************************************************
2026-03-10 21:27:21,647 p=97862 u=root n=ansible | ok: [slurm-hn]
2026-03-10 21:27:21,658 p=97862 u=root n=ansible | TASK [ldap_server : Inyectar estructura directamente a la base de datos (Offline)] ***********************************************************************************************************
2026-03-10 21:27:22,041 p=97862 u=root n=ansible | changed: [slurm-hn]
2026-03-10 21:27:22,056 p=97862 u=root n=ansible | TASK [ldap_server : Corregir permisos de la base de datos] ***********************************************************************************************************************************
2026-03-10 21:27:22,405 p=97862 u=root n=ansible | ok: [slurm-hn] => (item=/var/lib/ldap)
2026-03-10 21:27:22,715 p=97862 u=root n=ansible | ok: [slurm-hn] => (item=/etc/ldap/slapd.d)
2026-03-10 21:27:22,727 p=97862 u=root n=ansible | TASK [ldap_server : Iniciar slapd definitivo] ************************************************************************************************************************************************
2026-03-10 21:27:23,411 p=97862 u=root n=ansible | changed: [slurm-hn]
2026-03-10 21:27:23,422 p=97862 u=root n=ansible | TASK [ldap_server : Asegurar Unidades Organizativas (Online)] ********************************************************************************************************************************
2026-03-10 21:27:23,997 p=97862 u=root n=ansible | ok: [slurm-hn] => (item={'dn': 'ou=People,dc=cluster,dc=local', 'objectClass': ['top', 'organizationalUnit']})
2026-03-10 21:27:24,380 p=97862 u=root n=ansible | ok: [slurm-hn] => (item={'dn': 'ou=Group,dc=cluster,dc=local', 'objectClass': ['top', 'organizationalUnit']})
2026-03-10 21:27:24,399 p=97862 u=root n=ansible | TASK [nfs_server : Instalar nfs-kernel-server] ***********************************************************************************************************************************************
2026-03-10 21:27:25,591 p=97862 u=root n=ansible | ok: [slurm-hn]
2026-03-10 21:27:25,600 p=97862 u=root n=ansible | TASK [nfs_server : Crear directorios para exportar NFS] **************************************************************************************************************************************
2026-03-10 21:27:25,935 p=97862 u=root n=ansible | ok: [slurm-hn] => (item=/home)
2026-03-10 21:27:26,243 p=97862 u=root n=ansible | ok: [slurm-hn] => (item=/nfs/general)
2026-03-10 21:27:26,525 p=97862 u=root n=ansible | ok: [slurm-hn] => (item=/nfs/privileged)
2026-03-10 21:27:26,537 p=97862 u=root n=ansible | TASK [nfs_server : Configurar exports NFS] ***************************************************************************************************************************************************
2026-03-10 21:27:27,178 p=97862 u=root n=ansible | ok: [slurm-hn]
2026-03-10 21:27:27,189 p=97862 u=root n=ansible | TASK [nfs_server : Aplicar configuración de exports] *****************************************************************************************************************************************
2026-03-10 21:27:27,525 p=97862 u=root n=ansible | changed: [slurm-hn]
2026-03-10 21:27:27,541 p=97862 u=root n=ansible | TASK [mariadb : Instalar mariadb y dependencias] *********************************************************************************************************************************************
2026-03-10 21:27:28,790 p=97862 u=root n=ansible | ok: [slurm-hn]
2026-03-10 21:27:28,799 p=97862 u=root n=ansible | TASK [mariadb : Iniciar servicio MariaDB] ****************************************************************************************************************************************************
2026-03-10 21:27:29,408 p=97862 u=root n=ansible | ok: [slurm-hn]
2026-03-10 21:27:29,418 p=97862 u=root n=ansible | TASK [mariadb : Crear BD para Slurm Accounting] **********************************************************************************************************************************************
2026-03-10 21:27:29,957 p=97862 u=root n=ansible | ok: [slurm-hn]
2026-03-10 21:27:29,973 p=97862 u=root n=ansible | TASK [mariadb : Crear Usuario de Base de Datos y dar permisos] *******************************************************************************************************************************
2026-03-10 21:27:30,602 p=97862 u=root n=ansible | [WARNING]: Option column_case_sensitive is not provided. The default is now false, so the column's name will be uppercased. The default will be changed to true in community.mysql 4.0.0.

2026-03-10 21:27:30,603 p=97862 u=root n=ansible | ok: [slurm-hn]
2026-03-10 21:27:30,613 p=97862 u=root n=ansible | TASK [mariadb : Optimizar MariaDB para Slurm Accounting] *************************************************************************************************************************************
2026-03-10 21:27:30,956 p=97862 u=root n=ansible | ok: [slurm-hn] => (item={'regexp': '^innodb_buffer_pool_size', 'line': 'innodb_buffer_pool_size = 1G'})
2026-03-10 21:27:31,254 p=97862 u=root n=ansible | ok: [slurm-hn] => (item={'regexp': '^innodb_log_file_size', 'line': 'innodb_log_file_size = 64M'})
2026-03-10 21:27:31,555 p=97862 u=root n=ansible | ok: [slurm-hn] => (item={'regexp': '^innodb_lock_wait_timeout', 'line': 'innodb_lock_wait_timeout = 900'})
2026-03-10 21:27:31,854 p=97862 u=root n=ansible | ok: [slurm-hn] => (item={'regexp': '^innodb_flush_log_at_trx_commit', 'line': 'innodb_flush_log_at_trx_commit = 2'})
2026-03-10 21:27:31,875 p=97862 u=root n=ansible | TASK [slurmdbd : Instalar slurmdbd] **********************************************************************************************************************************************************
2026-03-10 21:27:33,069 p=97862 u=root n=ansible | ok: [slurm-hn]
2026-03-10 21:27:33,081 p=97862 u=root n=ansible | TASK [slurmdbd : Asegurar directorio de logs con permisos correctos] *************************************************************************************************************************
2026-03-10 21:27:33,417 p=97862 u=root n=ansible | ok: [slurm-hn]
2026-03-10 21:27:33,427 p=97862 u=root n=ansible | TASK [slurmdbd : Crear archivo de log si no existe] ******************************************************************************************************************************************
2026-03-10 21:27:33,768 p=97862 u=root n=ansible | changed: [slurm-hn]
2026-03-10 21:27:33,778 p=97862 u=root n=ansible | TASK [slurmdbd : Configurar archivo slurmdbd.conf] *******************************************************************************************************************************************
2026-03-10 21:27:34,433 p=97862 u=root n=ansible | ok: [slurm-hn]
2026-03-10 21:27:34,444 p=97862 u=root n=ansible | TASK [slurmdbd : Iniciar servicio SlurmDBD] **************************************************************************************************************************************************
2026-03-10 21:27:35,044 p=97862 u=root n=ansible | ok: [slurm-hn]
2026-03-10 21:27:35,061 p=97862 u=root n=ansible | TASK [slurmctld : Esperar a que SlurmDBD responda] *******************************************************************************************************************************************
2026-03-10 21:27:40,403 p=97862 u=root n=ansible | ok: [slurm-hn]
2026-03-10 21:27:40,414 p=97862 u=root n=ansible | TASK [slurmctld : Iniciar Slurm Controller (slurmctld)] **************************************************************************************************************************************
2026-03-10 21:27:41,073 p=97862 u=root n=ansible | changed: [slurm-hn]
2026-03-10 21:27:41,090 p=97862 u=root n=ansible | TASK [slurm_accounting : Asegurar enlace simbólico para slurm.conf] **************************************************************************************************************************
2026-03-10 21:27:41,428 p=97862 u=root n=ansible | [WARNING]: Cannot set fs attributes on a non-existent symlink target. follow should be set to False to avoid this.

2026-03-10 21:27:41,428 p=97862 u=root n=ansible | changed: [slurm-hn]
2026-03-10 21:27:41,438 p=97862 u=root n=ansible | TASK [slurm_accounting : Registrar Cluster en Accounting] ************************************************************************************************************************************
2026-03-10 21:27:47,970 p=97862 u=root n=ansible | fatal: [slurm-hn]: FAILED! => {"changed": false, "cmd": ["sacctmgr", "-i", "add", "cluster", "slurmcluster"], "delta": "0:00:06.183595", "end": "2026-03-10 21:27:47.918412", "failed_when_result": true, "msg": "non-zero return code", "rc": 1, "start": "2026-03-10 21:27:41.734817", "stderr": "sacctmgr: error: resolve_ctls_from_dns_srv: res_nsearch error: Unknown host\nsacctmgr: error: fetch_config: DNS SRV lookup failed\nsacctmgr: error: _establish_config_source: failed to fetch config\nsacctmgr: fatal: Could not establish a configuration source", "stderr_lines": ["sacctmgr: error: resolve_ctls_from_dns_srv: res_nsearch error: Unknown host", "sacctmgr: error: fetch_config: DNS SRV lookup failed", "sacctmgr: error: _establish_config_source: failed to fetch config", "sacctmgr: fatal: Could not establish a configuration source"], "stdout": "", "stdout_lines": []}
2026-03-10 21:27:47,972 p=97862 u=root n=ansible | PLAY RECAP ***********************************************************************************************************************************************************************************
2026-03-10 21:27:47,972 p=97862 u=root n=ansible | slurm-hn                   : ok=62   changed=12   unreachable=0    failed=1    skipped=2    rescued=0    ignored=1   
2026-03-10 21:27:47,972 p=97862 u=root n=ansible | slurm-wn1                  : ok=17   changed=0    unreachable=0    failed=0    skipped=1    rescued=0    ignored=1   
2026-03-10 21:27:47,973 p=97862 u=root n=ansible | slurm-wn2                  : ok=17   changed=0    unreachable=0    failed=0    skipped=1    rescued=0    ignored=1   
2026-03-15 18:54:14,183 p=1902 u=root n=ansible | PLAY [Instalar SSHPASS para la conexion ssh de headnode a workers] **********************************************************************************************************
2026-03-15 18:54:14,200 p=1902 u=root n=ansible | TASK [Gathering Facts] ******************************************************************************************************************************************************
2026-03-15 18:54:16,052 p=1902 u=root n=ansible | ok: [slurm-hn]
2026-03-15 18:54:16,072 p=1902 u=root n=ansible | TASK [initial_setup : Actualizar cache de apt] ******************************************************************************************************************************
2026-03-15 18:54:39,866 p=1902 u=root n=ansible | changed: [slurm-hn]
2026-03-15 18:54:39,874 p=1902 u=root n=ansible | TASK [initial_setup : Instalar sshpass] *************************************************************************************************************************************
2026-03-15 18:54:45,910 p=1902 u=root n=ansible | changed: [slurm-hn]
2026-03-15 18:54:45,919 p=1902 u=root n=ansible | TASK [initial_setup : Instalar rng-tools] ***********************************************************************************************************************************
2026-03-15 18:54:52,981 p=1902 u=root n=ansible | changed: [slurm-hn]
2026-03-15 18:54:53,006 p=1902 u=root n=ansible | TASK [Mensaje final de configuracion general] *******************************************************************************************************************************
2026-03-15 18:54:53,029 p=1902 u=root n=ansible | ok: [slurm-hn] => {
    "msg": [
        "=========================================",
        " Configuracion Inicial Completada",
        "========================================="
    ]
}
2026-03-15 18:54:53,045 p=1902 u=root n=ansible | PLAY [Configuracion General de todo el cluster] *****************************************************************************************************************************
2026-03-15 18:54:53,056 p=1902 u=root n=ansible | TASK [Gathering Facts] ******************************************************************************************************************************************************
2026-03-15 18:54:54,188 p=1902 u=root n=ansible | ok: [slurm-hn]
2026-03-15 18:54:55,482 p=1902 u=root n=ansible | ok: [slurm-wn1]
2026-03-15 18:54:55,940 p=1902 u=root n=ansible | ok: [slurm-wn2]
2026-03-15 18:54:55,978 p=1902 u=root n=ansible | TASK [common : Configurar hostname del nodo] ********************************************************************************************************************************
2026-03-15 18:54:57,202 p=1902 u=root n=ansible | changed: [slurm-hn]
2026-03-15 18:54:57,279 p=1902 u=root n=ansible | changed: [slurm-wn1]
2026-03-15 18:54:57,283 p=1902 u=root n=ansible | changed: [slurm-wn2]
2026-03-15 18:54:57,295 p=1902 u=root n=ansible | TASK [common : Configurar archivo '/etc/hosts'] *****************************************************************************************************************************
2026-03-15 18:54:58,344 p=1902 u=root n=ansible | changed: [slurm-hn]
2026-03-15 18:54:58,473 p=1902 u=root n=ansible | changed: [slurm-wn1]
2026-03-15 18:54:58,487 p=1902 u=root n=ansible | changed: [slurm-wn2]
2026-03-15 18:54:58,498 p=1902 u=root n=ansible | TASK [common : Crear grupos del sistema] ************************************************************************************************************************************
2026-03-15 18:54:59,039 p=1902 u=root n=ansible | changed: [slurm-hn] => (item={'name': 'munge'})
2026-03-15 18:54:59,174 p=1902 u=root n=ansible | changed: [slurm-wn1] => (item={'name': 'munge'})
2026-03-15 18:54:59,190 p=1902 u=root n=ansible | changed: [slurm-wn2] => (item={'name': 'munge'})
2026-03-15 18:54:59,376 p=1902 u=root n=ansible | changed: [slurm-hn] => (item={'name': 'slurm'})
2026-03-15 18:54:59,706 p=1902 u=root n=ansible | changed: [slurm-wn1] => (item={'name': 'slurm'})
2026-03-15 18:54:59,739 p=1902 u=root n=ansible | changed: [slurm-wn2] => (item={'name': 'slurm'})
2026-03-15 18:54:59,749 p=1902 u=root n=ansible | TASK [common : Crear usuarios del sistema] **********************************************************************************************************************************
2026-03-15 18:55:00,439 p=1902 u=root n=ansible | changed: [slurm-hn] => (item={'name': 'munge', 'shell': '/usr/sbin/nologin', 'home': '/var/lib/munge'})
2026-03-15 18:55:00,583 p=1902 u=root n=ansible | changed: [slurm-wn1] => (item={'name': 'munge', 'shell': '/usr/sbin/nologin', 'home': '/var/lib/munge'})
2026-03-15 18:55:00,643 p=1902 u=root n=ansible | changed: [slurm-wn2] => (item={'name': 'munge', 'shell': '/usr/sbin/nologin', 'home': '/var/lib/munge'})
2026-03-15 18:55:00,860 p=1902 u=root n=ansible | changed: [slurm-hn] => (item={'name': 'slurm', 'shell': '/bin/bash', 'home': '/var/lib/slurm'})
2026-03-15 18:55:01,212 p=1902 u=root n=ansible | changed: [slurm-wn1] => (item={'name': 'slurm', 'shell': '/bin/bash', 'home': '/var/lib/slurm'})
2026-03-15 18:55:01,283 p=1902 u=root n=ansible | changed: [slurm-wn2] => (item={'name': 'slurm', 'shell': '/bin/bash', 'home': '/var/lib/slurm'})
2026-03-15 18:55:01,296 p=1902 u=root n=ansible | TASK [common : Actualizar cache de apt] *************************************************************************************************************************************
2026-03-15 18:55:02,168 p=1902 u=root n=ansible | ok: [slurm-hn]
2026-03-15 18:55:18,934 p=1902 u=root n=ansible | changed: [slurm-wn1]
2026-03-15 18:55:19,967 p=1902 u=root n=ansible | changed: [slurm-wn2]
2026-03-15 18:55:19,980 p=1902 u=root n=ansible | TASK [common : Extender la partición root para ocupar todo el disco] ********************************************************************************************************
2026-03-15 18:55:21,121 p=1902 u=root n=ansible | changed: [slurm-hn]
2026-03-15 18:55:21,309 p=1902 u=root n=ansible | changed: [slurm-wn1]
2026-03-15 18:55:21,469 p=1902 u=root n=ansible | changed: [slurm-wn2]
2026-03-15 18:55:21,480 p=1902 u=root n=ansible | TASK [common : Redimensionar el sistema de archivos ext4] *******************************************************************************************************************
2026-03-15 18:55:22,468 p=1902 u=root n=ansible | changed: [slurm-hn]
2026-03-15 18:55:22,513 p=1902 u=root n=ansible | changed: [slurm-wn1]
2026-03-15 18:55:22,586 p=1902 u=root n=ansible | changed: [slurm-wn2]
2026-03-15 18:55:22,596 p=1902 u=root n=ansible | TASK [common : Instalar paquetes comunes] ***********************************************************************************************************************************
2026-03-15 18:56:41,704 p=1902 u=root n=ansible | changed: [slurm-hn]
2026-03-15 18:56:50,012 p=1902 u=root n=ansible | changed: [slurm-wn2]
2026-03-15 18:56:51,243 p=1902 u=root n=ansible | changed: [slurm-wn1]
2026-03-15 18:56:51,251 p=1902 u=root n=ansible | TASK [common : Crear directorios de Munge] **********************************************************************************************************************************
2026-03-15 18:56:51,794 p=1902 u=root n=ansible | ok: [slurm-hn] => (item=/etc/munge)
2026-03-15 18:56:51,931 p=1902 u=root n=ansible | ok: [slurm-wn1] => (item=/etc/munge)
2026-03-15 18:56:51,938 p=1902 u=root n=ansible | ok: [slurm-wn2] => (item=/etc/munge)
2026-03-15 18:56:52,099 p=1902 u=root n=ansible | ok: [slurm-hn] => (item=/var/log/munge)
2026-03-15 18:56:52,397 p=1902 u=root n=ansible | changed: [slurm-hn] => (item=/var/lib/munge)
2026-03-15 18:56:52,412 p=1902 u=root n=ansible | ok: [slurm-wn1] => (item=/var/log/munge)
2026-03-15 18:56:52,428 p=1902 u=root n=ansible | ok: [slurm-wn2] => (item=/var/log/munge)
2026-03-15 18:56:52,895 p=1902 u=root n=ansible | changed: [slurm-wn1] => (item=/var/lib/munge)
2026-03-15 18:56:52,925 p=1902 u=root n=ansible | changed: [slurm-wn2] => (item=/var/lib/munge)
2026-03-15 18:56:52,936 p=1902 u=root n=ansible | TASK [common : Crear directorios de Slurm] **********************************************************************************************************************************
2026-03-15 18:56:53,256 p=1902 u=root n=ansible | ok: [slurm-hn] => (item=/var/log/slurm)
2026-03-15 18:56:53,451 p=1902 u=root n=ansible | ok: [slurm-wn1] => (item=/var/log/slurm)
2026-03-15 18:56:53,482 p=1902 u=root n=ansible | ok: [slurm-wn2] => (item=/var/log/slurm)
2026-03-15 18:56:53,559 p=1902 u=root n=ansible | ok: [slurm-hn] => (item=/var/lib/slurm)
2026-03-15 18:56:53,860 p=1902 u=root n=ansible | ok: [slurm-hn] => (item=/var/lib/slurm/slurmd)
2026-03-15 18:56:53,890 p=1902 u=root n=ansible | ok: [slurm-wn1] => (item=/var/lib/slurm)
2026-03-15 18:56:53,981 p=1902 u=root n=ansible | ok: [slurm-wn2] => (item=/var/lib/slurm)
2026-03-15 18:56:54,168 p=1902 u=root n=ansible | ok: [slurm-hn] => (item=/var/lib/slurm/slurmctld)
2026-03-15 18:56:54,352 p=1902 u=root n=ansible | ok: [slurm-wn1] => (item=/var/lib/slurm/slurmd)
2026-03-15 18:56:54,473 p=1902 u=root n=ansible | changed: [slurm-hn] => (item=/etc/slurm)
2026-03-15 18:56:54,492 p=1902 u=root n=ansible | ok: [slurm-wn2] => (item=/var/lib/slurm/slurmd)
2026-03-15 18:56:54,848 p=1902 u=root n=ansible | ok: [slurm-wn1] => (item=/var/lib/slurm/slurmctld)
2026-03-15 18:56:55,000 p=1902 u=root n=ansible | ok: [slurm-wn2] => (item=/var/lib/slurm/slurmctld)
2026-03-15 18:56:55,336 p=1902 u=root n=ansible | changed: [slurm-wn1] => (item=/etc/slurm)
2026-03-15 18:56:55,499 p=1902 u=root n=ansible | changed: [slurm-wn2] => (item=/etc/slurm)
2026-03-15 18:56:55,512 p=1902 u=root n=ansible | TASK [common : Distribuir archivo slurm.conf] *******************************************************************************************************************************
2026-03-15 18:56:56,126 p=1902 u=root n=ansible | changed: [slurm-hn]
2026-03-15 18:56:56,545 p=1902 u=root n=ansible | changed: [slurm-wn1]
2026-03-15 18:56:56,555 p=1902 u=root n=ansible | changed: [slurm-wn2]
2026-03-15 18:56:56,567 p=1902 u=root n=ansible | TASK [common : Detener munge inicialmente] **********************************************************************************************************************************
2026-03-15 18:56:57,547 p=1902 u=root n=ansible | changed: [slurm-hn]
2026-03-15 18:56:57,675 p=1902 u=root n=ansible | changed: [slurm-wn2]
2026-03-15 18:56:57,695 p=1902 u=root n=ansible | changed: [slurm-wn1]
2026-03-15 18:56:57,719 p=1902 u=root n=ansible | TASK [firewall : Configurar reglas de NFTables] *****************************************************************************************************************************
2026-03-15 18:56:58,368 p=1902 u=root n=ansible | changed: [slurm-hn]
2026-03-15 18:56:58,700 p=1902 u=root n=ansible | changed: [slurm-wn1]
2026-03-15 18:56:58,755 p=1902 u=root n=ansible | changed: [slurm-wn2]
2026-03-15 18:56:58,764 p=1902 u=root n=ansible | TASK [firewall : Habilitar servicio NFTables] *******************************************************************************************************************************
2026-03-15 18:56:59,909 p=1902 u=root n=ansible | changed: [slurm-hn]
2026-03-15 18:57:00,136 p=1902 u=root n=ansible | changed: [slurm-wn1]
2026-03-15 18:57:00,168 p=1902 u=root n=ansible | changed: [slurm-wn2]
2026-03-15 18:57:00,193 p=1902 u=root n=ansible | TASK [ldap : Configurar SSSD para LDAP] *************************************************************************************************************************************
2026-03-15 18:57:00,823 p=1902 u=root n=ansible | changed: [slurm-hn]
2026-03-15 18:57:01,197 p=1902 u=root n=ansible | changed: [slurm-wn1]
2026-03-15 18:57:01,236 p=1902 u=root n=ansible | changed: [slurm-wn2]
2026-03-15 18:57:01,246 p=1902 u=root n=ansible | TASK [ldap : Habilitar servicio SSSD] ***************************************************************************************************************************************
2026-03-15 18:57:02,178 p=1902 u=root n=ansible | changed: [slurm-hn]
2026-03-15 18:57:02,338 p=1902 u=root n=ansible | changed: [slurm-wn1]
2026-03-15 18:57:02,440 p=1902 u=root n=ansible | changed: [slurm-wn2]
2026-03-15 18:57:02,495 p=1902 u=root n=ansible | RUNNING HANDLER [firewall : Reiniciar nftables] *****************************************************************************************************************************
2026-03-15 18:57:03,147 p=1902 u=root n=ansible | changed: [slurm-hn]
2026-03-15 18:57:03,355 p=1902 u=root n=ansible | changed: [slurm-wn1]
2026-03-15 18:57:03,387 p=1902 u=root n=ansible | changed: [slurm-wn2]
2026-03-15 18:57:03,398 p=1902 u=root n=ansible | RUNNING HANDLER [ldap : Reiniciar sssd] *************************************************************************************************************************************
2026-03-15 18:57:04,164 p=1902 u=root n=ansible | changed: [slurm-hn]
2026-03-15 18:57:04,350 p=1902 u=root n=ansible | changed: [slurm-wn2]
2026-03-15 18:57:04,425 p=1902 u=root n=ansible | changed: [slurm-wn1]
2026-03-15 18:57:04,436 p=1902 u=root n=ansible | TASK [Mensaje final de configuracion general] *******************************************************************************************************************************
2026-03-15 18:57:04,476 p=1902 u=root n=ansible | ok: [slurm-hn] => {
    "msg": [
        "=========================================",
        "Configuracion General Completada",
        "========================================="
    ]
}
2026-03-15 18:57:04,479 p=1902 u=root n=ansible | ok: [slurm-wn1] => {
    "msg": [
        "=========================================",
        "Configuracion General Completada",
        "========================================="
    ]
}
2026-03-15 18:57:04,491 p=1902 u=root n=ansible | ok: [slurm-wn2] => {
    "msg": [
        "=========================================",
        "Configuracion General Completada",
        "========================================="
    ]
}
2026-03-15 18:57:04,528 p=1902 u=root n=ansible | PLAY [Configuraciones especificas del Headnode] *****************************************************************************************************************************
2026-03-15 18:57:04,551 p=1902 u=root n=ansible | TASK [Gathering Facts] ******************************************************************************************************************************************************
2026-03-15 18:57:05,750 p=1902 u=root n=ansible | ok: [slurm-hn]
2026-03-15 18:57:05,770 p=1902 u=root n=ansible | TASK [munge : Configurar Munge en headnode] *********************************************************************************************************************************
2026-03-15 18:57:05,811 p=1902 u=root n=ansible | included: /root/ansible-cluster-slurm/roles/munge/tasks/headnode.yml for slurm-hn
2026-03-15 18:57:05,819 p=1902 u=root n=ansible | TASK [munge : Generar llave Munge] ******************************************************************************************************************************************
2026-03-15 18:57:06,150 p=1902 u=root n=ansible | ok: [slurm-hn]
2026-03-15 18:57:06,160 p=1902 u=root n=ansible | TASK [munge : Asegurar permisos estrictos de llave Munge] *******************************************************************************************************************
2026-03-15 18:57:06,493 p=1902 u=root n=ansible | changed: [slurm-hn]
2026-03-15 18:57:06,503 p=1902 u=root n=ansible | TASK [munge : Descargar llave Munge al controlador] *************************************************************************************************************************
2026-03-15 18:57:06,957 p=1902 u=root n=ansible | changed: [slurm-hn]
2026-03-15 18:57:06,969 p=1902 u=root n=ansible | TASK [munge : Crear directorio de backup] ***********************************************************************************************************************************
2026-03-15 18:57:07,308 p=1902 u=root n=ansible | changed: [slurm-hn]
2026-03-15 18:57:07,321 p=1902 u=root n=ansible | TASK [munge : Backup de munge.key] ******************************************************************************************************************************************
2026-03-15 18:57:07,649 p=1902 u=root n=ansible | changed: [slurm-hn]
2026-03-15 18:57:07,658 p=1902 u=root n=ansible | TASK [munge : Iniciar servicio Munge] ***************************************************************************************************************************************
2026-03-15 18:57:08,257 p=1902 u=root n=ansible | changed: [slurm-hn]
2026-03-15 18:57:08,268 p=1902 u=root n=ansible | TASK [munge : Configurar Munge en workers] **********************************************************************************************************************************
2026-03-15 18:57:08,290 p=1902 u=root n=ansible | skipping: [slurm-hn]
2026-03-15 18:57:08,299 p=1902 u=root n=ansible | TASK [munge : Verificar que el socket de Munge esté disponible] *************************************************************************************************************
2026-03-15 18:57:08,758 p=1902 u=root n=ansible | ok: [slurm-hn]
2026-03-15 18:57:08,769 p=1902 u=root n=ansible | TASK [munge : Verificar que Munge responda correctamente] *******************************************************************************************************************
2026-03-15 18:57:09,057 p=1902 u=root n=ansible | ok: [slurm-hn]
2026-03-15 18:57:09,070 p=1902 u=root n=ansible | TASK [chrony_server : Asegurar que Chrony use pools de Sudamérica] **********************************************************************************************************
2026-03-15 18:57:09,546 p=1902 u=root n=ansible | changed: [slurm-hn]
2026-03-15 18:57:09,555 p=1902 u=root n=ansible | TASK [chrony_server : Permitir sincronización a la red interna] *************************************************************************************************************
2026-03-15 18:57:09,900 p=1902 u=root n=ansible | changed: [slurm-hn]
2026-03-15 18:57:09,907 p=1902 u=root n=ansible | TASK [chrony_server : Forzar al Headnode a ser autoritativo (Local Stratum)] ************************************************************************************************
2026-03-15 18:57:10,234 p=1902 u=root n=ansible | changed: [slurm-hn]
2026-03-15 18:57:10,248 p=1902 u=root n=ansible | TASK [ldap_server : Instalar utilidades y paquetes OpenLDAP] ****************************************************************************************************************
2026-03-15 18:57:27,354 p=1902 u=root n=ansible | changed: [slurm-hn]
2026-03-15 18:57:27,369 p=1902 u=root n=ansible | TASK [ldap_server : Detener slapd para configuración manual] ****************************************************************************************************************
2026-03-15 18:57:27,986 p=1902 u=root n=ansible | changed: [slurm-hn]
2026-03-15 18:57:27,995 p=1902 u=root n=ansible | TASK [ldap_server : Limpiar directorios de LDAP] ****************************************************************************************************************************
2026-03-15 18:57:28,325 p=1902 u=root n=ansible | changed: [slurm-hn]
2026-03-15 18:57:28,335 p=1902 u=root n=ansible | TASK [ldap_server : Configurar debconf para el dominio] *********************************************************************************************************************
2026-03-15 18:57:29,925 p=1902 u=root n=ansible | changed: [slurm-hn]
2026-03-15 18:57:29,936 p=1902 u=root n=ansible | TASK [ldap_server : Detener slapd de nuevo (dpkg lo inicia solo)] ***********************************************************************************************************
2026-03-15 18:57:30,590 p=1902 u=root n=ansible | changed: [slurm-hn]
2026-03-15 18:57:30,600 p=1902 u=root n=ansible | TASK [ldap_server : Crear archivo LDIF de emergencia para estructura completa] **********************************************************************************************
2026-03-15 18:57:31,201 p=1902 u=root n=ansible | changed: [slurm-hn]
2026-03-15 18:57:31,210 p=1902 u=root n=ansible | TASK [ldap_server : Inyectar estructura directamente a la base de datos (Offline)] ******************************************************************************************
2026-03-15 18:57:31,579 p=1902 u=root n=ansible | changed: [slurm-hn]
2026-03-15 18:57:31,591 p=1902 u=root n=ansible | TASK [ldap_server : Corregir permisos de la base de datos] ******************************************************************************************************************
2026-03-15 18:57:31,925 p=1902 u=root n=ansible | ok: [slurm-hn] => (item=/var/lib/ldap)
2026-03-15 18:57:32,233 p=1902 u=root n=ansible | ok: [slurm-hn] => (item=/etc/ldap/slapd.d)
2026-03-15 18:57:32,246 p=1902 u=root n=ansible | TASK [ldap_server : Iniciar slapd definitivo] *******************************************************************************************************************************
2026-03-15 18:57:32,905 p=1902 u=root n=ansible | changed: [slurm-hn]
2026-03-15 18:57:32,917 p=1902 u=root n=ansible | TASK [ldap_server : Asegurar Unidades Organizativas (Online)] ***************************************************************************************************************
2026-03-15 18:57:33,540 p=1902 u=root n=ansible | ok: [slurm-hn] => (item={'dn': 'ou=People,dc=cluster,dc=local', 'objectClass': ['top', 'organizationalUnit']})
2026-03-15 18:57:33,922 p=1902 u=root n=ansible | ok: [slurm-hn] => (item={'dn': 'ou=Group,dc=cluster,dc=local', 'objectClass': ['top', 'organizationalUnit']})
2026-03-15 18:57:33,938 p=1902 u=root n=ansible | TASK [nfs_server : Instalar nfs-kernel-server] ******************************************************************************************************************************
2026-03-15 18:57:49,822 p=1902 u=root n=ansible | changed: [slurm-hn]
2026-03-15 18:57:49,830 p=1902 u=root n=ansible | TASK [nfs_server : Crear directorios para exportar NFS] *********************************************************************************************************************
2026-03-15 18:57:50,179 p=1902 u=root n=ansible | changed: [slurm-hn] => (item=/home)
2026-03-15 18:57:50,489 p=1902 u=root n=ansible | changed: [slurm-hn] => (item=/nfs/general)
2026-03-15 18:57:50,780 p=1902 u=root n=ansible | changed: [slurm-hn] => (item=/nfs/privileged)
2026-03-15 18:57:50,797 p=1902 u=root n=ansible | TASK [nfs_server : Configurar exports NFS] **********************************************************************************************************************************
2026-03-15 18:57:51,432 p=1902 u=root n=ansible | changed: [slurm-hn]
2026-03-15 18:57:51,442 p=1902 u=root n=ansible | TASK [nfs_server : Aplicar configuración de exports] ************************************************************************************************************************
2026-03-15 18:57:51,796 p=1902 u=root n=ansible | changed: [slurm-hn]
2026-03-15 18:57:51,812 p=1902 u=root n=ansible | TASK [mariadb : Instalar mariadb y dependencias] ****************************************************************************************************************************
2026-03-15 18:58:22,785 p=1902 u=root n=ansible | changed: [slurm-hn]
2026-03-15 18:58:22,797 p=1902 u=root n=ansible | TASK [mariadb : Iniciar servicio MariaDB] ***********************************************************************************************************************************
2026-03-15 18:58:23,398 p=1902 u=root n=ansible | ok: [slurm-hn]
2026-03-15 18:58:23,409 p=1902 u=root n=ansible | TASK [mariadb : Crear BD para Slurm Accounting] *****************************************************************************************************************************
2026-03-15 18:58:23,958 p=1902 u=root n=ansible | changed: [slurm-hn]
2026-03-15 18:58:23,968 p=1902 u=root n=ansible | TASK [mariadb : Crear Usuario de Base de Datos y dar permisos] **************************************************************************************************************
2026-03-15 18:58:24,564 p=1902 u=root n=ansible | [WARNING]: Option column_case_sensitive is not provided. The default is now false, so the column's name will be uppercased. The default will be changed to true in
community.mysql 4.0.0.

2026-03-15 18:58:24,564 p=1902 u=root n=ansible | changed: [slurm-hn]
2026-03-15 18:58:24,573 p=1902 u=root n=ansible | TASK [mariadb : Optimizar MariaDB para Slurm Accounting] ********************************************************************************************************************
2026-03-15 18:58:24,907 p=1902 u=root n=ansible | changed: [slurm-hn] => (item={'regexp': '^innodb_buffer_pool_size', 'line': 'innodb_buffer_pool_size = 1G'})
2026-03-15 18:58:25,203 p=1902 u=root n=ansible | changed: [slurm-hn] => (item={'regexp': '^innodb_log_file_size', 'line': 'innodb_log_file_size = 64M'})
2026-03-15 18:58:25,503 p=1902 u=root n=ansible | changed: [slurm-hn] => (item={'regexp': '^innodb_lock_wait_timeout', 'line': 'innodb_lock_wait_timeout = 900'})
2026-03-15 18:58:25,804 p=1902 u=root n=ansible | changed: [slurm-hn] => (item={'regexp': '^innodb_flush_log_at_trx_commit', 'line': 'innodb_flush_log_at_trx_commit = 2'})
2026-03-15 18:58:25,821 p=1902 u=root n=ansible | TASK [slurmdbd : Instalar slurmdbd] *****************************************************************************************************************************************
2026-03-15 18:58:40,619 p=1902 u=root n=ansible | changed: [slurm-hn]
2026-03-15 18:58:40,631 p=1902 u=root n=ansible | TASK [slurmdbd : Asegurar directorio de logs con permisos correctos] ********************************************************************************************************
2026-03-15 18:58:40,970 p=1902 u=root n=ansible | ok: [slurm-hn]
2026-03-15 18:58:40,983 p=1902 u=root n=ansible | TASK [slurmdbd : Crear archivo de log si no existe] *************************************************************************************************************************
2026-03-15 18:58:41,293 p=1902 u=root n=ansible | changed: [slurm-hn]
2026-03-15 18:58:41,303 p=1902 u=root n=ansible | TASK [slurmdbd : Configurar archivo slurmdbd.conf] **************************************************************************************************************************
2026-03-15 18:58:41,954 p=1902 u=root n=ansible | changed: [slurm-hn]
2026-03-15 18:58:41,965 p=1902 u=root n=ansible | TASK [slurmdbd : Iniciar servicio SlurmDBD] *********************************************************************************************************************************
2026-03-15 18:58:42,608 p=1902 u=root n=ansible | changed: [slurm-hn]
2026-03-15 18:58:42,624 p=1902 u=root n=ansible | TASK [slurmctld : Esperar a que SlurmDBD responda] **************************************************************************************************************************
2026-03-15 18:58:47,972 p=1902 u=root n=ansible | ok: [slurm-hn]
2026-03-15 18:58:47,982 p=1902 u=root n=ansible | TASK [slurmctld : Iniciar Slurm Controller (slurmctld)] *********************************************************************************************************************
2026-03-15 18:58:48,611 p=1902 u=root n=ansible | changed: [slurm-hn]
2026-03-15 18:58:48,627 p=1902 u=root n=ansible | TASK [slurm_accounting : Asegurar enlace simbólico para slurm.conf] *********************************************************************************************************
2026-03-15 18:58:48,958 p=1902 u=root n=ansible | [WARNING]: Cannot set fs attributes on a non-existent symlink target. follow should be set to False to avoid this.

2026-03-15 18:58:48,959 p=1902 u=root n=ansible | changed: [slurm-hn]
2026-03-15 18:58:48,971 p=1902 u=root n=ansible | TASK [slurm_accounting : Registrar Cluster en Accounting] *******************************************************************************************************************
2026-03-15 18:58:55,486 p=1902 u=root n=ansible | fatal: [slurm-hn]: FAILED! => {"changed": false, "cmd": ["sacctmgr", "-i", "add", "cluster", "slurmcluster"], "delta": "0:00:06.164781", "end": "2026-03-15 18:58:55.434549", "failed_when_result": true, "msg": "non-zero return code", "rc": 1, "start": "2026-03-15 18:58:49.269768", "stderr": "sacctmgr: error: resolve_ctls_from_dns_srv: res_nsearch error: Unknown host\nsacctmgr: error: fetch_config: DNS SRV lookup failed\nsacctmgr: error: _establish_config_source: failed to fetch config\nsacctmgr: fatal: Could not establish a configuration source", "stderr_lines": ["sacctmgr: error: resolve_ctls_from_dns_srv: res_nsearch error: Unknown host", "sacctmgr: error: fetch_config: DNS SRV lookup failed", "sacctmgr: error: _establish_config_source: failed to fetch config", "sacctmgr: fatal: Could not establish a configuration source"], "stdout": "", "stdout_lines": []}
2026-03-15 18:58:55,489 p=1902 u=root n=ansible | PLAY RECAP ******************************************************************************************************************************************************************
2026-03-15 18:58:55,490 p=1902 u=root n=ansible | slurm-hn                   : ok=65   changed=50   unreachable=0    failed=1    skipped=1    rescued=0    ignored=0   
2026-03-15 18:58:55,490 p=1902 u=root n=ansible | slurm-wn1                  : ok=20   changed=18   unreachable=0    failed=0    skipped=0    rescued=0    ignored=0   
2026-03-15 18:58:55,490 p=1902 u=root n=ansible | slurm-wn2                  : ok=20   changed=18   unreachable=0    failed=0    skipped=0    rescued=0    ignored=0   
2026-03-15 19:10:14,247 p=12725 u=root n=ansible | PLAY [Instalar SSHPASS para la conexion ssh de headnode a workers] **********************************************************************************************************
2026-03-15 19:10:14,258 p=12725 u=root n=ansible | TASK [Gathering Facts] ******************************************************************************************************************************************************
2026-03-15 19:10:15,810 p=12725 u=root n=ansible | ok: [slurm-hn]
2026-03-15 19:10:15,828 p=12725 u=root n=ansible | TASK [initial_setup : Actualizar cache de apt] ******************************************************************************************************************************
2026-03-15 19:10:16,898 p=12725 u=root n=ansible | ok: [slurm-hn]
2026-03-15 19:10:16,908 p=12725 u=root n=ansible | TASK [initial_setup : Instalar sshpass] *************************************************************************************************************************************
2026-03-15 19:10:18,108 p=12725 u=root n=ansible | ok: [slurm-hn]
2026-03-15 19:10:18,117 p=12725 u=root n=ansible | TASK [initial_setup : Instalar rng-tools] ***********************************************************************************************************************************
2026-03-15 19:10:19,282 p=12725 u=root n=ansible | ok: [slurm-hn]
2026-03-15 19:10:19,309 p=12725 u=root n=ansible | TASK [Mensaje final de configuracion general] *******************************************************************************************************************************
2026-03-15 19:10:19,332 p=12725 u=root n=ansible | ok: [slurm-hn] => {
    "msg": [
        "=========================================",
        " Configuracion Inicial Completada",
        "========================================="
    ]
}
2026-03-15 19:10:19,346 p=12725 u=root n=ansible | PLAY [Configuracion General de todo el cluster] *****************************************************************************************************************************
2026-03-15 19:10:19,358 p=12725 u=root n=ansible | TASK [Gathering Facts] ******************************************************************************************************************************************************
2026-03-15 19:10:20,503 p=12725 u=root n=ansible | ok: [slurm-hn]
2026-03-15 19:10:21,732 p=12725 u=root n=ansible | ok: [slurm-wn1]
2026-03-15 19:10:21,750 p=12725 u=root n=ansible | ok: [slurm-wn2]
2026-03-15 19:10:21,789 p=12725 u=root n=ansible | TASK [common : Configurar hostname del nodo] ********************************************************************************************************************************
2026-03-15 19:10:22,854 p=12725 u=root n=ansible | ok: [slurm-hn]
2026-03-15 19:10:23,014 p=12725 u=root n=ansible | ok: [slurm-wn2]
2026-03-15 19:10:23,017 p=12725 u=root n=ansible | ok: [slurm-wn1]
2026-03-15 19:10:23,027 p=12725 u=root n=ansible | TASK [common : Configurar archivo '/etc/hosts'] *****************************************************************************************************************************
2026-03-15 19:10:24,013 p=12725 u=root n=ansible | ok: [slurm-hn]
2026-03-15 19:10:24,162 p=12725 u=root n=ansible | ok: [slurm-wn1]
2026-03-15 19:10:24,166 p=12725 u=root n=ansible | ok: [slurm-wn2]
2026-03-15 19:10:24,178 p=12725 u=root n=ansible | TASK [common : Crear grupos del sistema] ************************************************************************************************************************************
2026-03-15 19:10:24,648 p=12725 u=root n=ansible | ok: [slurm-hn] => (item={'name': 'munge'})
2026-03-15 19:10:24,781 p=12725 u=root n=ansible | ok: [slurm-wn1] => (item={'name': 'munge'})
2026-03-15 19:10:24,815 p=12725 u=root n=ansible | ok: [slurm-wn2] => (item={'name': 'munge'})
2026-03-15 19:10:24,947 p=12725 u=root n=ansible | ok: [slurm-hn] => (item={'name': 'slurm'})
2026-03-15 19:10:25,235 p=12725 u=root n=ansible | ok: [slurm-wn1] => (item={'name': 'slurm'})
2026-03-15 19:10:25,321 p=12725 u=root n=ansible | ok: [slurm-wn2] => (item={'name': 'slurm'})
2026-03-15 19:10:25,334 p=12725 u=root n=ansible | TASK [common : Crear usuarios del sistema] **********************************************************************************************************************************
2026-03-15 19:10:25,949 p=12725 u=root n=ansible | ok: [slurm-hn] => (item={'name': 'munge', 'shell': '/usr/sbin/nologin', 'home': '/var/lib/munge'})
2026-03-15 19:10:26,077 p=12725 u=root n=ansible | ok: [slurm-wn1] => (item={'name': 'munge', 'shell': '/usr/sbin/nologin', 'home': '/var/lib/munge'})
2026-03-15 19:10:26,120 p=12725 u=root n=ansible | ok: [slurm-wn2] => (item={'name': 'munge', 'shell': '/usr/sbin/nologin', 'home': '/var/lib/munge'})
2026-03-15 19:10:26,334 p=12725 u=root n=ansible | ok: [slurm-hn] => (item={'name': 'slurm', 'shell': '/bin/bash', 'home': '/var/lib/slurm'})
2026-03-15 19:10:26,603 p=12725 u=root n=ansible | ok: [slurm-wn1] => (item={'name': 'slurm', 'shell': '/bin/bash', 'home': '/var/lib/slurm'})
2026-03-15 19:10:26,705 p=12725 u=root n=ansible | ok: [slurm-wn2] => (item={'name': 'slurm', 'shell': '/bin/bash', 'home': '/var/lib/slurm'})
2026-03-15 19:10:26,718 p=12725 u=root n=ansible | TASK [common : Actualizar cache de apt] *************************************************************************************************************************************
2026-03-15 19:10:27,608 p=12725 u=root n=ansible | ok: [slurm-hn]
2026-03-15 19:10:27,707 p=12725 u=root n=ansible | ok: [slurm-wn1]
2026-03-15 19:10:27,739 p=12725 u=root n=ansible | ok: [slurm-wn2]
2026-03-15 19:10:27,751 p=12725 u=root n=ansible | TASK [common : Extender la partición root para ocupar todo el disco] ********************************************************************************************************
2026-03-15 19:10:28,321 p=12725 u=root n=ansible | fatal: [slurm-hn]: FAILED! => {"changed": false, "cmd": ["growpart", "/dev/vda", "2"], "delta": "0:00:00.111532", "end": "2026-03-15 19:10:28.279784", "msg": "non-zero return code", "rc": 1, "start": "2026-03-15 19:10:28.168252", "stderr": "", "stderr_lines": [], "stdout": "NOCHANGE: partition 2 is size 52424671. it cannot be grown", "stdout_lines": ["NOCHANGE: partition 2 is size 52424671. it cannot be grown"]}
2026-03-15 19:10:28,322 p=12725 u=root n=ansible | ...ignoring
2026-03-15 19:10:28,449 p=12725 u=root n=ansible | fatal: [slurm-wn2]: FAILED! => {"changed": false, "cmd": ["growpart", "/dev/vda", "2"], "delta": "0:00:00.114385", "end": "2026-03-15 19:10:28.335244", "msg": "non-zero return code", "rc": 1, "start": "2026-03-15 19:10:28.220859", "stderr": "", "stderr_lines": [], "stdout": "NOCHANGE: partition 2 is size 52424671. it cannot be grown", "stdout_lines": ["NOCHANGE: partition 2 is size 52424671. it cannot be grown"]}
2026-03-15 19:10:28,449 p=12725 u=root n=ansible | ...ignoring
2026-03-15 19:10:28,467 p=12725 u=root n=ansible | fatal: [slurm-wn1]: FAILED! => {"changed": false, "cmd": ["growpart", "/dev/vda", "2"], "delta": "0:00:00.101014", "end": "2026-03-15 19:10:28.359891", "msg": "non-zero return code", "rc": 1, "start": "2026-03-15 19:10:28.258877", "stderr": "", "stderr_lines": [], "stdout": "NOCHANGE: partition 2 is size 52424671. it cannot be grown", "stdout_lines": ["NOCHANGE: partition 2 is size 52424671. it cannot be grown"]}
2026-03-15 19:10:28,467 p=12725 u=root n=ansible | ...ignoring
2026-03-15 19:10:28,477 p=12725 u=root n=ansible | TASK [common : Redimensionar el sistema de archivos ext4] *******************************************************************************************************************
2026-03-15 19:10:28,510 p=12725 u=root n=ansible | skipping: [slurm-hn]
2026-03-15 19:10:28,513 p=12725 u=root n=ansible | skipping: [slurm-wn1]
2026-03-15 19:10:28,523 p=12725 u=root n=ansible | skipping: [slurm-wn2]
2026-03-15 19:10:28,532 p=12725 u=root n=ansible | TASK [common : Instalar paquetes comunes] ***********************************************************************************************************************************
2026-03-15 19:10:29,731 p=12725 u=root n=ansible | ok: [slurm-hn]
2026-03-15 19:10:29,870 p=12725 u=root n=ansible | ok: [slurm-wn2]
2026-03-15 19:10:29,933 p=12725 u=root n=ansible | ok: [slurm-wn1]
2026-03-15 19:10:29,943 p=12725 u=root n=ansible | TASK [common : Crear directorios de Munge] **********************************************************************************************************************************
2026-03-15 19:10:30,274 p=12725 u=root n=ansible | ok: [slurm-hn] => (item=/etc/munge)
2026-03-15 19:10:30,462 p=12725 u=root n=ansible | ok: [slurm-wn1] => (item=/etc/munge)
2026-03-15 19:10:30,489 p=12725 u=root n=ansible | ok: [slurm-wn2] => (item=/etc/munge)
2026-03-15 19:10:30,578 p=12725 u=root n=ansible | ok: [slurm-hn] => (item=/var/log/munge)
2026-03-15 19:10:30,879 p=12725 u=root n=ansible | ok: [slurm-hn] => (item=/var/lib/munge)
2026-03-15 19:10:30,952 p=12725 u=root n=ansible | ok: [slurm-wn1] => (item=/var/log/munge)
2026-03-15 19:10:30,975 p=12725 u=root n=ansible | ok: [slurm-wn2] => (item=/var/log/munge)
2026-03-15 19:10:31,414 p=12725 u=root n=ansible | ok: [slurm-wn1] => (item=/var/lib/munge)
2026-03-15 19:10:31,489 p=12725 u=root n=ansible | ok: [slurm-wn2] => (item=/var/lib/munge)
2026-03-15 19:10:31,500 p=12725 u=root n=ansible | TASK [common : Crear directorios de Slurm] **********************************************************************************************************************************
2026-03-15 19:10:31,830 p=12725 u=root n=ansible | ok: [slurm-hn] => (item=/var/log/slurm)
2026-03-15 19:10:32,045 p=12725 u=root n=ansible | ok: [slurm-wn1] => (item=/var/log/slurm)
2026-03-15 19:10:32,067 p=12725 u=root n=ansible | ok: [slurm-wn2] => (item=/var/log/slurm)
2026-03-15 19:10:32,132 p=12725 u=root n=ansible | ok: [slurm-hn] => (item=/var/lib/slurm)
2026-03-15 19:10:32,420 p=12725 u=root n=ansible | ok: [slurm-hn] => (item=/var/lib/slurm/slurmd)
2026-03-15 19:10:32,535 p=12725 u=root n=ansible | ok: [slurm-wn1] => (item=/var/lib/slurm)
2026-03-15 19:10:32,575 p=12725 u=root n=ansible | ok: [slurm-wn2] => (item=/var/lib/slurm)
2026-03-15 19:10:32,717 p=12725 u=root n=ansible | ok: [slurm-hn] => (item=/var/lib/slurm/slurmctld)
2026-03-15 19:10:33,020 p=12725 u=root n=ansible | ok: [slurm-hn] => (item=/etc/slurm)
2026-03-15 19:10:33,044 p=12725 u=root n=ansible | ok: [slurm-wn1] => (item=/var/lib/slurm/slurmd)
2026-03-15 19:10:33,083 p=12725 u=root n=ansible | ok: [slurm-wn2] => (item=/var/lib/slurm/slurmd)
2026-03-15 19:10:33,546 p=12725 u=root n=ansible | ok: [slurm-wn1] => (item=/var/lib/slurm/slurmctld)
2026-03-15 19:10:33,601 p=12725 u=root n=ansible | ok: [slurm-wn2] => (item=/var/lib/slurm/slurmctld)
2026-03-15 19:10:34,012 p=12725 u=root n=ansible | ok: [slurm-wn1] => (item=/etc/slurm)
2026-03-15 19:10:34,111 p=12725 u=root n=ansible | ok: [slurm-wn2] => (item=/etc/slurm)
2026-03-15 19:10:34,122 p=12725 u=root n=ansible | TASK [common : Distribuir archivo slurm.conf] *******************************************************************************************************************************
2026-03-15 19:10:34,938 p=12725 u=root n=ansible | changed: [slurm-hn]
2026-03-15 19:10:35,110 p=12725 u=root n=ansible | ok: [slurm-wn1]
2026-03-15 19:10:35,118 p=12725 u=root n=ansible | ok: [slurm-wn2]
2026-03-15 19:10:35,129 p=12725 u=root n=ansible | TASK [common : Detener munge inicialmente] **********************************************************************************************************************************
2026-03-15 19:10:36,107 p=12725 u=root n=ansible | changed: [slurm-hn]
2026-03-15 19:10:36,226 p=12725 u=root n=ansible | ok: [slurm-wn1]
2026-03-15 19:10:36,233 p=12725 u=root n=ansible | ok: [slurm-wn2]
2026-03-15 19:10:36,288 p=12725 u=root n=ansible | TASK [firewall : Configurar reglas de NFTables] *****************************************************************************************************************************
2026-03-15 19:10:36,911 p=12725 u=root n=ansible | ok: [slurm-hn]
2026-03-15 19:10:37,249 p=12725 u=root n=ansible | ok: [slurm-wn1]
2026-03-15 19:10:37,283 p=12725 u=root n=ansible | ok: [slurm-wn2]
2026-03-15 19:10:37,295 p=12725 u=root n=ansible | TASK [firewall : Habilitar servicio NFTables] *******************************************************************************************************************************
2026-03-15 19:10:37,891 p=12725 u=root n=ansible | ok: [slurm-hn]
2026-03-15 19:10:38,073 p=12725 u=root n=ansible | ok: [slurm-wn1]
2026-03-15 19:10:38,120 p=12725 u=root n=ansible | ok: [slurm-wn2]
2026-03-15 19:10:38,146 p=12725 u=root n=ansible | TASK [ldap : Configurar SSSD para LDAP] *************************************************************************************************************************************
2026-03-15 19:10:38,837 p=12725 u=root n=ansible | ok: [slurm-hn]
2026-03-15 19:10:39,093 p=12725 u=root n=ansible | ok: [slurm-wn1]
2026-03-15 19:10:39,126 p=12725 u=root n=ansible | ok: [slurm-wn2]
2026-03-15 19:10:39,137 p=12725 u=root n=ansible | TASK [ldap : Habilitar servicio SSSD] ***************************************************************************************************************************************
2026-03-15 19:10:39,735 p=12725 u=root n=ansible | ok: [slurm-hn]
2026-03-15 19:10:39,917 p=12725 u=root n=ansible | ok: [slurm-wn1]
2026-03-15 19:10:39,934 p=12725 u=root n=ansible | ok: [slurm-wn2]
2026-03-15 19:10:39,989 p=12725 u=root n=ansible | TASK [Mensaje final de configuracion general] *******************************************************************************************************************************
2026-03-15 19:10:40,023 p=12725 u=root n=ansible | ok: [slurm-hn] => {
    "msg": [
        "=========================================",
        "Configuracion General Completada",
        "========================================="
    ]
}
2026-03-15 19:10:40,026 p=12725 u=root n=ansible | ok: [slurm-wn1] => {
    "msg": [
        "=========================================",
        "Configuracion General Completada",
        "========================================="
    ]
}
2026-03-15 19:10:40,037 p=12725 u=root n=ansible | ok: [slurm-wn2] => {
    "msg": [
        "=========================================",
        "Configuracion General Completada",
        "========================================="
    ]
}
2026-03-15 19:10:40,074 p=12725 u=root n=ansible | PLAY [Configuraciones especificas del Headnode] *****************************************************************************************************************************
2026-03-15 19:10:40,096 p=12725 u=root n=ansible | TASK [Gathering Facts] ******************************************************************************************************************************************************
2026-03-15 19:10:41,284 p=12725 u=root n=ansible | ok: [slurm-hn]
2026-03-15 19:10:41,306 p=12725 u=root n=ansible | TASK [munge : Configurar Munge en headnode] *********************************************************************************************************************************
2026-03-15 19:10:41,348 p=12725 u=root n=ansible | included: /root/ansible-cluster-slurm/roles/munge/tasks/headnode.yml for slurm-hn
2026-03-15 19:10:41,355 p=12725 u=root n=ansible | TASK [munge : Generar llave Munge] ******************************************************************************************************************************************
2026-03-15 19:10:41,671 p=12725 u=root n=ansible | ok: [slurm-hn]
2026-03-15 19:10:41,682 p=12725 u=root n=ansible | TASK [munge : Asegurar permisos estrictos de llave Munge] *******************************************************************************************************************
2026-03-15 19:10:42,011 p=12725 u=root n=ansible | ok: [slurm-hn]
2026-03-15 19:10:42,019 p=12725 u=root n=ansible | TASK [munge : Descargar llave Munge al controlador] *************************************************************************************************************************
2026-03-15 19:10:42,469 p=12725 u=root n=ansible | ok: [slurm-hn]
2026-03-15 19:10:42,482 p=12725 u=root n=ansible | TASK [munge : Crear directorio de backup] ***********************************************************************************************************************************
2026-03-15 19:10:42,819 p=12725 u=root n=ansible | ok: [slurm-hn]
2026-03-15 19:10:42,828 p=12725 u=root n=ansible | TASK [munge : Backup de munge.key] ******************************************************************************************************************************************
2026-03-15 19:10:43,162 p=12725 u=root n=ansible | ok: [slurm-hn]
2026-03-15 19:10:43,172 p=12725 u=root n=ansible | TASK [munge : Iniciar servicio Munge] ***************************************************************************************************************************************
2026-03-15 19:10:43,796 p=12725 u=root n=ansible | changed: [slurm-hn]
2026-03-15 19:10:43,804 p=12725 u=root n=ansible | TASK [munge : Configurar Munge en workers] **********************************************************************************************************************************
2026-03-15 19:10:43,828 p=12725 u=root n=ansible | skipping: [slurm-hn]
2026-03-15 19:10:43,838 p=12725 u=root n=ansible | TASK [munge : Verificar que el socket de Munge esté disponible] *************************************************************************************************************
2026-03-15 19:10:44,310 p=12725 u=root n=ansible | ok: [slurm-hn]
2026-03-15 19:10:44,319 p=12725 u=root n=ansible | TASK [munge : Verificar que Munge responda correctamente] *******************************************************************************************************************
2026-03-15 19:10:44,655 p=12725 u=root n=ansible | ok: [slurm-hn]
2026-03-15 19:10:44,668 p=12725 u=root n=ansible | TASK [chrony_server : Asegurar que Chrony use pools de Sudamérica] **********************************************************************************************************
2026-03-15 19:10:45,138 p=12725 u=root n=ansible | ok: [slurm-hn]
2026-03-15 19:10:45,150 p=12725 u=root n=ansible | TASK [chrony_server : Permitir sincronización a la red interna] *************************************************************************************************************
2026-03-15 19:10:45,473 p=12725 u=root n=ansible | ok: [slurm-hn]
2026-03-15 19:10:45,483 p=12725 u=root n=ansible | TASK [chrony_server : Forzar al Headnode a ser autoritativo (Local Stratum)] ************************************************************************************************
2026-03-15 19:10:45,802 p=12725 u=root n=ansible | ok: [slurm-hn]
2026-03-15 19:10:45,819 p=12725 u=root n=ansible | TASK [ldap_server : Instalar utilidades y paquetes OpenLDAP] ****************************************************************************************************************
2026-03-15 19:10:46,999 p=12725 u=root n=ansible | ok: [slurm-hn]
2026-03-15 19:10:47,011 p=12725 u=root n=ansible | TASK [ldap_server : Detener slapd para configuración manual] ****************************************************************************************************************
2026-03-15 19:10:47,683 p=12725 u=root n=ansible | changed: [slurm-hn]
2026-03-15 19:10:47,695 p=12725 u=root n=ansible | TASK [ldap_server : Limpiar directorios de LDAP] ****************************************************************************************************************************
2026-03-15 19:10:48,030 p=12725 u=root n=ansible | changed: [slurm-hn]
2026-03-15 19:10:48,043 p=12725 u=root n=ansible | TASK [ldap_server : Configurar debconf para el dominio] *********************************************************************************************************************
2026-03-15 19:10:49,730 p=12725 u=root n=ansible | changed: [slurm-hn]
2026-03-15 19:10:49,738 p=12725 u=root n=ansible | TASK [ldap_server : Detener slapd de nuevo (dpkg lo inicia solo)] ***********************************************************************************************************
2026-03-15 19:10:50,393 p=12725 u=root n=ansible | changed: [slurm-hn]
2026-03-15 19:10:50,403 p=12725 u=root n=ansible | TASK [ldap_server : Crear archivo LDIF de emergencia para estructura completa] **********************************************************************************************
2026-03-15 19:10:51,042 p=12725 u=root n=ansible | ok: [slurm-hn]
2026-03-15 19:10:51,051 p=12725 u=root n=ansible | TASK [ldap_server : Inyectar estructura directamente a la base de datos (Offline)] ******************************************************************************************
2026-03-15 19:10:51,423 p=12725 u=root n=ansible | changed: [slurm-hn]
2026-03-15 19:10:51,431 p=12725 u=root n=ansible | TASK [ldap_server : Corregir permisos de la base de datos] ******************************************************************************************************************
2026-03-15 19:10:51,783 p=12725 u=root n=ansible | ok: [slurm-hn] => (item=/var/lib/ldap)
2026-03-15 19:10:52,099 p=12725 u=root n=ansible | ok: [slurm-hn] => (item=/etc/ldap/slapd.d)
2026-03-15 19:10:52,111 p=12725 u=root n=ansible | TASK [ldap_server : Iniciar slapd definitivo] *******************************************************************************************************************************
2026-03-15 19:10:52,772 p=12725 u=root n=ansible | changed: [slurm-hn]
2026-03-15 19:10:52,781 p=12725 u=root n=ansible | TASK [ldap_server : Asegurar Unidades Organizativas (Online)] ***************************************************************************************************************
2026-03-15 19:10:53,344 p=12725 u=root n=ansible | ok: [slurm-hn] => (item={'dn': 'ou=People,dc=cluster,dc=local', 'objectClass': ['top', 'organizationalUnit']})
2026-03-15 19:10:53,684 p=12725 u=root n=ansible | ok: [slurm-hn] => (item={'dn': 'ou=Group,dc=cluster,dc=local', 'objectClass': ['top', 'organizationalUnit']})
2026-03-15 19:10:53,700 p=12725 u=root n=ansible | TASK [nfs_server : Instalar nfs-kernel-server] ******************************************************************************************************************************
2026-03-15 19:10:54,951 p=12725 u=root n=ansible | ok: [slurm-hn]
2026-03-15 19:10:54,960 p=12725 u=root n=ansible | TASK [nfs_server : Crear directorios para exportar NFS] *********************************************************************************************************************
2026-03-15 19:10:55,299 p=12725 u=root n=ansible | ok: [slurm-hn] => (item=/home)
2026-03-15 19:10:55,607 p=12725 u=root n=ansible | ok: [slurm-hn] => (item=/nfs/general)
2026-03-15 19:10:55,926 p=12725 u=root n=ansible | ok: [slurm-hn] => (item=/nfs/privileged)
2026-03-15 19:10:55,942 p=12725 u=root n=ansible | TASK [nfs_server : Configurar exports NFS] **********************************************************************************************************************************
2026-03-15 19:10:56,584 p=12725 u=root n=ansible | ok: [slurm-hn]
2026-03-15 19:10:56,597 p=12725 u=root n=ansible | TASK [nfs_server : Aplicar configuración de exports] ************************************************************************************************************************
2026-03-15 19:10:56,941 p=12725 u=root n=ansible | changed: [slurm-hn]
2026-03-15 19:10:56,956 p=12725 u=root n=ansible | TASK [mariadb : Instalar mariadb y dependencias] ****************************************************************************************************************************
2026-03-15 19:10:58,168 p=12725 u=root n=ansible | ok: [slurm-hn]
2026-03-15 19:10:58,177 p=12725 u=root n=ansible | TASK [mariadb : Iniciar servicio MariaDB] ***********************************************************************************************************************************
2026-03-15 19:10:58,775 p=12725 u=root n=ansible | ok: [slurm-hn]
2026-03-15 19:10:58,785 p=12725 u=root n=ansible | TASK [mariadb : Crear BD para Slurm Accounting] *****************************************************************************************************************************
2026-03-15 19:10:59,299 p=12725 u=root n=ansible | ok: [slurm-hn]
2026-03-15 19:10:59,310 p=12725 u=root n=ansible | TASK [mariadb : Crear Usuario de Base de Datos y dar permisos] **************************************************************************************************************
2026-03-15 19:10:59,904 p=12725 u=root n=ansible | [WARNING]: Option column_case_sensitive is not provided. The default is now false, so the column's name will be uppercased. The default will be changed to true in
community.mysql 4.0.0.

2026-03-15 19:10:59,904 p=12725 u=root n=ansible | ok: [slurm-hn]
2026-03-15 19:10:59,914 p=12725 u=root n=ansible | TASK [mariadb : Optimizar MariaDB para Slurm Accounting] ********************************************************************************************************************
2026-03-15 19:11:00,245 p=12725 u=root n=ansible | ok: [slurm-hn] => (item={'regexp': '^innodb_buffer_pool_size', 'line': 'innodb_buffer_pool_size = 1G'})
2026-03-15 19:11:00,505 p=12725 u=root n=ansible | ok: [slurm-hn] => (item={'regexp': '^innodb_log_file_size', 'line': 'innodb_log_file_size = 64M'})
2026-03-15 19:11:00,809 p=12725 u=root n=ansible | ok: [slurm-hn] => (item={'regexp': '^innodb_lock_wait_timeout', 'line': 'innodb_lock_wait_timeout = 900'})
2026-03-15 19:11:01,126 p=12725 u=root n=ansible | ok: [slurm-hn] => (item={'regexp': '^innodb_flush_log_at_trx_commit', 'line': 'innodb_flush_log_at_trx_commit = 2'})
2026-03-15 19:11:01,144 p=12725 u=root n=ansible | TASK [slurmdbd : Instalar slurmdbd] *****************************************************************************************************************************************
2026-03-15 19:11:02,336 p=12725 u=root n=ansible | ok: [slurm-hn]
2026-03-15 19:11:02,347 p=12725 u=root n=ansible | TASK [slurmdbd : Asegurar directorio de logs con permisos correctos] ********************************************************************************************************
2026-03-15 19:11:02,688 p=12725 u=root n=ansible | ok: [slurm-hn]
2026-03-15 19:11:02,699 p=12725 u=root n=ansible | TASK [slurmdbd : Crear archivo de log si no existe] *************************************************************************************************************************
2026-03-15 19:11:03,033 p=12725 u=root n=ansible | changed: [slurm-hn]
2026-03-15 19:11:03,049 p=12725 u=root n=ansible | TASK [slurmdbd : Configurar archivo slurmdbd.conf] **************************************************************************************************************************
2026-03-15 19:11:03,709 p=12725 u=root n=ansible | ok: [slurm-hn]
2026-03-15 19:11:03,718 p=12725 u=root n=ansible | TASK [slurmdbd : Iniciar servicio SlurmDBD] *********************************************************************************************************************************
2026-03-15 19:11:04,311 p=12725 u=root n=ansible | ok: [slurm-hn]
2026-03-15 19:11:04,327 p=12725 u=root n=ansible | TASK [slurmctld : Esperar a que SlurmDBD responda] **************************************************************************************************************************
2026-03-15 19:11:09,675 p=12725 u=root n=ansible | ok: [slurm-hn]
2026-03-15 19:11:09,685 p=12725 u=root n=ansible | TASK [slurmctld : Iniciar Slurm Controller (slurmctld)] *********************************************************************************************************************
2026-03-15 19:11:10,318 p=12725 u=root n=ansible | changed: [slurm-hn]
2026-03-15 19:11:10,334 p=12725 u=root n=ansible | TASK [slurm_accounting : Registrar Cluster en Accounting] *******************************************************************************************************************
2026-03-15 19:11:10,853 p=12725 u=root n=ansible | ok: [slurm-hn]
2026-03-15 19:11:10,864 p=12725 u=root n=ansible | TASK [slurm_accounting : Crear cuentas base de usuarios] ********************************************************************************************************************
2026-03-15 19:11:11,551 p=12725 u=root n=ansible | changed: [slurm-hn] => (item=researchers)
2026-03-15 19:11:12,164 p=12725 u=root n=ansible | changed: [slurm-hn] => (item=students)
2026-03-15 19:11:12,176 p=12725 u=root n=ansible | TASK [slurm_accounting : Vincular usuarios LDAP a cuentas de Slurm (Ejemplo)] ***********************************************************************************************
2026-03-15 19:11:12,836 p=12725 u=root n=ansible | changed: [slurm-hn] => (item={'user': 'admin', 'acct': 'researchers'})
2026-03-15 19:11:12,853 p=12725 u=root n=ansible | TASK [monitoring : Instalar Docker y dependencias de Python para Docker] ****************************************************************************************************
2026-03-15 19:11:51,651 p=12725 u=root n=ansible | changed: [slurm-hn]
2026-03-15 19:11:51,660 p=12725 u=root n=ansible | TASK [monitoring : Crear estructura de directorios] *************************************************************************************************************************
2026-03-15 19:11:52,007 p=12725 u=root n=ansible | changed: [slurm-hn] => (item=/etc/grafana/provisioning/datasources)
2026-03-15 19:11:52,329 p=12725 u=root n=ansible | changed: [slurm-hn] => (item=/etc/grafana/provisioning/dashboards)
2026-03-15 19:11:52,644 p=12725 u=root n=ansible | changed: [slurm-hn] => (item=/etc/grafana/dashboards_json)
2026-03-15 19:11:52,974 p=12725 u=root n=ansible | changed: [slurm-hn] => (item=/etc/prometheus)
2026-03-15 19:11:52,989 p=12725 u=root n=ansible | TASK [monitoring : Provisionar archivos de configuración] *******************************************************************************************************************
2026-03-15 19:11:53,615 p=12725 u=root n=ansible | changed: [slurm-hn] => (item={'src': 'grafana_datasource.yml.j2', 'dest': '/etc/grafana/provisioning/datasources/prometheus.yml'})
2026-03-15 19:11:54,157 p=12725 u=root n=ansible | changed: [slurm-hn] => (item={'src': 'grafana_dashboards.yml.j2', 'dest': '/etc/grafana/provisioning/dashboards/main.yaml'})
2026-03-15 19:11:54,722 p=12725 u=root n=ansible | changed: [slurm-hn] => (item={'src': 'prometheus.yml.j2', 'dest': '/etc/prometheus/prometheus.yml'})
2026-03-15 19:11:54,738 p=12725 u=root n=ansible | TASK [monitoring : Descargar Dashboard Node Exporter Full (ID 1860)] ********************************************************************************************************
2026-03-15 19:11:56,579 p=12725 u=root n=ansible | changed: [slurm-hn]
2026-03-15 19:11:56,588 p=12725 u=root n=ansible | TASK [monitoring : Corregir el Data Source en el JSON del Dashboard] ********************************************************************************************************
2026-03-15 19:11:57,070 p=12725 u=root n=ansible | ok: [slurm-hn]
2026-03-15 19:11:57,081 p=12725 u=root n=ansible | TASK [monitoring : Desplegar Contenedor Prometheus] *************************************************************************************************************************
2026-03-15 19:12:07,719 p=12725 u=root n=ansible | changed: [slurm-hn]
2026-03-15 19:12:07,727 p=12725 u=root n=ansible | TASK [monitoring : Desplegar Contenedor Grafana] ****************************************************************************************************************************
2026-03-15 19:12:29,252 p=12725 u=root n=ansible | changed: [slurm-hn]
2026-03-15 19:12:29,267 p=12725 u=root n=ansible | TASK [Configurar SSH keys en headnode] **************************************************************************************************************************************
2026-03-15 19:12:29,311 p=12725 u=root n=ansible | TASK [ssh_keys : Generar par de llaves ssh RSA para root] *******************************************************************************************************************
2026-03-15 19:12:30,263 p=12725 u=root n=ansible | changed: [slurm-hn]
2026-03-15 19:12:30,273 p=12725 u=root n=ansible | TASK [ssh_keys : Descargar llave publica SSH de root] ***********************************************************************************************************************
2026-03-15 19:12:30,595 p=12725 u=root n=ansible | changed: [slurm-hn]
2026-03-15 19:12:30,629 p=12725 u=root n=ansible | RUNNING HANDLER [monitoring : Reiniciar contenedor prometheus] **************************************************************************************************************
2026-03-15 19:12:31,613 p=12725 u=root n=ansible | changed: [slurm-hn]
2026-03-15 19:12:31,622 p=12725 u=root n=ansible | TASK [Mensaje final de configuracion del headnode] **************************************************************************************************************************
2026-03-15 19:12:31,651 p=12725 u=root n=ansible | ok: [slurm-hn] => {
    "msg": [
        "=========================================",
        "Configuracion del Headnode Completada",
        "========================================="
    ]
}
2026-03-15 19:12:31,670 p=12725 u=root n=ansible | PLAY [Configuraciones especificas de los workers] ***************************************************************************************************************************
2026-03-15 19:12:31,684 p=12725 u=root n=ansible | TASK [Gathering Facts] ******************************************************************************************************************************************************
2026-03-15 19:12:33,998 p=12725 u=root n=ansible | ok: [slurm-wn1]
2026-03-15 19:12:34,008 p=12725 u=root n=ansible | ok: [slurm-wn2]
2026-03-15 19:12:34,035 p=12725 u=root n=ansible | TASK [munge : Configurar Munge en headnode] *********************************************************************************************************************************
2026-03-15 19:12:34,063 p=12725 u=root n=ansible | skipping: [slurm-wn1]
2026-03-15 19:12:34,073 p=12725 u=root n=ansible | skipping: [slurm-wn2]
2026-03-15 19:12:34,083 p=12725 u=root n=ansible | TASK [munge : Configurar Munge en workers] **********************************************************************************************************************************
2026-03-15 19:12:34,142 p=12725 u=root n=ansible | included: /root/ansible-cluster-slurm/roles/munge/tasks/workers.yml for slurm-wn1, slurm-wn2
2026-03-15 19:12:34,150 p=12725 u=root n=ansible | TASK [munge : Distribuir llave Munge desde el controlador] ******************************************************************************************************************
2026-03-15 19:12:35,139 p=12725 u=root n=ansible | changed: [slurm-wn1]
2026-03-15 19:12:35,199 p=12725 u=root n=ansible | changed: [slurm-wn2]
2026-03-15 19:12:35,212 p=12725 u=root n=ansible | TASK [munge : Iniciar servicio Munge en workers] ****************************************************************************************************************************
2026-03-15 19:12:36,061 p=12725 u=root n=ansible | changed: [slurm-wn1]
2026-03-15 19:12:36,083 p=12725 u=root n=ansible | changed: [slurm-wn2]
2026-03-15 19:12:36,092 p=12725 u=root n=ansible | TASK [munge : Verificar que el socket de Munge esté disponible] *************************************************************************************************************
2026-03-15 19:12:36,588 p=12725 u=root n=ansible | ok: [slurm-wn2]
2026-03-15 19:12:36,594 p=12725 u=root n=ansible | ok: [slurm-wn1]
2026-03-15 19:12:36,601 p=12725 u=root n=ansible | TASK [munge : Verificar que Munge responda correctamente] *******************************************************************************************************************
2026-03-15 19:12:37,172 p=12725 u=root n=ansible | ok: [slurm-wn1]
2026-03-15 19:12:37,238 p=12725 u=root n=ansible | ok: [slurm-wn2]
2026-03-15 19:12:37,258 p=12725 u=root n=ansible | TASK [chrony_client : Configurar Chrony como cliente del Headnode] **********************************************************************************************************
2026-03-15 19:12:38,279 p=12725 u=root n=ansible | changed: [slurm-wn1]
2026-03-15 19:12:38,308 p=12725 u=root n=ansible | changed: [slurm-wn2]
2026-03-15 19:12:38,327 p=12725 u=root n=ansible | TASK [ldap_client : Instalar paquetes necesarios para SSSD y LDAP] **********************************************************************************************************
2026-03-15 19:20:40,838 p=12725 u=root n=ansible | fatal: [slurm-wn2]: FAILED! => {"cache_update_time": 1773600907, "cache_updated": false, "changed": false, "msg": "'/usr/bin/apt-get -y -o \"Dpkg::Options::=--force-confdef\" -o \"Dpkg::Options::=--force-confold\"       install 'libnss-ldap=265-5ubuntu3' 'libpam-ldap=186-4.1ubuntu1'' failed: E: Failed to fetch http://pe.archive.ubuntu.com/ubuntu/pool/universe/l/ldap-auth-client/ldap-auth-config_0.5.4_all.deb  Temporary failure resolving 'pe.archive.ubuntu.com'\nE: Failed to fetch http://pe.archive.ubuntu.com/ubuntu/pool/universe/libp/libpam-ldap/libpam-ldap_186-4.1ubuntu1_amd64.deb  Temporary failure resolving 'pe.archive.ubuntu.com'\nE: Failed to fetch http://pe.archive.ubuntu.com/ubuntu/pool/universe/libn/libnss-ldap/libnss-ldap_265-5ubuntu3_amd64.deb  Temporary failure resolving 'pe.archive.ubuntu.com'\nE: Failed to fetch http://pe.archive.ubuntu.com/ubuntu/pool/universe/l/ldap-auth-client/ldap-auth-client_0.5.4_all.deb  Temporary failure resolving 'pe.archive.ubuntu.com'\nE: Unable to fetch some archives, maybe run apt-get update or try with --fix-missing?\n", "rc": 100, "stderr": "E: Failed to fetch http://pe.archive.ubuntu.com/ubuntu/pool/universe/l/ldap-auth-client/ldap-auth-config_0.5.4_all.deb  Temporary failure resolving 'pe.archive.ubuntu.com'\nE: Failed to fetch http://pe.archive.ubuntu.com/ubuntu/pool/universe/libp/libpam-ldap/libpam-ldap_186-4.1ubuntu1_amd64.deb  Temporary failure resolving 'pe.archive.ubuntu.com'\nE: Failed to fetch http://pe.archive.ubuntu.com/ubuntu/pool/universe/libn/libnss-ldap/libnss-ldap_265-5ubuntu3_amd64.deb  Temporary failure resolving 'pe.archive.ubuntu.com'\nE: Failed to fetch http://pe.archive.ubuntu.com/ubuntu/pool/universe/l/ldap-auth-client/ldap-auth-client_0.5.4_all.deb  Temporary failure resolving 'pe.archive.ubuntu.com'\nE: Unable to fetch some archives, maybe run apt-get update or try with --fix-missing?\n", "stderr_lines": ["E: Failed to fetch http://pe.archive.ubuntu.com/ubuntu/pool/universe/l/ldap-auth-client/ldap-auth-config_0.5.4_all.deb  Temporary failure resolving 'pe.archive.ubuntu.com'", "E: Failed to fetch http://pe.archive.ubuntu.com/ubuntu/pool/universe/libp/libpam-ldap/libpam-ldap_186-4.1ubuntu1_amd64.deb  Temporary failure resolving 'pe.archive.ubuntu.com'", "E: Failed to fetch http://pe.archive.ubuntu.com/ubuntu/pool/universe/libn/libnss-ldap/libnss-ldap_265-5ubuntu3_amd64.deb  Temporary failure resolving 'pe.archive.ubuntu.com'", "E: Failed to fetch http://pe.archive.ubuntu.com/ubuntu/pool/universe/l/ldap-auth-client/ldap-auth-client_0.5.4_all.deb  Temporary failure resolving 'pe.archive.ubuntu.com'", "E: Unable to fetch some archives, maybe run apt-get update or try with --fix-missing?"], "stdout": "Reading package lists...\nBuilding dependency tree...\nReading state information...\nThe following additional packages will be installed:\n  ldap-auth-client ldap-auth-config\nSuggested packages:\n  nscd\nThe following NEW packages will be installed:\n  ldap-auth-client ldap-auth-config libnss-ldap libpam-ldap\n0 upgraded, 4 newly installed, 0 to remove and 318 not upgraded.\nNeed to get 114 kB of archives.\nAfter this operation, 353 kB of additional disk space will be used.\nIgn:1 http://pe.archive.ubuntu.com/ubuntu noble/universe amd64 ldap-auth-config all 0.5.4\nIgn:2 http://pe.archive.ubuntu.com/ubuntu noble/universe amd64 libpam-ldap amd64 186-4.1ubuntu1\nIgn:3 http://pe.archive.ubuntu.com/ubuntu noble/universe amd64 libnss-ldap amd64 265-5ubuntu3\nIgn:4 http://pe.archive.ubuntu.com/ubuntu noble/universe amd64 ldap-auth-client all 0.5.4\nIgn:1 http://pe.archive.ubuntu.com/ubuntu noble/universe amd64 ldap-auth-config all 0.5.4\nIgn:2 http://pe.archive.ubuntu.com/ubuntu noble/universe amd64 libpam-ldap amd64 186-4.1ubuntu1\nIgn:3 http://pe.archive.ubuntu.com/ubuntu noble/universe amd64 libnss-ldap amd64 265-5ubuntu3\nIgn:4 http://pe.archive.ubuntu.com/ubuntu noble/universe amd64 ldap-auth-client all 0.5.4\nIgn:1 http://pe.archive.ubuntu.com/ubuntu noble/universe amd64 ldap-auth-config all 0.5.4\nIgn:2 http://pe.archive.ubuntu.com/ubuntu noble/universe amd64 libpam-ldap amd64 186-4.1ubuntu1\nIgn:3 http://pe.archive.ubuntu.com/ubuntu noble/universe amd64 libnss-ldap amd64 265-5ubuntu3\nIgn:4 http://pe.archive.ubuntu.com/ubuntu noble/universe amd64 ldap-auth-client all 0.5.4\nErr:1 http://pe.archive.ubuntu.com/ubuntu noble/universe amd64 ldap-auth-config all 0.5.4\n  Temporary failure resolving 'pe.archive.ubuntu.com'\nErr:2 http://pe.archive.ubuntu.com/ubuntu noble/universe amd64 libpam-ldap amd64 186-4.1ubuntu1\n  Temporary failure resolving 'pe.archive.ubuntu.com'\nErr:3 http://pe.archive.ubuntu.com/ubuntu noble/universe amd64 libnss-ldap amd64 265-5ubuntu3\n  Temporary failure resolving 'pe.archive.ubuntu.com'\nErr:4 http://pe.archive.ubuntu.com/ubuntu noble/universe amd64 ldap-auth-client all 0.5.4\n  Temporary failure resolving 'pe.archive.ubuntu.com'\n", "stdout_lines": ["Reading package lists...", "Building dependency tree...", "Reading state information...", "The following additional packages will be installed:", "  ldap-auth-client ldap-auth-config", "Suggested packages:", "  nscd", "The following NEW packages will be installed:", "  ldap-auth-client ldap-auth-config libnss-ldap libpam-ldap", "0 upgraded, 4 newly installed, 0 to remove and 318 not upgraded.", "Need to get 114 kB of archives.", "After this operation, 353 kB of additional disk space will be used.", "Ign:1 http://pe.archive.ubuntu.com/ubuntu noble/universe amd64 ldap-auth-config all 0.5.4", "Ign:2 http://pe.archive.ubuntu.com/ubuntu noble/universe amd64 libpam-ldap amd64 186-4.1ubuntu1", "Ign:3 http://pe.archive.ubuntu.com/ubuntu noble/universe amd64 libnss-ldap amd64 265-5ubuntu3", "Ign:4 http://pe.archive.ubuntu.com/ubuntu noble/universe amd64 ldap-auth-client all 0.5.4", "Ign:1 http://pe.archive.ubuntu.com/ubuntu noble/universe amd64 ldap-auth-config all 0.5.4", "Ign:2 http://pe.archive.ubuntu.com/ubuntu noble/universe amd64 libpam-ldap amd64 186-4.1ubuntu1", "Ign:3 http://pe.archive.ubuntu.com/ubuntu noble/universe amd64 libnss-ldap amd64 265-5ubuntu3", "Ign:4 http://pe.archive.ubuntu.com/ubuntu noble/universe amd64 ldap-auth-client all 0.5.4", "Ign:1 http://pe.archive.ubuntu.com/ubuntu noble/universe amd64 ldap-auth-config all 0.5.4", "Ign:2 http://pe.archive.ubuntu.com/ubuntu noble/universe amd64 libpam-ldap amd64 186-4.1ubuntu1", "Ign:3 http://pe.archive.ubuntu.com/ubuntu noble/universe amd64 libnss-ldap amd64 265-5ubuntu3", "Ign:4 http://pe.archive.ubuntu.com/ubuntu noble/universe amd64 ldap-auth-client all 0.5.4", "Err:1 http://pe.archive.ubuntu.com/ubuntu noble/universe amd64 ldap-auth-config all 0.5.4", "  Temporary failure resolving 'pe.archive.ubuntu.com'", "Err:2 http://pe.archive.ubuntu.com/ubuntu noble/universe amd64 libpam-ldap amd64 186-4.1ubuntu1", "  Temporary failure resolving 'pe.archive.ubuntu.com'", "Err:3 http://pe.archive.ubuntu.com/ubuntu noble/universe amd64 libnss-ldap amd64 265-5ubuntu3", "  Temporary failure resolving 'pe.archive.ubuntu.com'", "Err:4 http://pe.archive.ubuntu.com/ubuntu noble/universe amd64 ldap-auth-client all 0.5.4", "  Temporary failure resolving 'pe.archive.ubuntu.com'"]}
2026-03-15 19:20:40,885 p=12725 u=root n=ansible | fatal: [slurm-wn1]: FAILED! => {"cache_update_time": 1773600907, "cache_updated": false, "changed": false, "msg": "'/usr/bin/apt-get -y -o \"Dpkg::Options::=--force-confdef\" -o \"Dpkg::Options::=--force-confold\"       install 'libnss-ldap=265-5ubuntu3' 'libpam-ldap=186-4.1ubuntu1'' failed: E: Failed to fetch http://pe.archive.ubuntu.com/ubuntu/pool/universe/l/ldap-auth-client/ldap-auth-config_0.5.4_all.deb  Temporary failure resolving 'pe.archive.ubuntu.com'\nE: Failed to fetch http://pe.archive.ubuntu.com/ubuntu/pool/universe/libp/libpam-ldap/libpam-ldap_186-4.1ubuntu1_amd64.deb  Temporary failure resolving 'pe.archive.ubuntu.com'\nE: Failed to fetch http://pe.archive.ubuntu.com/ubuntu/pool/universe/libn/libnss-ldap/libnss-ldap_265-5ubuntu3_amd64.deb  Temporary failure resolving 'pe.archive.ubuntu.com'\nE: Failed to fetch http://pe.archive.ubuntu.com/ubuntu/pool/universe/l/ldap-auth-client/ldap-auth-client_0.5.4_all.deb  Temporary failure resolving 'pe.archive.ubuntu.com'\nE: Unable to fetch some archives, maybe run apt-get update or try with --fix-missing?\n", "rc": 100, "stderr": "E: Failed to fetch http://pe.archive.ubuntu.com/ubuntu/pool/universe/l/ldap-auth-client/ldap-auth-config_0.5.4_all.deb  Temporary failure resolving 'pe.archive.ubuntu.com'\nE: Failed to fetch http://pe.archive.ubuntu.com/ubuntu/pool/universe/libp/libpam-ldap/libpam-ldap_186-4.1ubuntu1_amd64.deb  Temporary failure resolving 'pe.archive.ubuntu.com'\nE: Failed to fetch http://pe.archive.ubuntu.com/ubuntu/pool/universe/libn/libnss-ldap/libnss-ldap_265-5ubuntu3_amd64.deb  Temporary failure resolving 'pe.archive.ubuntu.com'\nE: Failed to fetch http://pe.archive.ubuntu.com/ubuntu/pool/universe/l/ldap-auth-client/ldap-auth-client_0.5.4_all.deb  Temporary failure resolving 'pe.archive.ubuntu.com'\nE: Unable to fetch some archives, maybe run apt-get update or try with --fix-missing?\n", "stderr_lines": ["E: Failed to fetch http://pe.archive.ubuntu.com/ubuntu/pool/universe/l/ldap-auth-client/ldap-auth-config_0.5.4_all.deb  Temporary failure resolving 'pe.archive.ubuntu.com'", "E: Failed to fetch http://pe.archive.ubuntu.com/ubuntu/pool/universe/libp/libpam-ldap/libpam-ldap_186-4.1ubuntu1_amd64.deb  Temporary failure resolving 'pe.archive.ubuntu.com'", "E: Failed to fetch http://pe.archive.ubuntu.com/ubuntu/pool/universe/libn/libnss-ldap/libnss-ldap_265-5ubuntu3_amd64.deb  Temporary failure resolving 'pe.archive.ubuntu.com'", "E: Failed to fetch http://pe.archive.ubuntu.com/ubuntu/pool/universe/l/ldap-auth-client/ldap-auth-client_0.5.4_all.deb  Temporary failure resolving 'pe.archive.ubuntu.com'", "E: Unable to fetch some archives, maybe run apt-get update or try with --fix-missing?"], "stdout": "Reading package lists...\nBuilding dependency tree...\nReading state information...\nThe following additional packages will be installed:\n  ldap-auth-client ldap-auth-config\nSuggested packages:\n  nscd\nThe following NEW packages will be installed:\n  ldap-auth-client ldap-auth-config libnss-ldap libpam-ldap\n0 upgraded, 4 newly installed, 0 to remove and 318 not upgraded.\nNeed to get 114 kB of archives.\nAfter this operation, 353 kB of additional disk space will be used.\nIgn:1 http://pe.archive.ubuntu.com/ubuntu noble/universe amd64 ldap-auth-config all 0.5.4\nIgn:2 http://pe.archive.ubuntu.com/ubuntu noble/universe amd64 libpam-ldap amd64 186-4.1ubuntu1\nIgn:3 http://pe.archive.ubuntu.com/ubuntu noble/universe amd64 libnss-ldap amd64 265-5ubuntu3\nIgn:4 http://pe.archive.ubuntu.com/ubuntu noble/universe amd64 ldap-auth-client all 0.5.4\nIgn:1 http://pe.archive.ubuntu.com/ubuntu noble/universe amd64 ldap-auth-config all 0.5.4\nIgn:2 http://pe.archive.ubuntu.com/ubuntu noble/universe amd64 libpam-ldap amd64 186-4.1ubuntu1\nIgn:3 http://pe.archive.ubuntu.com/ubuntu noble/universe amd64 libnss-ldap amd64 265-5ubuntu3\nIgn:4 http://pe.archive.ubuntu.com/ubuntu noble/universe amd64 ldap-auth-client all 0.5.4\nIgn:1 http://pe.archive.ubuntu.com/ubuntu noble/universe amd64 ldap-auth-config all 0.5.4\nIgn:2 http://pe.archive.ubuntu.com/ubuntu noble/universe amd64 libpam-ldap amd64 186-4.1ubuntu1\nIgn:3 http://pe.archive.ubuntu.com/ubuntu noble/universe amd64 libnss-ldap amd64 265-5ubuntu3\nIgn:4 http://pe.archive.ubuntu.com/ubuntu noble/universe amd64 ldap-auth-client all 0.5.4\nErr:1 http://pe.archive.ubuntu.com/ubuntu noble/universe amd64 ldap-auth-config all 0.5.4\n  Temporary failure resolving 'pe.archive.ubuntu.com'\nErr:2 http://pe.archive.ubuntu.com/ubuntu noble/universe amd64 libpam-ldap amd64 186-4.1ubuntu1\n  Temporary failure resolving 'pe.archive.ubuntu.com'\nErr:3 http://pe.archive.ubuntu.com/ubuntu noble/universe amd64 libnss-ldap amd64 265-5ubuntu3\n  Temporary failure resolving 'pe.archive.ubuntu.com'\nErr:4 http://pe.archive.ubuntu.com/ubuntu noble/universe amd64 ldap-auth-client all 0.5.4\n  Temporary failure resolving 'pe.archive.ubuntu.com'\n", "stdout_lines": ["Reading package lists...", "Building dependency tree...", "Reading state information...", "The following additional packages will be installed:", "  ldap-auth-client ldap-auth-config", "Suggested packages:", "  nscd", "The following NEW packages will be installed:", "  ldap-auth-client ldap-auth-config libnss-ldap libpam-ldap", "0 upgraded, 4 newly installed, 0 to remove and 318 not upgraded.", "Need to get 114 kB of archives.", "After this operation, 353 kB of additional disk space will be used.", "Ign:1 http://pe.archive.ubuntu.com/ubuntu noble/universe amd64 ldap-auth-config all 0.5.4", "Ign:2 http://pe.archive.ubuntu.com/ubuntu noble/universe amd64 libpam-ldap amd64 186-4.1ubuntu1", "Ign:3 http://pe.archive.ubuntu.com/ubuntu noble/universe amd64 libnss-ldap amd64 265-5ubuntu3", "Ign:4 http://pe.archive.ubuntu.com/ubuntu noble/universe amd64 ldap-auth-client all 0.5.4", "Ign:1 http://pe.archive.ubuntu.com/ubuntu noble/universe amd64 ldap-auth-config all 0.5.4", "Ign:2 http://pe.archive.ubuntu.com/ubuntu noble/universe amd64 libpam-ldap amd64 186-4.1ubuntu1", "Ign:3 http://pe.archive.ubuntu.com/ubuntu noble/universe amd64 libnss-ldap amd64 265-5ubuntu3", "Ign:4 http://pe.archive.ubuntu.com/ubuntu noble/universe amd64 ldap-auth-client all 0.5.4", "Ign:1 http://pe.archive.ubuntu.com/ubuntu noble/universe amd64 ldap-auth-config all 0.5.4", "Ign:2 http://pe.archive.ubuntu.com/ubuntu noble/universe amd64 libpam-ldap amd64 186-4.1ubuntu1", "Ign:3 http://pe.archive.ubuntu.com/ubuntu noble/universe amd64 libnss-ldap amd64 265-5ubuntu3", "Ign:4 http://pe.archive.ubuntu.com/ubuntu noble/universe amd64 ldap-auth-client all 0.5.4", "Err:1 http://pe.archive.ubuntu.com/ubuntu noble/universe amd64 ldap-auth-config all 0.5.4", "  Temporary failure resolving 'pe.archive.ubuntu.com'", "Err:2 http://pe.archive.ubuntu.com/ubuntu noble/universe amd64 libpam-ldap amd64 186-4.1ubuntu1", "  Temporary failure resolving 'pe.archive.ubuntu.com'", "Err:3 http://pe.archive.ubuntu.com/ubuntu noble/universe amd64 libnss-ldap amd64 265-5ubuntu3", "  Temporary failure resolving 'pe.archive.ubuntu.com'", "Err:4 http://pe.archive.ubuntu.com/ubuntu noble/universe amd64 ldap-auth-client all 0.5.4", "  Temporary failure resolving 'pe.archive.ubuntu.com'"]}
2026-03-15 19:20:40,889 p=12725 u=root n=ansible | PLAY RECAP ******************************************************************************************************************************************************************
2026-03-15 19:20:40,889 p=12725 u=root n=ansible | slurm-hn                   : ok=75   changed=23   unreachable=0    failed=0    skipped=2    rescued=0    ignored=1   
2026-03-15 19:20:40,890 p=12725 u=root n=ansible | slurm-wn1                  : ok=24   changed=3    unreachable=0    failed=1    skipped=2    rescued=0    ignored=1   
2026-03-15 19:20:40,890 p=12725 u=root n=ansible | slurm-wn2                  : ok=24   changed=3    unreachable=0    failed=1    skipped=2    rescued=0    ignored=1   
2026-03-15 19:33:18,356 p=18162 u=root n=ansible | PLAY [Instalar SSHPASS para la conexion ssh de headnode a workers] **********************************************************************************************************
2026-03-15 19:33:18,368 p=18162 u=root n=ansible | TASK [Gathering Facts] ******************************************************************************************************************************************************
2026-03-15 19:33:19,964 p=18162 u=root n=ansible | ok: [slurm-hn]
2026-03-15 19:33:19,985 p=18162 u=root n=ansible | TASK [initial_setup : Actualizar cache de apt] ******************************************************************************************************************************
2026-03-15 19:33:21,025 p=18162 u=root n=ansible | ok: [slurm-hn]
2026-03-15 19:33:21,034 p=18162 u=root n=ansible | TASK [initial_setup : Instalar sshpass] *************************************************************************************************************************************
2026-03-15 19:33:22,205 p=18162 u=root n=ansible | ok: [slurm-hn]
2026-03-15 19:33:22,215 p=18162 u=root n=ansible | TASK [initial_setup : Instalar rng-tools] ***********************************************************************************************************************************
2026-03-15 19:33:23,374 p=18162 u=root n=ansible | ok: [slurm-hn]
2026-03-15 19:33:23,400 p=18162 u=root n=ansible | TASK [Mensaje final de configuracion general] *******************************************************************************************************************************
2026-03-15 19:33:23,423 p=18162 u=root n=ansible | ok: [slurm-hn] => {
    "msg": [
        "=========================================",
        " Configuracion Inicial Completada",
        "========================================="
    ]
}
2026-03-15 19:33:23,442 p=18162 u=root n=ansible | PLAY [Configuracion General de todo el cluster] *****************************************************************************************************************************
2026-03-15 19:33:23,454 p=18162 u=root n=ansible | TASK [Gathering Facts] ******************************************************************************************************************************************************
2026-03-15 19:33:24,631 p=18162 u=root n=ansible | ok: [slurm-hn]
2026-03-15 19:33:25,804 p=18162 u=root n=ansible | ok: [slurm-wn1]
2026-03-15 19:33:25,869 p=18162 u=root n=ansible | ok: [slurm-wn2]
2026-03-15 19:33:25,909 p=18162 u=root n=ansible | TASK [common : Configurar hostname del nodo] ********************************************************************************************************************************
2026-03-15 19:33:26,933 p=18162 u=root n=ansible | ok: [slurm-hn]
2026-03-15 19:33:27,098 p=18162 u=root n=ansible | ok: [slurm-wn2]
2026-03-15 19:33:27,133 p=18162 u=root n=ansible | ok: [slurm-wn1]
2026-03-15 19:33:27,146 p=18162 u=root n=ansible | TASK [common : Configurar archivo '/etc/hosts'] *****************************************************************************************************************************
2026-03-15 19:33:28,139 p=18162 u=root n=ansible | ok: [slurm-hn]
2026-03-15 19:33:28,286 p=18162 u=root n=ansible | ok: [slurm-wn1]
2026-03-15 19:33:28,310 p=18162 u=root n=ansible | ok: [slurm-wn2]
2026-03-15 19:33:28,319 p=18162 u=root n=ansible | TASK [common : Crear grupos del sistema] ************************************************************************************************************************************
2026-03-15 19:33:28,802 p=18162 u=root n=ansible | ok: [slurm-hn] => (item={'name': 'munge'})
2026-03-15 19:33:28,950 p=18162 u=root n=ansible | ok: [slurm-wn1] => (item={'name': 'munge'})
2026-03-15 19:33:28,951 p=18162 u=root n=ansible | ok: [slurm-wn2] => (item={'name': 'munge'})
2026-03-15 19:33:29,108 p=18162 u=root n=ansible | ok: [slurm-hn] => (item={'name': 'slurm'})
2026-03-15 19:33:29,427 p=18162 u=root n=ansible | ok: [slurm-wn1] => (item={'name': 'slurm'})
2026-03-15 19:33:29,460 p=18162 u=root n=ansible | ok: [slurm-wn2] => (item={'name': 'slurm'})
2026-03-15 19:33:29,473 p=18162 u=root n=ansible | TASK [common : Crear usuarios del sistema] **********************************************************************************************************************************
2026-03-15 19:33:30,069 p=18162 u=root n=ansible | ok: [slurm-hn] => (item={'name': 'munge', 'shell': '/usr/sbin/nologin', 'home': '/var/lib/munge'})
2026-03-15 19:33:30,228 p=18162 u=root n=ansible | ok: [slurm-wn1] => (item={'name': 'munge', 'shell': '/usr/sbin/nologin', 'home': '/var/lib/munge'})
2026-03-15 19:33:30,243 p=18162 u=root n=ansible | ok: [slurm-wn2] => (item={'name': 'munge', 'shell': '/usr/sbin/nologin', 'home': '/var/lib/munge'})
2026-03-15 19:33:30,455 p=18162 u=root n=ansible | ok: [slurm-hn] => (item={'name': 'slurm', 'shell': '/bin/bash', 'home': '/var/lib/slurm'})
2026-03-15 19:33:30,800 p=18162 u=root n=ansible | ok: [slurm-wn2] => (item={'name': 'slurm', 'shell': '/bin/bash', 'home': '/var/lib/slurm'})
2026-03-15 19:33:30,805 p=18162 u=root n=ansible | ok: [slurm-wn1] => (item={'name': 'slurm', 'shell': '/bin/bash', 'home': '/var/lib/slurm'})
2026-03-15 19:33:30,814 p=18162 u=root n=ansible | TASK [common : Actualizar cache de apt] *************************************************************************************************************************************
2026-03-15 19:33:31,627 p=18162 u=root n=ansible | ok: [slurm-hn]
2026-03-15 19:33:31,854 p=18162 u=root n=ansible | ok: [slurm-wn1]
2026-03-15 19:33:31,873 p=18162 u=root n=ansible | ok: [slurm-wn2]
2026-03-15 19:33:31,883 p=18162 u=root n=ansible | TASK [common : Extender la partición root para ocupar todo el disco] ********************************************************************************************************
2026-03-15 19:33:32,439 p=18162 u=root n=ansible | fatal: [slurm-hn]: FAILED! => {"changed": false, "cmd": ["growpart", "/dev/vda", "2"], "delta": "0:00:00.105841", "end": "2026-03-15 19:33:32.397600", "msg": "non-zero return code", "rc": 1, "start": "2026-03-15 19:33:32.291759", "stderr": "", "stderr_lines": [], "stdout": "NOCHANGE: partition 2 is size 52424671. it cannot be grown", "stdout_lines": ["NOCHANGE: partition 2 is size 52424671. it cannot be grown"]}
2026-03-15 19:33:32,439 p=18162 u=root n=ansible | ...ignoring
2026-03-15 19:33:32,586 p=18162 u=root n=ansible | fatal: [slurm-wn1]: FAILED! => {"changed": false, "cmd": ["growpart", "/dev/vda", "2"], "delta": "0:00:00.097668", "end": "2026-03-15 19:33:32.393935", "msg": "non-zero return code", "rc": 1, "start": "2026-03-15 19:33:32.296267", "stderr": "", "stderr_lines": [], "stdout": "NOCHANGE: partition 2 is size 52424671. it cannot be grown", "stdout_lines": ["NOCHANGE: partition 2 is size 52424671. it cannot be grown"]}
2026-03-15 19:33:32,586 p=18162 u=root n=ansible | ...ignoring
2026-03-15 19:33:32,616 p=18162 u=root n=ansible | fatal: [slurm-wn2]: FAILED! => {"changed": false, "cmd": ["growpart", "/dev/vda", "2"], "delta": "0:00:00.124525", "end": "2026-03-15 19:33:32.424653", "msg": "non-zero return code", "rc": 1, "start": "2026-03-15 19:33:32.300128", "stderr": "", "stderr_lines": [], "stdout": "NOCHANGE: partition 2 is size 52424671. it cannot be grown", "stdout_lines": ["NOCHANGE: partition 2 is size 52424671. it cannot be grown"]}
2026-03-15 19:33:32,617 p=18162 u=root n=ansible | ...ignoring
2026-03-15 19:33:32,630 p=18162 u=root n=ansible | TASK [common : Redimensionar el sistema de archivos ext4] *******************************************************************************************************************
2026-03-15 19:33:32,663 p=18162 u=root n=ansible | skipping: [slurm-hn]
2026-03-15 19:33:32,666 p=18162 u=root n=ansible | skipping: [slurm-wn1]
2026-03-15 19:33:32,681 p=18162 u=root n=ansible | skipping: [slurm-wn2]
2026-03-15 19:33:32,691 p=18162 u=root n=ansible | TASK [common : Instalar paquetes comunes] ***********************************************************************************************************************************
2026-03-15 19:33:33,821 p=18162 u=root n=ansible | ok: [slurm-hn]
2026-03-15 19:33:34,015 p=18162 u=root n=ansible | ok: [slurm-wn1]
2026-03-15 19:33:34,082 p=18162 u=root n=ansible | ok: [slurm-wn2]
2026-03-15 19:33:34,098 p=18162 u=root n=ansible | TASK [common : Crear directorios de Munge] **********************************************************************************************************************************
2026-03-15 19:33:34,438 p=18162 u=root n=ansible | ok: [slurm-hn] => (item=/etc/munge)
2026-03-15 19:33:34,652 p=18162 u=root n=ansible | ok: [slurm-wn1] => (item=/etc/munge)
2026-03-15 19:33:34,667 p=18162 u=root n=ansible | ok: [slurm-wn2] => (item=/etc/munge)
2026-03-15 19:33:34,749 p=18162 u=root n=ansible | ok: [slurm-hn] => (item=/var/log/munge)
2026-03-15 19:33:35,062 p=18162 u=root n=ansible | ok: [slurm-hn] => (item=/var/lib/munge)
2026-03-15 19:33:35,166 p=18162 u=root n=ansible | ok: [slurm-wn1] => (item=/var/log/munge)
2026-03-15 19:33:35,182 p=18162 u=root n=ansible | ok: [slurm-wn2] => (item=/var/log/munge)
2026-03-15 19:33:35,643 p=18162 u=root n=ansible | ok: [slurm-wn1] => (item=/var/lib/munge)
2026-03-15 19:33:35,665 p=18162 u=root n=ansible | ok: [slurm-wn2] => (item=/var/lib/munge)
2026-03-15 19:33:35,676 p=18162 u=root n=ansible | TASK [common : Crear directorios de Slurm] **********************************************************************************************************************************
2026-03-15 19:33:36,015 p=18162 u=root n=ansible | ok: [slurm-hn] => (item=/var/log/slurm)
2026-03-15 19:33:36,185 p=18162 u=root n=ansible | ok: [slurm-wn2] => (item=/var/log/slurm)
2026-03-15 19:33:36,193 p=18162 u=root n=ansible | ok: [slurm-wn1] => (item=/var/log/slurm)
2026-03-15 19:33:36,339 p=18162 u=root n=ansible | ok: [slurm-hn] => (item=/var/lib/slurm)
2026-03-15 19:33:36,632 p=18162 u=root n=ansible | ok: [slurm-hn] => (item=/var/lib/slurm/slurmd)
2026-03-15 19:33:36,683 p=18162 u=root n=ansible | ok: [slurm-wn1] => (item=/var/lib/slurm)
2026-03-15 19:33:36,698 p=18162 u=root n=ansible | ok: [slurm-wn2] => (item=/var/lib/slurm)
2026-03-15 19:33:36,947 p=18162 u=root n=ansible | ok: [slurm-hn] => (item=/var/lib/slurm/slurmctld)
2026-03-15 19:33:37,165 p=18162 u=root n=ansible | ok: [slurm-wn1] => (item=/var/lib/slurm/slurmd)
2026-03-15 19:33:37,221 p=18162 u=root n=ansible | ok: [slurm-wn2] => (item=/var/lib/slurm/slurmd)
2026-03-15 19:33:37,256 p=18162 u=root n=ansible | ok: [slurm-hn] => (item=/etc/slurm)
2026-03-15 19:33:37,661 p=18162 u=root n=ansible | ok: [slurm-wn1] => (item=/var/lib/slurm/slurmctld)
2026-03-15 19:33:37,744 p=18162 u=root n=ansible | ok: [slurm-wn2] => (item=/var/lib/slurm/slurmctld)
2026-03-15 19:33:38,122 p=18162 u=root n=ansible | ok: [slurm-wn1] => (item=/etc/slurm)
2026-03-15 19:33:38,262 p=18162 u=root n=ansible | ok: [slurm-wn2] => (item=/etc/slurm)
2026-03-15 19:33:38,275 p=18162 u=root n=ansible | TASK [common : Distribuir archivo slurm.conf] *******************************************************************************************************************************
2026-03-15 19:33:38,925 p=18162 u=root n=ansible | ok: [slurm-hn]
2026-03-15 19:33:39,254 p=18162 u=root n=ansible | ok: [slurm-wn1]
2026-03-15 19:33:39,278 p=18162 u=root n=ansible | ok: [slurm-wn2]
2026-03-15 19:33:39,290 p=18162 u=root n=ansible | TASK [common : Detener munge inicialmente] **********************************************************************************************************************************
2026-03-15 19:33:40,244 p=18162 u=root n=ansible | changed: [slurm-hn]
2026-03-15 19:33:40,416 p=18162 u=root n=ansible | changed: [slurm-wn1]
2026-03-15 19:33:40,417 p=18162 u=root n=ansible | changed: [slurm-wn2]
2026-03-15 19:33:40,468 p=18162 u=root n=ansible | TASK [firewall : Configurar reglas de NFTables] *****************************************************************************************************************************
2026-03-15 19:33:41,266 p=18162 u=root n=ansible | changed: [slurm-hn]
2026-03-15 19:33:41,507 p=18162 u=root n=ansible | changed: [slurm-wn1]
2026-03-15 19:33:41,521 p=18162 u=root n=ansible | changed: [slurm-wn2]
2026-03-15 19:33:41,533 p=18162 u=root n=ansible | TASK [firewall : Habilitar servicio NFTables] *******************************************************************************************************************************
2026-03-15 19:33:42,165 p=18162 u=root n=ansible | ok: [slurm-hn]
2026-03-15 19:33:42,338 p=18162 u=root n=ansible | ok: [slurm-wn1]
2026-03-15 19:33:42,376 p=18162 u=root n=ansible | ok: [slurm-wn2]
2026-03-15 19:33:42,402 p=18162 u=root n=ansible | TASK [ldap : Configurar SSSD para LDAP] *************************************************************************************************************************************
2026-03-15 19:33:43,044 p=18162 u=root n=ansible | ok: [slurm-hn]
2026-03-15 19:33:43,394 p=18162 u=root n=ansible | ok: [slurm-wn1]
2026-03-15 19:33:43,406 p=18162 u=root n=ansible | ok: [slurm-wn2]
2026-03-15 19:33:43,417 p=18162 u=root n=ansible | TASK [ldap : Habilitar servicio SSSD] ***************************************************************************************************************************************
2026-03-15 19:33:44,025 p=18162 u=root n=ansible | ok: [slurm-hn]
2026-03-15 19:33:44,219 p=18162 u=root n=ansible | ok: [slurm-wn2]
2026-03-15 19:33:44,259 p=18162 u=root n=ansible | ok: [slurm-wn1]
2026-03-15 19:33:44,316 p=18162 u=root n=ansible | RUNNING HANDLER [firewall : Reiniciar nftables] *****************************************************************************************************************************
2026-03-15 19:33:44,998 p=18162 u=root n=ansible | changed: [slurm-hn]
2026-03-15 19:33:45,173 p=18162 u=root n=ansible | changed: [slurm-wn2]
2026-03-15 19:33:45,195 p=18162 u=root n=ansible | changed: [slurm-wn1]
2026-03-15 19:33:45,206 p=18162 u=root n=ansible | TASK [Mensaje final de configuracion general] *******************************************************************************************************************************
2026-03-15 19:33:45,240 p=18162 u=root n=ansible | ok: [slurm-hn] => {
    "msg": [
        "=========================================",
        "Configuracion General Completada",
        "========================================="
    ]
}
2026-03-15 19:33:45,245 p=18162 u=root n=ansible | ok: [slurm-wn1] => {
    "msg": [
        "=========================================",
        "Configuracion General Completada",
        "========================================="
    ]
}
2026-03-15 19:33:45,256 p=18162 u=root n=ansible | ok: [slurm-wn2] => {
    "msg": [
        "=========================================",
        "Configuracion General Completada",
        "========================================="
    ]
}
2026-03-15 19:33:45,294 p=18162 u=root n=ansible | PLAY [Configuraciones especificas del Headnode] *****************************************************************************************************************************
2026-03-15 19:33:45,314 p=18162 u=root n=ansible | TASK [Gathering Facts] ******************************************************************************************************************************************************
2026-03-15 19:33:46,546 p=18162 u=root n=ansible | ok: [slurm-hn]
2026-03-15 19:33:46,567 p=18162 u=root n=ansible | TASK [munge : Configurar Munge en headnode] *********************************************************************************************************************************
2026-03-15 19:33:46,611 p=18162 u=root n=ansible | included: /root/ansible-cluster-slurm/roles/munge/tasks/headnode.yml for slurm-hn
2026-03-15 19:33:46,620 p=18162 u=root n=ansible | TASK [munge : Generar llave Munge] ******************************************************************************************************************************************
2026-03-15 19:33:46,944 p=18162 u=root n=ansible | ok: [slurm-hn]
2026-03-15 19:33:46,954 p=18162 u=root n=ansible | TASK [munge : Asegurar permisos estrictos de llave Munge] *******************************************************************************************************************
2026-03-15 19:33:47,292 p=18162 u=root n=ansible | ok: [slurm-hn]
2026-03-15 19:33:47,304 p=18162 u=root n=ansible | TASK [munge : Descargar llave Munge al controlador] *************************************************************************************************************************
2026-03-15 19:33:47,767 p=18162 u=root n=ansible | ok: [slurm-hn]
2026-03-15 19:33:47,780 p=18162 u=root n=ansible | TASK [munge : Crear directorio de backup] ***********************************************************************************************************************************
2026-03-15 19:33:48,132 p=18162 u=root n=ansible | ok: [slurm-hn]
2026-03-15 19:33:48,146 p=18162 u=root n=ansible | TASK [munge : Backup de munge.key] ******************************************************************************************************************************************
2026-03-15 19:33:48,475 p=18162 u=root n=ansible | ok: [slurm-hn]
2026-03-15 19:33:48,487 p=18162 u=root n=ansible | TASK [munge : Iniciar servicio Munge] ***************************************************************************************************************************************
2026-03-15 19:33:49,102 p=18162 u=root n=ansible | changed: [slurm-hn]
2026-03-15 19:33:49,110 p=18162 u=root n=ansible | TASK [munge : Configurar Munge en workers] **********************************************************************************************************************************
2026-03-15 19:33:49,133 p=18162 u=root n=ansible | skipping: [slurm-hn]
2026-03-15 19:33:49,143 p=18162 u=root n=ansible | TASK [munge : Verificar que el socket de Munge esté disponible] *************************************************************************************************************
2026-03-15 19:33:49,604 p=18162 u=root n=ansible | ok: [slurm-hn]
2026-03-15 19:33:49,613 p=18162 u=root n=ansible | TASK [munge : Verificar que Munge responda correctamente] *******************************************************************************************************************
2026-03-15 19:33:49,961 p=18162 u=root n=ansible | ok: [slurm-hn]
2026-03-15 19:33:49,979 p=18162 u=root n=ansible | TASK [chrony_server : Asegurar que Chrony use pools de Sudamérica] **********************************************************************************************************
2026-03-15 19:33:50,456 p=18162 u=root n=ansible | ok: [slurm-hn]
2026-03-15 19:33:50,471 p=18162 u=root n=ansible | TASK [chrony_server : Permitir sincronización a la red interna] *************************************************************************************************************
2026-03-15 19:33:50,792 p=18162 u=root n=ansible | ok: [slurm-hn]
2026-03-15 19:33:50,803 p=18162 u=root n=ansible | TASK [chrony_server : Forzar al Headnode a ser autoritativo (Local Stratum)] ************************************************************************************************
2026-03-15 19:33:51,098 p=18162 u=root n=ansible | ok: [slurm-hn]
2026-03-15 19:33:51,115 p=18162 u=root n=ansible | TASK [ldap_server : Instalar utilidades y paquetes OpenLDAP] ****************************************************************************************************************
2026-03-15 19:33:52,259 p=18162 u=root n=ansible | ok: [slurm-hn]
2026-03-15 19:33:52,271 p=18162 u=root n=ansible | TASK [ldap_server : Detener slapd para configuración manual] ****************************************************************************************************************
2026-03-15 19:33:52,866 p=18162 u=root n=ansible | changed: [slurm-hn]
2026-03-15 19:33:52,874 p=18162 u=root n=ansible | TASK [ldap_server : Limpiar directorios de LDAP] ****************************************************************************************************************************
2026-03-15 19:33:53,204 p=18162 u=root n=ansible | changed: [slurm-hn]
2026-03-15 19:33:53,213 p=18162 u=root n=ansible | TASK [ldap_server : Configurar debconf para el dominio] *********************************************************************************************************************
2026-03-15 19:33:54,900 p=18162 u=root n=ansible | changed: [slurm-hn]
2026-03-15 19:33:54,912 p=18162 u=root n=ansible | TASK [ldap_server : Detener slapd de nuevo (dpkg lo inicia solo)] ***********************************************************************************************************
2026-03-15 19:33:55,554 p=18162 u=root n=ansible | changed: [slurm-hn]
2026-03-15 19:33:55,563 p=18162 u=root n=ansible | TASK [ldap_server : Crear archivo LDIF de emergencia para estructura completa] **********************************************************************************************
2026-03-15 19:33:56,204 p=18162 u=root n=ansible | ok: [slurm-hn]
2026-03-15 19:33:56,216 p=18162 u=root n=ansible | TASK [ldap_server : Inyectar estructura directamente a la base de datos (Offline)] ******************************************************************************************
2026-03-15 19:33:56,584 p=18162 u=root n=ansible | changed: [slurm-hn]
2026-03-15 19:33:56,592 p=18162 u=root n=ansible | TASK [ldap_server : Corregir permisos de la base de datos] ******************************************************************************************************************
2026-03-15 19:33:56,928 p=18162 u=root n=ansible | ok: [slurm-hn] => (item=/var/lib/ldap)
2026-03-15 19:33:57,239 p=18162 u=root n=ansible | ok: [slurm-hn] => (item=/etc/ldap/slapd.d)
2026-03-15 19:33:57,250 p=18162 u=root n=ansible | TASK [ldap_server : Iniciar slapd definitivo] *******************************************************************************************************************************
2026-03-15 19:33:57,916 p=18162 u=root n=ansible | changed: [slurm-hn]
2026-03-15 19:33:57,929 p=18162 u=root n=ansible | TASK [ldap_server : Asegurar Unidades Organizativas (Online)] ***************************************************************************************************************
2026-03-15 19:33:58,518 p=18162 u=root n=ansible | ok: [slurm-hn] => (item={'dn': 'ou=People,dc=cluster,dc=local', 'objectClass': ['top', 'organizationalUnit']})
2026-03-15 19:33:58,915 p=18162 u=root n=ansible | ok: [slurm-hn] => (item={'dn': 'ou=Group,dc=cluster,dc=local', 'objectClass': ['top', 'organizationalUnit']})
2026-03-15 19:33:58,935 p=18162 u=root n=ansible | TASK [nfs_server : Instalar nfs-kernel-server] ******************************************************************************************************************************
2026-03-15 19:34:00,021 p=18162 u=root n=ansible | ok: [slurm-hn]
2026-03-15 19:34:00,031 p=18162 u=root n=ansible | TASK [nfs_server : Crear directorios para exportar NFS] *********************************************************************************************************************
2026-03-15 19:34:00,368 p=18162 u=root n=ansible | ok: [slurm-hn] => (item=/home)
2026-03-15 19:34:00,670 p=18162 u=root n=ansible | ok: [slurm-hn] => (item=/nfs/general)
2026-03-15 19:34:00,980 p=18162 u=root n=ansible | ok: [slurm-hn] => (item=/nfs/privileged)
2026-03-15 19:34:00,994 p=18162 u=root n=ansible | TASK [nfs_server : Configurar exports NFS] **********************************************************************************************************************************
2026-03-15 19:34:01,628 p=18162 u=root n=ansible | ok: [slurm-hn]
2026-03-15 19:34:01,638 p=18162 u=root n=ansible | TASK [nfs_server : Aplicar configuración de exports] ************************************************************************************************************************
2026-03-15 19:34:01,966 p=18162 u=root n=ansible | changed: [slurm-hn]
2026-03-15 19:34:01,984 p=18162 u=root n=ansible | TASK [mariadb : Instalar mariadb y dependencias] ****************************************************************************************************************************
2026-03-15 19:34:03,120 p=18162 u=root n=ansible | ok: [slurm-hn]
2026-03-15 19:34:03,132 p=18162 u=root n=ansible | TASK [mariadb : Iniciar servicio MariaDB] ***********************************************************************************************************************************
2026-03-15 19:34:03,726 p=18162 u=root n=ansible | ok: [slurm-hn]
2026-03-15 19:34:03,737 p=18162 u=root n=ansible | TASK [mariadb : Crear BD para Slurm Accounting] *****************************************************************************************************************************
2026-03-15 19:34:04,288 p=18162 u=root n=ansible | ok: [slurm-hn]
2026-03-15 19:34:04,299 p=18162 u=root n=ansible | TASK [mariadb : Crear Usuario de Base de Datos y dar permisos] **************************************************************************************************************
2026-03-15 19:34:04,866 p=18162 u=root n=ansible | [WARNING]: Option column_case_sensitive is not provided. The default is now false, so the column's name will be uppercased. The default will be changed to true in
community.mysql 4.0.0.

2026-03-15 19:34:04,866 p=18162 u=root n=ansible | ok: [slurm-hn]
2026-03-15 19:34:04,878 p=18162 u=root n=ansible | TASK [mariadb : Optimizar MariaDB para Slurm Accounting] ********************************************************************************************************************
2026-03-15 19:34:05,230 p=18162 u=root n=ansible | ok: [slurm-hn] => (item={'regexp': '^innodb_buffer_pool_size', 'line': 'innodb_buffer_pool_size = 1G'})
2026-03-15 19:34:05,520 p=18162 u=root n=ansible | ok: [slurm-hn] => (item={'regexp': '^innodb_log_file_size', 'line': 'innodb_log_file_size = 64M'})
2026-03-15 19:34:05,820 p=18162 u=root n=ansible | ok: [slurm-hn] => (item={'regexp': '^innodb_lock_wait_timeout', 'line': 'innodb_lock_wait_timeout = 900'})
2026-03-15 19:34:06,107 p=18162 u=root n=ansible | ok: [slurm-hn] => (item={'regexp': '^innodb_flush_log_at_trx_commit', 'line': 'innodb_flush_log_at_trx_commit = 2'})
2026-03-15 19:34:06,130 p=18162 u=root n=ansible | TASK [slurmdbd : Instalar slurmdbd] *****************************************************************************************************************************************
2026-03-15 19:34:07,296 p=18162 u=root n=ansible | ok: [slurm-hn]
2026-03-15 19:34:07,304 p=18162 u=root n=ansible | TASK [slurmdbd : Asegurar directorio de logs con permisos correctos] ********************************************************************************************************
2026-03-15 19:34:07,637 p=18162 u=root n=ansible | ok: [slurm-hn]
2026-03-15 19:34:07,646 p=18162 u=root n=ansible | TASK [slurmdbd : Crear archivo de log si no existe] *************************************************************************************************************************
2026-03-15 19:34:07,984 p=18162 u=root n=ansible | changed: [slurm-hn]
2026-03-15 19:34:07,994 p=18162 u=root n=ansible | TASK [slurmdbd : Configurar archivo slurmdbd.conf] **************************************************************************************************************************
2026-03-15 19:34:08,631 p=18162 u=root n=ansible | ok: [slurm-hn]
2026-03-15 19:34:08,639 p=18162 u=root n=ansible | TASK [slurmdbd : Iniciar servicio SlurmDBD] *********************************************************************************************************************************
2026-03-15 19:34:09,249 p=18162 u=root n=ansible | ok: [slurm-hn]
2026-03-15 19:34:09,266 p=18162 u=root n=ansible | TASK [slurmctld : Esperar a que SlurmDBD responda] **************************************************************************************************************************
2026-03-15 19:34:14,598 p=18162 u=root n=ansible | ok: [slurm-hn]
2026-03-15 19:34:14,609 p=18162 u=root n=ansible | TASK [slurmctld : Iniciar Slurm Controller (slurmctld)] *********************************************************************************************************************
2026-03-15 19:34:15,210 p=18162 u=root n=ansible | ok: [slurm-hn]
2026-03-15 19:34:15,223 p=18162 u=root n=ansible | TASK [slurm_accounting : Registrar Cluster en Accounting] *******************************************************************************************************************
2026-03-15 19:34:15,736 p=18162 u=root n=ansible | ok: [slurm-hn]
2026-03-15 19:34:15,747 p=18162 u=root n=ansible | TASK [slurm_accounting : Crear cuentas base de usuarios] ********************************************************************************************************************
2026-03-15 19:34:16,268 p=18162 u=root n=ansible | failed: [slurm-hn] (item=researchers) => {"ansible_loop_var": "item", "changed": false, "cmd": ["sacctmgr", "-i", "add", "account", "researchers", "Description=Base Account", "Organization=Cluster"], "delta": "0:00:00.178004", "end": "2026-03-15 19:34:16.216563", "failed_when_result": true, "item": "researchers", "msg": "non-zero return code", "rc": 1, "start": "2026-03-15 19:34:16.038559", "stderr": "", "stderr_lines": [], "stdout": " Already existing account researchers on cluster slurmcluster", "stdout_lines": [" Already existing account researchers on cluster slurmcluster"]}
2026-03-15 19:34:16,757 p=18162 u=root n=ansible | failed: [slurm-hn] (item=students) => {"ansible_loop_var": "item", "changed": false, "cmd": ["sacctmgr", "-i", "add", "account", "students", "Description=Base Account", "Organization=Cluster"], "delta": "0:00:00.177529", "end": "2026-03-15 19:34:16.706529", "failed_when_result": true, "item": "students", "msg": "non-zero return code", "rc": 1, "start": "2026-03-15 19:34:16.529000", "stderr": "", "stderr_lines": [], "stdout": " Already existing account students on cluster slurmcluster", "stdout_lines": [" Already existing account students on cluster slurmcluster"]}
2026-03-15 19:34:16,760 p=18162 u=root n=ansible | PLAY RECAP ******************************************************************************************************************************************************************
2026-03-15 19:34:16,760 p=18162 u=root n=ansible | slurm-hn                   : ok=63   changed=12   unreachable=0    failed=1    skipped=2    rescued=0    ignored=1   
2026-03-15 19:34:16,760 p=18162 u=root n=ansible | slurm-wn1                  : ok=18   changed=3    unreachable=0    failed=0    skipped=1    rescued=0    ignored=1   
2026-03-15 19:34:16,760 p=18162 u=root n=ansible | slurm-wn2                  : ok=18   changed=3    unreachable=0    failed=0    skipped=1    rescued=0    ignored=1   
2026-03-18 01:19:03,299 p=91285 u=root n=ansible | PLAY [Instalar SSHPASS para la conexion ssh de headnode a workers] ****************************************************************************************************************************
2026-03-18 01:19:03,313 p=91285 u=root n=ansible | TASK [Gathering Facts] ************************************************************************************************************************************************************************
2026-03-18 01:19:04,947 p=91285 u=root n=ansible | ok: [slurm-hn]
2026-03-18 01:19:04,965 p=91285 u=root n=ansible | TASK [initial_setup : Actualizar cache de apt] ************************************************************************************************************************************************
2026-03-18 01:19:25,465 p=91285 u=root n=ansible | changed: [slurm-hn]
2026-03-18 01:19:25,474 p=91285 u=root n=ansible | TASK [initial_setup : Instalar sshpass] *******************************************************************************************************************************************************
2026-03-18 01:19:26,647 p=91285 u=root n=ansible | ok: [slurm-hn]
2026-03-18 01:19:26,657 p=91285 u=root n=ansible | TASK [initial_setup : Instalar rng-tools] *****************************************************************************************************************************************************
2026-03-18 01:19:27,806 p=91285 u=root n=ansible | ok: [slurm-hn]
2026-03-18 01:19:27,836 p=91285 u=root n=ansible | TASK [Mensaje final de configuracion general] *************************************************************************************************************************************************
2026-03-18 01:19:27,859 p=91285 u=root n=ansible | ok: [slurm-hn] => {
    "msg": [
        "=========================================",
        " Configuracion Inicial Completada",
        "========================================="
    ]
}
2026-03-18 01:19:27,877 p=91285 u=root n=ansible | PLAY [Configuracion General de todo el cluster] ***********************************************************************************************************************************************
2026-03-18 01:19:27,890 p=91285 u=root n=ansible | TASK [Gathering Facts] ************************************************************************************************************************************************************************
2026-03-18 01:19:29,079 p=91285 u=root n=ansible | ok: [slurm-hn]
2026-03-18 01:19:30,472 p=91285 u=root n=ansible | ok: [slurm-wn1]
2026-03-18 01:19:30,488 p=91285 u=root n=ansible | ok: [slurm-wn2]
2026-03-18 01:19:30,523 p=91285 u=root n=ansible | TASK [common : Configurar hostname del nodo] **************************************************************************************************************************************************
2026-03-18 01:19:31,572 p=91285 u=root n=ansible | ok: [slurm-hn]
2026-03-18 01:19:31,744 p=91285 u=root n=ansible | ok: [slurm-wn2]
2026-03-18 01:19:31,754 p=91285 u=root n=ansible | ok: [slurm-wn1]
2026-03-18 01:19:31,762 p=91285 u=root n=ansible | TASK [common : Configurar archivo '/etc/hosts'] ***********************************************************************************************************************************************
2026-03-18 01:19:32,758 p=91285 u=root n=ansible | ok: [slurm-hn]
2026-03-18 01:19:32,918 p=91285 u=root n=ansible | ok: [slurm-wn1]
2026-03-18 01:19:32,922 p=91285 u=root n=ansible | ok: [slurm-wn2]
2026-03-18 01:19:32,932 p=91285 u=root n=ansible | TASK [common : Crear grupos del sistema] ******************************************************************************************************************************************************
2026-03-18 01:19:33,422 p=91285 u=root n=ansible | ok: [slurm-hn] => (item={'name': 'munge'})
2026-03-18 01:19:33,564 p=91285 u=root n=ansible | ok: [slurm-wn1] => (item={'name': 'munge'})
2026-03-18 01:19:33,579 p=91285 u=root n=ansible | ok: [slurm-wn2] => (item={'name': 'munge'})
2026-03-18 01:19:33,724 p=91285 u=root n=ansible | ok: [slurm-hn] => (item={'name': 'slurm'})
2026-03-18 01:19:34,045 p=91285 u=root n=ansible | ok: [slurm-wn1] => (item={'name': 'slurm'})
2026-03-18 01:19:34,088 p=91285 u=root n=ansible | ok: [slurm-wn2] => (item={'name': 'slurm'})
2026-03-18 01:19:34,100 p=91285 u=root n=ansible | TASK [common : Crear usuarios del sistema] ****************************************************************************************************************************************************
2026-03-18 01:19:34,709 p=91285 u=root n=ansible | ok: [slurm-hn] => (item={'name': 'munge', 'shell': '/usr/sbin/nologin', 'home': '/var/lib/munge'})
2026-03-18 01:19:34,859 p=91285 u=root n=ansible | ok: [slurm-wn2] => (item={'name': 'munge', 'shell': '/usr/sbin/nologin', 'home': '/var/lib/munge'})
2026-03-18 01:19:34,875 p=91285 u=root n=ansible | ok: [slurm-wn1] => (item={'name': 'munge', 'shell': '/usr/sbin/nologin', 'home': '/var/lib/munge'})
2026-03-18 01:19:35,063 p=91285 u=root n=ansible | ok: [slurm-hn] => (item={'name': 'slurm', 'shell': '/bin/bash', 'home': '/var/lib/slurm'})
2026-03-18 01:19:35,461 p=91285 u=root n=ansible | ok: [slurm-wn2] => (item={'name': 'slurm', 'shell': '/bin/bash', 'home': '/var/lib/slurm'})
2026-03-18 01:19:35,474 p=91285 u=root n=ansible | ok: [slurm-wn1] => (item={'name': 'slurm', 'shell': '/bin/bash', 'home': '/var/lib/slurm'})
2026-03-18 01:19:35,483 p=91285 u=root n=ansible | TASK [common : Actualizar cache de apt] *******************************************************************************************************************************************************
2026-03-18 01:19:36,290 p=91285 u=root n=ansible | ok: [slurm-hn]
2026-03-18 01:19:51,541 p=91285 u=root n=ansible | changed: [slurm-wn2]
2026-03-18 01:19:53,443 p=91285 u=root n=ansible | changed: [slurm-wn1]
2026-03-18 01:19:53,456 p=91285 u=root n=ansible | TASK [common : Extender la partición root para ocupar todo el disco] **************************************************************************************************************************
2026-03-18 01:19:54,095 p=91285 u=root n=ansible | fatal: [slurm-hn]: FAILED! => {"changed": false, "cmd": ["growpart", "/dev/vda", "2"], "delta": "0:00:00.150990", "end": "2026-03-18 01:19:54.045599", "msg": "non-zero return code", "rc": 1, "start": "2026-03-18 01:19:53.894609", "stderr": "", "stderr_lines": [], "stdout": "NOCHANGE: partition 2 is size 52424671. it cannot be grown", "stdout_lines": ["NOCHANGE: partition 2 is size 52424671. it cannot be grown"]}
2026-03-18 01:19:54,096 p=91285 u=root n=ansible | ...ignoring
2026-03-18 01:19:54,196 p=91285 u=root n=ansible | fatal: [slurm-wn1]: FAILED! => {"changed": false, "cmd": ["growpart", "/dev/vda", "2"], "delta": "0:00:00.124906", "end": "2026-03-18 01:19:54.120327", "msg": "non-zero return code", "rc": 1, "start": "2026-03-18 01:19:53.995421", "stderr": "", "stderr_lines": [], "stdout": "NOCHANGE: partition 2 is size 52424671. it cannot be grown", "stdout_lines": ["NOCHANGE: partition 2 is size 52424671. it cannot be grown"]}
2026-03-18 01:19:54,197 p=91285 u=root n=ansible | ...ignoring
2026-03-18 01:19:54,295 p=91285 u=root n=ansible | fatal: [slurm-wn2]: FAILED! => {"changed": false, "cmd": ["growpart", "/dev/vda", "2"], "delta": "0:00:00.174531", "end": "2026-03-18 01:19:54.214319", "msg": "non-zero return code", "rc": 1, "start": "2026-03-18 01:19:54.039788", "stderr": "", "stderr_lines": [], "stdout": "NOCHANGE: partition 2 is size 52424671. it cannot be grown", "stdout_lines": ["NOCHANGE: partition 2 is size 52424671. it cannot be grown"]}
2026-03-18 01:19:54,296 p=91285 u=root n=ansible | ...ignoring
2026-03-18 01:19:54,306 p=91285 u=root n=ansible | TASK [common : Redimensionar el sistema de archivos ext4] *************************************************************************************************************************************
2026-03-18 01:19:54,345 p=91285 u=root n=ansible | skipping: [slurm-hn]
2026-03-18 01:19:54,349 p=91285 u=root n=ansible | skipping: [slurm-wn1]
2026-03-18 01:19:54,360 p=91285 u=root n=ansible | skipping: [slurm-wn2]
2026-03-18 01:19:54,370 p=91285 u=root n=ansible | TASK [common : Instalar paquetes comunes] *****************************************************************************************************************************************************
2026-03-18 01:19:55,610 p=91285 u=root n=ansible | ok: [slurm-hn]
2026-03-18 01:19:55,856 p=91285 u=root n=ansible | ok: [slurm-wn2]
2026-03-18 01:19:55,896 p=91285 u=root n=ansible | ok: [slurm-wn1]
2026-03-18 01:19:55,912 p=91285 u=root n=ansible | TASK [common : Crear directorios de Munge] ****************************************************************************************************************************************************
2026-03-18 01:19:56,248 p=91285 u=root n=ansible | ok: [slurm-hn] => (item=/etc/munge)
2026-03-18 01:19:56,426 p=91285 u=root n=ansible | ok: [slurm-wn2] => (item=/etc/munge)
2026-03-18 01:19:56,484 p=91285 u=root n=ansible | ok: [slurm-wn1] => (item=/etc/munge)
2026-03-18 01:19:56,543 p=91285 u=root n=ansible | ok: [slurm-hn] => (item=/var/log/munge)
2026-03-18 01:19:56,861 p=91285 u=root n=ansible | ok: [slurm-hn] => (item=/var/lib/munge)
2026-03-18 01:19:56,901 p=91285 u=root n=ansible | ok: [slurm-wn2] => (item=/var/log/munge)
2026-03-18 01:19:56,997 p=91285 u=root n=ansible | ok: [slurm-wn1] => (item=/var/log/munge)
2026-03-18 01:19:57,356 p=91285 u=root n=ansible | ok: [slurm-wn2] => (item=/var/lib/munge)
2026-03-18 01:19:57,513 p=91285 u=root n=ansible | ok: [slurm-wn1] => (item=/var/lib/munge)
2026-03-18 01:19:57,527 p=91285 u=root n=ansible | TASK [common : Crear directorios de Slurm] ****************************************************************************************************************************************************
2026-03-18 01:19:57,877 p=91285 u=root n=ansible | ok: [slurm-hn] => (item=/var/log/slurm)
2026-03-18 01:19:58,062 p=91285 u=root n=ansible | ok: [slurm-wn2] => (item=/var/log/slurm)
2026-03-18 01:19:58,091 p=91285 u=root n=ansible | ok: [slurm-wn1] => (item=/var/log/slurm)
2026-03-18 01:19:58,191 p=91285 u=root n=ansible | ok: [slurm-hn] => (item=/var/lib/slurm)
2026-03-18 01:19:58,504 p=91285 u=root n=ansible | ok: [slurm-hn] => (item=/var/lib/slurm/slurmd)
2026-03-18 01:19:58,508 p=91285 u=root n=ansible | ok: [slurm-wn2] => (item=/var/lib/slurm)
2026-03-18 01:19:58,592 p=91285 u=root n=ansible | ok: [slurm-wn1] => (item=/var/lib/slurm)
2026-03-18 01:19:58,823 p=91285 u=root n=ansible | ok: [slurm-hn] => (item=/var/lib/slurm/slurmctld)
2026-03-18 01:19:59,029 p=91285 u=root n=ansible | ok: [slurm-wn2] => (item=/var/lib/slurm/slurmd)
2026-03-18 01:19:59,089 p=91285 u=root n=ansible | ok: [slurm-wn1] => (item=/var/lib/slurm/slurmd)
2026-03-18 01:19:59,142 p=91285 u=root n=ansible | ok: [slurm-hn] => (item=/etc/slurm)
2026-03-18 01:19:59,566 p=91285 u=root n=ansible | ok: [slurm-wn2] => (item=/var/lib/slurm/slurmctld)
2026-03-18 01:19:59,589 p=91285 u=root n=ansible | ok: [slurm-wn1] => (item=/var/lib/slurm/slurmctld)
2026-03-18 01:20:00,085 p=91285 u=root n=ansible | ok: [slurm-wn1] => (item=/etc/slurm)
2026-03-18 01:20:00,092 p=91285 u=root n=ansible | ok: [slurm-wn2] => (item=/etc/slurm)
2026-03-18 01:20:00,103 p=91285 u=root n=ansible | TASK [common : Distribuir archivo slurm.conf] *************************************************************************************************************************************************
2026-03-18 01:20:00,778 p=91285 u=root n=ansible | ok: [slurm-hn]
2026-03-18 01:20:01,112 p=91285 u=root n=ansible | ok: [slurm-wn1]
2026-03-18 01:20:01,116 p=91285 u=root n=ansible | ok: [slurm-wn2]
2026-03-18 01:20:01,128 p=91285 u=root n=ansible | TASK [common : Detener munge inicialmente] ****************************************************************************************************************************************************
2026-03-18 01:20:02,118 p=91285 u=root n=ansible | changed: [slurm-hn]
2026-03-18 01:20:02,266 p=91285 u=root n=ansible | ok: [slurm-wn1]
2026-03-18 01:20:02,267 p=91285 u=root n=ansible | ok: [slurm-wn2]
2026-03-18 01:20:02,330 p=91285 u=root n=ansible | TASK [firewall : Configurar reglas de NFTables] ***********************************************************************************************************************************************
2026-03-18 01:20:03,003 p=91285 u=root n=ansible | ok: [slurm-hn]
2026-03-18 01:20:03,309 p=91285 u=root n=ansible | ok: [slurm-wn1]
2026-03-18 01:20:03,348 p=91285 u=root n=ansible | ok: [slurm-wn2]
2026-03-18 01:20:03,359 p=91285 u=root n=ansible | TASK [firewall : Habilitar servicio NFTables] *************************************************************************************************************************************************
2026-03-18 01:20:03,970 p=91285 u=root n=ansible | ok: [slurm-hn]
2026-03-18 01:20:04,153 p=91285 u=root n=ansible | ok: [slurm-wn1]
2026-03-18 01:20:04,165 p=91285 u=root n=ansible | ok: [slurm-wn2]
2026-03-18 01:20:04,190 p=91285 u=root n=ansible | TASK [ldap : Configurar SSSD para LDAP] *******************************************************************************************************************************************************
2026-03-18 01:20:04,855 p=91285 u=root n=ansible | ok: [slurm-hn]
2026-03-18 01:20:05,180 p=91285 u=root n=ansible | ok: [slurm-wn1]
2026-03-18 01:20:05,225 p=91285 u=root n=ansible | ok: [slurm-wn2]
2026-03-18 01:20:05,237 p=91285 u=root n=ansible | TASK [ldap : Habilitar servicio SSSD] *********************************************************************************************************************************************************
2026-03-18 01:20:05,852 p=91285 u=root n=ansible | ok: [slurm-hn]
2026-03-18 01:20:06,067 p=91285 u=root n=ansible | ok: [slurm-wn1]
2026-03-18 01:20:06,082 p=91285 u=root n=ansible | ok: [slurm-wn2]
2026-03-18 01:20:06,137 p=91285 u=root n=ansible | TASK [Mensaje final de configuracion general] *************************************************************************************************************************************************
2026-03-18 01:20:06,173 p=91285 u=root n=ansible | ok: [slurm-hn] => {
    "msg": [
        "=========================================",
        "Configuracion General Completada",
        "========================================="
    ]
}
2026-03-18 01:20:06,177 p=91285 u=root n=ansible | ok: [slurm-wn1] => {
    "msg": [
        "=========================================",
        "Configuracion General Completada",
        "========================================="
    ]
}
2026-03-18 01:20:06,187 p=91285 u=root n=ansible | ok: [slurm-wn2] => {
    "msg": [
        "=========================================",
        "Configuracion General Completada",
        "========================================="
    ]
}
2026-03-18 01:20:06,224 p=91285 u=root n=ansible | PLAY [Configuraciones especificas del Headnode] ***********************************************************************************************************************************************
2026-03-18 01:20:06,246 p=91285 u=root n=ansible | TASK [Gathering Facts] ************************************************************************************************************************************************************************
2026-03-18 01:20:07,541 p=91285 u=root n=ansible | ok: [slurm-hn]
2026-03-18 01:20:07,564 p=91285 u=root n=ansible | TASK [munge : Configurar Munge en headnode] ***************************************************************************************************************************************************
2026-03-18 01:20:07,605 p=91285 u=root n=ansible | included: /root/ansible-cluster-slurm/roles/munge/tasks/headnode.yml for slurm-hn
2026-03-18 01:20:07,613 p=91285 u=root n=ansible | TASK [munge : Generar llave Munge] ************************************************************************************************************************************************************
2026-03-18 01:20:07,944 p=91285 u=root n=ansible | ok: [slurm-hn]
2026-03-18 01:20:07,954 p=91285 u=root n=ansible | TASK [munge : Asegurar permisos estrictos de llave Munge] *************************************************************************************************************************************
2026-03-18 01:20:08,304 p=91285 u=root n=ansible | ok: [slurm-hn]
2026-03-18 01:20:08,314 p=91285 u=root n=ansible | TASK [munge : Descargar llave Munge al controlador] *******************************************************************************************************************************************
2026-03-18 01:20:08,780 p=91285 u=root n=ansible | ok: [slurm-hn]
2026-03-18 01:20:08,794 p=91285 u=root n=ansible | TASK [munge : Crear directorio de backup] *****************************************************************************************************************************************************
2026-03-18 01:20:09,126 p=91285 u=root n=ansible | ok: [slurm-hn]
2026-03-18 01:20:09,136 p=91285 u=root n=ansible | TASK [munge : Backup de munge.key] ************************************************************************************************************************************************************
2026-03-18 01:20:09,599 p=91285 u=root n=ansible | ok: [slurm-hn]
2026-03-18 01:20:09,609 p=91285 u=root n=ansible | TASK [munge : Iniciar servicio Munge] *********************************************************************************************************************************************************
2026-03-18 01:20:10,249 p=91285 u=root n=ansible | changed: [slurm-hn]
2026-03-18 01:20:10,262 p=91285 u=root n=ansible | TASK [munge : Configurar Munge en workers] ****************************************************************************************************************************************************
2026-03-18 01:20:10,286 p=91285 u=root n=ansible | skipping: [slurm-hn]
2026-03-18 01:20:10,296 p=91285 u=root n=ansible | TASK [munge : Verificar que el socket de Munge esté disponible] *******************************************************************************************************************************
2026-03-18 01:20:10,772 p=91285 u=root n=ansible | ok: [slurm-hn]
2026-03-18 01:20:10,783 p=91285 u=root n=ansible | TASK [munge : Verificar que Munge responda correctamente] *************************************************************************************************************************************
2026-03-18 01:20:11,137 p=91285 u=root n=ansible | ok: [slurm-hn]
2026-03-18 01:20:11,155 p=91285 u=root n=ansible | TASK [chrony_server : Asegurar que Chrony use pools de Sudamérica] ****************************************************************************************************************************
2026-03-18 01:20:11,631 p=91285 u=root n=ansible | ok: [slurm-hn]
2026-03-18 01:20:11,642 p=91285 u=root n=ansible | TASK [chrony_server : Permitir sincronización a la red interna] *******************************************************************************************************************************
2026-03-18 01:20:11,995 p=91285 u=root n=ansible | ok: [slurm-hn]
2026-03-18 01:20:12,006 p=91285 u=root n=ansible | TASK [chrony_server : Forzar al Headnode a ser autoritativo (Local Stratum)] ******************************************************************************************************************
2026-03-18 01:20:12,334 p=91285 u=root n=ansible | ok: [slurm-hn]
2026-03-18 01:20:12,351 p=91285 u=root n=ansible | TASK [ldap_server : Instalar utilidades y paquetes OpenLDAP] **********************************************************************************************************************************
2026-03-18 01:20:13,655 p=91285 u=root n=ansible | ok: [slurm-hn]
2026-03-18 01:20:13,670 p=91285 u=root n=ansible | TASK [ldap_server : Detener slapd para configuración manual] **********************************************************************************************************************************
2026-03-18 01:20:14,240 p=91285 u=root n=ansible | changed: [slurm-hn]
2026-03-18 01:20:14,251 p=91285 u=root n=ansible | TASK [ldap_server : Limpiar directorios de LDAP] **********************************************************************************************************************************************
2026-03-18 01:20:14,611 p=91285 u=root n=ansible | changed: [slurm-hn]
2026-03-18 01:20:14,621 p=91285 u=root n=ansible | TASK [ldap_server : Configurar debconf para el dominio] ***************************************************************************************************************************************
2026-03-18 01:20:16,463 p=91285 u=root n=ansible | changed: [slurm-hn]
2026-03-18 01:20:16,474 p=91285 u=root n=ansible | TASK [ldap_server : Detener slapd de nuevo (dpkg lo inicia solo)] *****************************************************************************************************************************
2026-03-18 01:20:17,137 p=91285 u=root n=ansible | changed: [slurm-hn]
2026-03-18 01:20:17,148 p=91285 u=root n=ansible | TASK [ldap_server : Crear archivo LDIF de emergencia para estructura completa] ****************************************************************************************************************
2026-03-18 01:20:17,823 p=91285 u=root n=ansible | ok: [slurm-hn]
2026-03-18 01:20:17,833 p=91285 u=root n=ansible | TASK [ldap_server : Inyectar estructura directamente a la base de datos (Offline)] ************************************************************************************************************
2026-03-18 01:20:18,212 p=91285 u=root n=ansible | changed: [slurm-hn]
2026-03-18 01:20:18,226 p=91285 u=root n=ansible | TASK [ldap_server : Corregir permisos de la base de datos] ************************************************************************************************************************************
2026-03-18 01:20:18,565 p=91285 u=root n=ansible | ok: [slurm-hn] => (item=/var/lib/ldap)
2026-03-18 01:20:18,873 p=91285 u=root n=ansible | ok: [slurm-hn] => (item=/etc/ldap/slapd.d)
2026-03-18 01:20:18,884 p=91285 u=root n=ansible | TASK [ldap_server : Iniciar slapd definitivo] *************************************************************************************************************************************************
2026-03-18 01:20:19,565 p=91285 u=root n=ansible | changed: [slurm-hn]
2026-03-18 01:20:19,575 p=91285 u=root n=ansible | TASK [ldap_server : Asegurar Unidades Organizativas (Online)] *********************************************************************************************************************************
2026-03-18 01:20:20,172 p=91285 u=root n=ansible | ok: [slurm-hn] => (item={'dn': 'ou=People,dc=cluster,dc=local', 'objectClass': ['top', 'organizationalUnit']})
2026-03-18 01:20:20,574 p=91285 u=root n=ansible | ok: [slurm-hn] => (item={'dn': 'ou=Group,dc=cluster,dc=local', 'objectClass': ['top', 'organizationalUnit']})
2026-03-18 01:20:20,593 p=91285 u=root n=ansible | TASK [nfs_server : Instalar nfs-kernel-server] ************************************************************************************************************************************************
2026-03-18 01:20:21,839 p=91285 u=root n=ansible | ok: [slurm-hn]
2026-03-18 01:20:21,852 p=91285 u=root n=ansible | TASK [nfs_server : Crear directorios para exportar NFS] ***************************************************************************************************************************************
2026-03-18 01:20:22,202 p=91285 u=root n=ansible | changed: [slurm-hn] => (item=/home)
2026-03-18 01:20:22,484 p=91285 u=root n=ansible | ok: [slurm-hn] => (item=/nfs/general)
2026-03-18 01:20:22,805 p=91285 u=root n=ansible | ok: [slurm-hn] => (item=/nfs/privileged)
2026-03-18 01:20:22,819 p=91285 u=root n=ansible | TASK [nfs_server : Configurar exports NFS] ****************************************************************************************************************************************************
2026-03-18 01:20:23,466 p=91285 u=root n=ansible | ok: [slurm-hn]
2026-03-18 01:20:23,477 p=91285 u=root n=ansible | TASK [nfs_server : Aplicar configuración de exports] ******************************************************************************************************************************************
2026-03-18 01:20:23,812 p=91285 u=root n=ansible | changed: [slurm-hn]
2026-03-18 01:20:23,828 p=91285 u=root n=ansible | TASK [mariadb : Instalar mariadb y dependencias] **********************************************************************************************************************************************
2026-03-18 01:20:25,124 p=91285 u=root n=ansible | ok: [slurm-hn]
2026-03-18 01:20:25,135 p=91285 u=root n=ansible | TASK [mariadb : Iniciar servicio MariaDB] *****************************************************************************************************************************************************
2026-03-18 01:20:25,733 p=91285 u=root n=ansible | ok: [slurm-hn]
2026-03-18 01:20:25,745 p=91285 u=root n=ansible | TASK [mariadb : Crear BD para Slurm Accounting] ***********************************************************************************************************************************************
2026-03-18 01:20:26,293 p=91285 u=root n=ansible | ok: [slurm-hn]
2026-03-18 01:20:26,303 p=91285 u=root n=ansible | TASK [mariadb : Crear Usuario de Base de Datos y dar permisos] ********************************************************************************************************************************
2026-03-18 01:20:26,917 p=91285 u=root n=ansible | [WARNING]: Option column_case_sensitive is not provided. The default is now false, so the column's name will be uppercased. The default will be changed to true in community.mysql 4.0.0.

2026-03-18 01:20:26,917 p=91285 u=root n=ansible | ok: [slurm-hn]
2026-03-18 01:20:26,928 p=91285 u=root n=ansible | TASK [mariadb : Optimizar MariaDB para Slurm Accounting] **************************************************************************************************************************************
2026-03-18 01:20:27,283 p=91285 u=root n=ansible | ok: [slurm-hn] => (item={'regexp': '^innodb_buffer_pool_size', 'line': 'innodb_buffer_pool_size = 1G'})
2026-03-18 01:20:27,583 p=91285 u=root n=ansible | ok: [slurm-hn] => (item={'regexp': '^innodb_log_file_size', 'line': 'innodb_log_file_size = 64M'})
2026-03-18 01:20:27,885 p=91285 u=root n=ansible | ok: [slurm-hn] => (item={'regexp': '^innodb_lock_wait_timeout', 'line': 'innodb_lock_wait_timeout = 900'})
2026-03-18 01:20:28,188 p=91285 u=root n=ansible | ok: [slurm-hn] => (item={'regexp': '^innodb_flush_log_at_trx_commit', 'line': 'innodb_flush_log_at_trx_commit = 2'})
2026-03-18 01:20:28,208 p=91285 u=root n=ansible | TASK [slurmdbd : Instalar slurmdbd] ***********************************************************************************************************************************************************
2026-03-18 01:20:29,435 p=91285 u=root n=ansible | ok: [slurm-hn]
2026-03-18 01:20:29,445 p=91285 u=root n=ansible | TASK [slurmdbd : Asegurar directorio de logs con permisos correctos] **************************************************************************************************************************
2026-03-18 01:20:29,782 p=91285 u=root n=ansible | ok: [slurm-hn]
2026-03-18 01:20:29,792 p=91285 u=root n=ansible | TASK [slurmdbd : Crear archivo de log si no existe] *******************************************************************************************************************************************
2026-03-18 01:20:30,140 p=91285 u=root n=ansible | changed: [slurm-hn]
2026-03-18 01:20:30,154 p=91285 u=root n=ansible | TASK [slurmdbd : Configurar archivo slurmdbd.conf] ********************************************************************************************************************************************
2026-03-18 01:20:30,772 p=91285 u=root n=ansible | ok: [slurm-hn]
2026-03-18 01:20:30,784 p=91285 u=root n=ansible | TASK [slurmdbd : Iniciar servicio SlurmDBD] ***************************************************************************************************************************************************
2026-03-18 01:20:31,396 p=91285 u=root n=ansible | ok: [slurm-hn]
2026-03-18 01:20:31,414 p=91285 u=root n=ansible | TASK [slurmctld : Esperar a que SlurmDBD responda] ********************************************************************************************************************************************
2026-03-18 01:20:36,753 p=91285 u=root n=ansible | ok: [slurm-hn]
2026-03-18 01:20:36,766 p=91285 u=root n=ansible | TASK [slurmctld : Iniciar Slurm Controller (slurmctld)] ***************************************************************************************************************************************
2026-03-18 01:20:37,377 p=91285 u=root n=ansible | ok: [slurm-hn]
2026-03-18 01:20:37,393 p=91285 u=root n=ansible | TASK [slurm_accounting : Registrar Cluster en Accounting] *************************************************************************************************************************************
2026-03-18 01:20:37,930 p=91285 u=root n=ansible | ok: [slurm-hn]
2026-03-18 01:20:37,942 p=91285 u=root n=ansible | TASK [slurm_accounting : Crear cuentas base de usuarios] **************************************************************************************************************************************
2026-03-18 01:20:38,467 p=91285 u=root n=ansible | failed: [slurm-hn] (item=researchers) => {"ansible_loop_var": "item", "changed": false, "cmd": ["sacctmgr", "-i", "add", "account", "researchers", "Description=Base Account", "Organization=Cluster"], "delta": "0:00:00.178447", "end": "2026-03-18 01:20:38.415508", "failed_when_result": true, "item": "researchers", "msg": "non-zero return code", "rc": 1, "start": "2026-03-18 01:20:38.237061", "stderr": "", "stderr_lines": [], "stdout": " Already existing account researchers on cluster slurmcluster", "stdout_lines": [" Already existing account researchers on cluster slurmcluster"]}
2026-03-18 01:20:38,950 p=91285 u=root n=ansible | failed: [slurm-hn] (item=students) => {"ansible_loop_var": "item", "changed": false, "cmd": ["sacctmgr", "-i", "add", "account", "students", "Description=Base Account", "Organization=Cluster"], "delta": "0:00:00.176958", "end": "2026-03-18 01:20:38.903511", "failed_when_result": true, "item": "students", "msg": "non-zero return code", "rc": 1, "start": "2026-03-18 01:20:38.726553", "stderr": "", "stderr_lines": [], "stdout": " Already existing account students on cluster slurmcluster", "stdout_lines": [" Already existing account students on cluster slurmcluster"]}
2026-03-18 01:20:38,954 p=91285 u=root n=ansible | PLAY RECAP ************************************************************************************************************************************************************************************
2026-03-18 01:20:38,954 p=91285 u=root n=ansible | slurm-hn                   : ok=62   changed=12   unreachable=0    failed=1    skipped=2    rescued=0    ignored=1   
2026-03-18 01:20:38,954 p=91285 u=root n=ansible | slurm-wn1                  : ok=17   changed=1    unreachable=0    failed=0    skipped=1    rescued=0    ignored=1   
2026-03-18 01:20:38,954 p=91285 u=root n=ansible | slurm-wn2                  : ok=17   changed=1    unreachable=0    failed=0    skipped=1    rescued=0    ignored=1   
2026-03-18 01:27:16,900 p=94987 u=root n=ansible | PLAY [Instalar SSHPASS para la conexion ssh de headnode a workers] ****************************************************************************************************************************
2026-03-18 01:27:16,912 p=94987 u=root n=ansible | TASK [Gathering Facts] ************************************************************************************************************************************************************************
2026-03-18 01:27:18,546 p=94987 u=root n=ansible | ok: [slurm-hn]
2026-03-18 01:27:18,568 p=94987 u=root n=ansible | TASK [initial_setup : Actualizar cache de apt] ************************************************************************************************************************************************
2026-03-18 01:27:19,689 p=94987 u=root n=ansible | ok: [slurm-hn]
2026-03-18 01:27:19,696 p=94987 u=root n=ansible | TASK [initial_setup : Instalar sshpass] *******************************************************************************************************************************************************
2026-03-18 01:27:20,915 p=94987 u=root n=ansible | ok: [slurm-hn]
2026-03-18 01:27:20,923 p=94987 u=root n=ansible | TASK [initial_setup : Instalar rng-tools] *****************************************************************************************************************************************************
2026-03-18 01:27:22,140 p=94987 u=root n=ansible | ok: [slurm-hn]
2026-03-18 01:27:22,167 p=94987 u=root n=ansible | TASK [Mensaje final de configuracion general] *************************************************************************************************************************************************
2026-03-18 01:27:22,191 p=94987 u=root n=ansible | ok: [slurm-hn] => {
    "msg": [
        "=========================================",
        " Configuracion Inicial Completada",
        "========================================="
    ]
}
2026-03-18 01:27:22,210 p=94987 u=root n=ansible | PLAY [Configuracion General de todo el cluster] ***********************************************************************************************************************************************
2026-03-18 01:27:22,223 p=94987 u=root n=ansible | TASK [Gathering Facts] ************************************************************************************************************************************************************************
2026-03-18 01:27:23,421 p=94987 u=root n=ansible | ok: [slurm-hn]
2026-03-18 01:27:24,659 p=94987 u=root n=ansible | ok: [slurm-wn1]
2026-03-18 01:27:24,771 p=94987 u=root n=ansible | ok: [slurm-wn2]
2026-03-18 01:27:24,810 p=94987 u=root n=ansible | TASK [common : Configurar hostname del nodo] **************************************************************************************************************************************************
2026-03-18 01:27:25,876 p=94987 u=root n=ansible | ok: [slurm-hn]
2026-03-18 01:27:26,009 p=94987 u=root n=ansible | ok: [slurm-wn1]
2026-03-18 01:27:26,013 p=94987 u=root n=ansible | ok: [slurm-wn2]
2026-03-18 01:27:26,024 p=94987 u=root n=ansible | TASK [common : Configurar archivo '/etc/hosts'] ***********************************************************************************************************************************************
2026-03-18 01:27:27,027 p=94987 u=root n=ansible | ok: [slurm-hn]
2026-03-18 01:27:27,176 p=94987 u=root n=ansible | ok: [slurm-wn1]
2026-03-18 01:27:27,179 p=94987 u=root n=ansible | ok: [slurm-wn2]
2026-03-18 01:27:27,189 p=94987 u=root n=ansible | TASK [common : Crear grupos del sistema] ******************************************************************************************************************************************************
2026-03-18 01:27:27,672 p=94987 u=root n=ansible | ok: [slurm-hn] => (item={'name': 'munge'})
2026-03-18 01:27:27,806 p=94987 u=root n=ansible | ok: [slurm-wn1] => (item={'name': 'munge'})
2026-03-18 01:27:27,819 p=94987 u=root n=ansible | ok: [slurm-wn2] => (item={'name': 'munge'})
2026-03-18 01:27:27,975 p=94987 u=root n=ansible | ok: [slurm-hn] => (item={'name': 'slurm'})
2026-03-18 01:27:28,306 p=94987 u=root n=ansible | ok: [slurm-wn1] => (item={'name': 'slurm'})
2026-03-18 01:27:28,325 p=94987 u=root n=ansible | ok: [slurm-wn2] => (item={'name': 'slurm'})
2026-03-18 01:27:28,337 p=94987 u=root n=ansible | TASK [common : Crear usuarios del sistema] ****************************************************************************************************************************************************
2026-03-18 01:27:28,964 p=94987 u=root n=ansible | ok: [slurm-hn] => (item={'name': 'munge', 'shell': '/usr/sbin/nologin', 'home': '/var/lib/munge'})
2026-03-18 01:27:29,104 p=94987 u=root n=ansible | ok: [slurm-wn1] => (item={'name': 'munge', 'shell': '/usr/sbin/nologin', 'home': '/var/lib/munge'})
2026-03-18 01:27:29,137 p=94987 u=root n=ansible | ok: [slurm-wn2] => (item={'name': 'munge', 'shell': '/usr/sbin/nologin', 'home': '/var/lib/munge'})
2026-03-18 01:27:29,362 p=94987 u=root n=ansible | ok: [slurm-hn] => (item={'name': 'slurm', 'shell': '/bin/bash', 'home': '/var/lib/slurm'})
2026-03-18 01:27:29,705 p=94987 u=root n=ansible | ok: [slurm-wn1] => (item={'name': 'slurm', 'shell': '/bin/bash', 'home': '/var/lib/slurm'})
2026-03-18 01:27:29,761 p=94987 u=root n=ansible | ok: [slurm-wn2] => (item={'name': 'slurm', 'shell': '/bin/bash', 'home': '/var/lib/slurm'})
2026-03-18 01:27:29,774 p=94987 u=root n=ansible | TASK [common : Actualizar cache de apt] *******************************************************************************************************************************************************
2026-03-18 01:27:30,685 p=94987 u=root n=ansible | ok: [slurm-hn]
2026-03-18 01:27:30,851 p=94987 u=root n=ansible | ok: [slurm-wn1]
2026-03-18 01:27:30,889 p=94987 u=root n=ansible | ok: [slurm-wn2]
2026-03-18 01:27:30,901 p=94987 u=root n=ansible | TASK [common : Extender la partición root para ocupar todo el disco] **************************************************************************************************************************
2026-03-18 01:27:31,490 p=94987 u=root n=ansible | fatal: [slurm-hn]: FAILED! => {"changed": false, "cmd": ["growpart", "/dev/vda", "2"], "delta": "0:00:00.118892", "end": "2026-03-18 01:27:31.446447", "msg": "non-zero return code", "rc": 1, "start": "2026-03-18 01:27:31.327555", "stderr": "", "stderr_lines": [], "stdout": "NOCHANGE: partition 2 is size 52424671. it cannot be grown", "stdout_lines": ["NOCHANGE: partition 2 is size 52424671. it cannot be grown"]}
2026-03-18 01:27:31,491 p=94987 u=root n=ansible | ...ignoring
2026-03-18 01:27:31,627 p=94987 u=root n=ansible | fatal: [slurm-wn1]: FAILED! => {"changed": false, "cmd": ["growpart", "/dev/vda", "2"], "delta": "0:00:00.109788", "end": "2026-03-18 01:27:31.557628", "msg": "non-zero return code", "rc": 1, "start": "2026-03-18 01:27:31.447840", "stderr": "", "stderr_lines": [], "stdout": "NOCHANGE: partition 2 is size 52424671. it cannot be grown", "stdout_lines": ["NOCHANGE: partition 2 is size 52424671. it cannot be grown"]}
2026-03-18 01:27:31,627 p=94987 u=root n=ansible | ...ignoring
2026-03-18 01:27:31,646 p=94987 u=root n=ansible | fatal: [slurm-wn2]: FAILED! => {"changed": false, "cmd": ["growpart", "/dev/vda", "2"], "delta": "0:00:00.114578", "end": "2026-03-18 01:27:31.571169", "msg": "non-zero return code", "rc": 1, "start": "2026-03-18 01:27:31.456591", "stderr": "", "stderr_lines": [], "stdout": "NOCHANGE: partition 2 is size 52424671. it cannot be grown", "stdout_lines": ["NOCHANGE: partition 2 is size 52424671. it cannot be grown"]}
2026-03-18 01:27:31,646 p=94987 u=root n=ansible | ...ignoring
2026-03-18 01:27:31,656 p=94987 u=root n=ansible | TASK [common : Redimensionar el sistema de archivos ext4] *************************************************************************************************************************************
2026-03-18 01:27:31,690 p=94987 u=root n=ansible | skipping: [slurm-hn]
2026-03-18 01:27:31,695 p=94987 u=root n=ansible | skipping: [slurm-wn1]
2026-03-18 01:27:31,706 p=94987 u=root n=ansible | skipping: [slurm-wn2]
2026-03-18 01:27:31,715 p=94987 u=root n=ansible | TASK [common : Instalar paquetes comunes] *****************************************************************************************************************************************************
2026-03-18 01:27:32,977 p=94987 u=root n=ansible | ok: [slurm-hn]
2026-03-18 01:27:33,143 p=94987 u=root n=ansible | ok: [slurm-wn1]
2026-03-18 01:27:33,181 p=94987 u=root n=ansible | ok: [slurm-wn2]
2026-03-18 01:27:33,196 p=94987 u=root n=ansible | TASK [common : Crear directorios de Munge] ****************************************************************************************************************************************************
2026-03-18 01:27:33,533 p=94987 u=root n=ansible | ok: [slurm-hn] => (item=/etc/munge)
2026-03-18 01:27:33,736 p=94987 u=root n=ansible | ok: [slurm-wn1] => (item=/etc/munge)
2026-03-18 01:27:33,770 p=94987 u=root n=ansible | ok: [slurm-wn2] => (item=/etc/munge)
2026-03-18 01:27:33,848 p=94987 u=root n=ansible | ok: [slurm-hn] => (item=/var/log/munge)
2026-03-18 01:27:34,164 p=94987 u=root n=ansible | ok: [slurm-hn] => (item=/var/lib/munge)
2026-03-18 01:27:34,229 p=94987 u=root n=ansible | ok: [slurm-wn1] => (item=/var/log/munge)
2026-03-18 01:27:34,280 p=94987 u=root n=ansible | ok: [slurm-wn2] => (item=/var/log/munge)
2026-03-18 01:27:34,726 p=94987 u=root n=ansible | ok: [slurm-wn1] => (item=/var/lib/munge)
2026-03-18 01:27:34,798 p=94987 u=root n=ansible | ok: [slurm-wn2] => (item=/var/lib/munge)
2026-03-18 01:27:34,809 p=94987 u=root n=ansible | TASK [common : Crear directorios de Slurm] ****************************************************************************************************************************************************
2026-03-18 01:27:35,166 p=94987 u=root n=ansible | ok: [slurm-hn] => (item=/var/log/slurm)
2026-03-18 01:27:35,358 p=94987 u=root n=ansible | ok: [slurm-wn1] => (item=/var/log/slurm)
2026-03-18 01:27:35,389 p=94987 u=root n=ansible | ok: [slurm-wn2] => (item=/var/log/slurm)
2026-03-18 01:27:35,480 p=94987 u=root n=ansible | ok: [slurm-hn] => (item=/var/lib/slurm)
2026-03-18 01:27:35,782 p=94987 u=root n=ansible | ok: [slurm-hn] => (item=/var/lib/slurm/slurmd)
2026-03-18 01:27:35,863 p=94987 u=root n=ansible | ok: [slurm-wn1] => (item=/var/lib/slurm)
2026-03-18 01:27:35,891 p=94987 u=root n=ansible | ok: [slurm-wn2] => (item=/var/lib/slurm)
2026-03-18 01:27:36,104 p=94987 u=root n=ansible | ok: [slurm-hn] => (item=/var/lib/slurm/slurmctld)
2026-03-18 01:27:36,355 p=94987 u=root n=ansible | ok: [slurm-wn1] => (item=/var/lib/slurm/slurmd)
2026-03-18 01:27:36,402 p=94987 u=root n=ansible | ok: [slurm-wn2] => (item=/var/lib/slurm/slurmd)
2026-03-18 01:27:36,418 p=94987 u=root n=ansible | ok: [slurm-hn] => (item=/etc/slurm)
2026-03-18 01:27:36,855 p=94987 u=root n=ansible | ok: [slurm-wn1] => (item=/var/lib/slurm/slurmctld)
2026-03-18 01:27:36,901 p=94987 u=root n=ansible | ok: [slurm-wn2] => (item=/var/lib/slurm/slurmctld)
2026-03-18 01:27:37,365 p=94987 u=root n=ansible | ok: [slurm-wn1] => (item=/etc/slurm)
2026-03-18 01:27:37,400 p=94987 u=root n=ansible | ok: [slurm-wn2] => (item=/etc/slurm)
2026-03-18 01:27:37,413 p=94987 u=root n=ansible | TASK [common : Distribuir archivo slurm.conf] *************************************************************************************************************************************************
2026-03-18 01:27:38,077 p=94987 u=root n=ansible | ok: [slurm-hn]
2026-03-18 01:27:38,408 p=94987 u=root n=ansible | ok: [slurm-wn1]
2026-03-18 01:27:38,439 p=94987 u=root n=ansible | ok: [slurm-wn2]
2026-03-18 01:27:38,451 p=94987 u=root n=ansible | TASK [common : Detener munge inicialmente] ****************************************************************************************************************************************************
2026-03-18 01:27:39,461 p=94987 u=root n=ansible | changed: [slurm-hn]
2026-03-18 01:27:39,566 p=94987 u=root n=ansible | ok: [slurm-wn2]
2026-03-18 01:27:39,572 p=94987 u=root n=ansible | ok: [slurm-wn1]
2026-03-18 01:27:39,626 p=94987 u=root n=ansible | TASK [firewall : Configurar reglas de NFTables] ***********************************************************************************************************************************************
2026-03-18 01:27:40,266 p=94987 u=root n=ansible | ok: [slurm-hn]
2026-03-18 01:27:40,603 p=94987 u=root n=ansible | ok: [slurm-wn1]
2026-03-18 01:27:40,657 p=94987 u=root n=ansible | ok: [slurm-wn2]
2026-03-18 01:27:40,667 p=94987 u=root n=ansible | TASK [firewall : Habilitar servicio NFTables] *************************************************************************************************************************************************
2026-03-18 01:27:41,303 p=94987 u=root n=ansible | ok: [slurm-hn]
2026-03-18 01:27:41,489 p=94987 u=root n=ansible | ok: [slurm-wn2]
2026-03-18 01:27:41,491 p=94987 u=root n=ansible | ok: [slurm-wn1]
2026-03-18 01:27:41,517 p=94987 u=root n=ansible | TASK [ldap : Configurar SSSD para LDAP] *******************************************************************************************************************************************************
2026-03-18 01:27:42,187 p=94987 u=root n=ansible | ok: [slurm-hn]
2026-03-18 01:27:42,535 p=94987 u=root n=ansible | ok: [slurm-wn1]
2026-03-18 01:27:42,559 p=94987 u=root n=ansible | ok: [slurm-wn2]
2026-03-18 01:27:42,569 p=94987 u=root n=ansible | TASK [ldap : Habilitar servicio SSSD] *********************************************************************************************************************************************************
2026-03-18 01:27:43,171 p=94987 u=root n=ansible | ok: [slurm-hn]
2026-03-18 01:27:43,387 p=94987 u=root n=ansible | ok: [slurm-wn1]
2026-03-18 01:27:43,389 p=94987 u=root n=ansible | ok: [slurm-wn2]
2026-03-18 01:27:43,442 p=94987 u=root n=ansible | TASK [Mensaje final de configuracion general] *************************************************************************************************************************************************
2026-03-18 01:27:43,480 p=94987 u=root n=ansible | ok: [slurm-hn] => {
    "msg": [
        "=========================================",
        "Configuracion General Completada",
        "========================================="
    ]
}
2026-03-18 01:27:43,483 p=94987 u=root n=ansible | ok: [slurm-wn1] => {
    "msg": [
        "=========================================",
        "Configuracion General Completada",
        "========================================="
    ]
}
2026-03-18 01:27:43,495 p=94987 u=root n=ansible | ok: [slurm-wn2] => {
    "msg": [
        "=========================================",
        "Configuracion General Completada",
        "========================================="
    ]
}
2026-03-18 01:27:43,531 p=94987 u=root n=ansible | PLAY [Configuraciones especificas del Headnode] ***********************************************************************************************************************************************
2026-03-18 01:27:43,554 p=94987 u=root n=ansible | TASK [Gathering Facts] ************************************************************************************************************************************************************************
2026-03-18 01:27:44,813 p=94987 u=root n=ansible | ok: [slurm-hn]
2026-03-18 01:27:44,836 p=94987 u=root n=ansible | TASK [munge : Configurar Munge en headnode] ***************************************************************************************************************************************************
2026-03-18 01:27:44,879 p=94987 u=root n=ansible | included: /root/ansible-cluster-slurm/roles/munge/tasks/headnode.yml for slurm-hn
2026-03-18 01:27:44,887 p=94987 u=root n=ansible | TASK [munge : Generar llave Munge] ************************************************************************************************************************************************************
2026-03-18 01:27:45,211 p=94987 u=root n=ansible | ok: [slurm-hn]
2026-03-18 01:27:45,223 p=94987 u=root n=ansible | TASK [munge : Asegurar permisos estrictos de llave Munge] *************************************************************************************************************************************
2026-03-18 01:27:45,567 p=94987 u=root n=ansible | ok: [slurm-hn]
2026-03-18 01:27:45,577 p=94987 u=root n=ansible | TASK [munge : Descargar llave Munge al controlador] *******************************************************************************************************************************************
2026-03-18 01:27:46,044 p=94987 u=root n=ansible | ok: [slurm-hn]
2026-03-18 01:27:46,057 p=94987 u=root n=ansible | TASK [munge : Crear directorio de backup] *****************************************************************************************************************************************************
2026-03-18 01:27:46,415 p=94987 u=root n=ansible | ok: [slurm-hn]
2026-03-18 01:27:46,427 p=94987 u=root n=ansible | TASK [munge : Backup de munge.key] ************************************************************************************************************************************************************
2026-03-18 01:27:46,931 p=94987 u=root n=ansible | ok: [slurm-hn]
2026-03-18 01:27:46,946 p=94987 u=root n=ansible | TASK [munge : Iniciar servicio Munge] *********************************************************************************************************************************************************
2026-03-18 01:27:47,600 p=94987 u=root n=ansible | changed: [slurm-hn]
2026-03-18 01:27:47,614 p=94987 u=root n=ansible | TASK [munge : Configurar Munge en workers] ****************************************************************************************************************************************************
2026-03-18 01:27:47,636 p=94987 u=root n=ansible | skipping: [slurm-hn]
2026-03-18 01:27:47,647 p=94987 u=root n=ansible | TASK [munge : Verificar que el socket de Munge esté disponible] *******************************************************************************************************************************
2026-03-18 01:27:48,123 p=94987 u=root n=ansible | ok: [slurm-hn]
2026-03-18 01:27:48,136 p=94987 u=root n=ansible | TASK [munge : Verificar que Munge responda correctamente] *************************************************************************************************************************************
2026-03-18 01:27:49,498 p=94987 u=root n=ansible | ok: [slurm-hn]
2026-03-18 01:27:49,516 p=94987 u=root n=ansible | TASK [chrony_server : Asegurar que Chrony use pools de Sudamérica] ****************************************************************************************************************************
2026-03-18 01:27:49,997 p=94987 u=root n=ansible | ok: [slurm-hn]
2026-03-18 01:27:50,009 p=94987 u=root n=ansible | TASK [chrony_server : Permitir sincronización a la red interna] *******************************************************************************************************************************
2026-03-18 01:27:50,336 p=94987 u=root n=ansible | ok: [slurm-hn]
2026-03-18 01:27:50,348 p=94987 u=root n=ansible | TASK [chrony_server : Forzar al Headnode a ser autoritativo (Local Stratum)] ******************************************************************************************************************
2026-03-18 01:27:50,680 p=94987 u=root n=ansible | ok: [slurm-hn]
2026-03-18 01:27:50,694 p=94987 u=root n=ansible | TASK [ldap_server : Instalar utilidades y paquetes OpenLDAP] **********************************************************************************************************************************
2026-03-18 01:27:51,889 p=94987 u=root n=ansible | ok: [slurm-hn]
2026-03-18 01:27:51,903 p=94987 u=root n=ansible | TASK [ldap_server : Detener slapd para configuración manual] **********************************************************************************************************************************
2026-03-18 01:27:52,496 p=94987 u=root n=ansible | changed: [slurm-hn]
2026-03-18 01:27:52,507 p=94987 u=root n=ansible | TASK [ldap_server : Limpiar directorios de LDAP] **********************************************************************************************************************************************
2026-03-18 01:27:52,839 p=94987 u=root n=ansible | changed: [slurm-hn]
2026-03-18 01:27:52,850 p=94987 u=root n=ansible | TASK [ldap_server : Configurar debconf para el dominio] ***************************************************************************************************************************************
2026-03-18 01:27:54,546 p=94987 u=root n=ansible | changed: [slurm-hn]
2026-03-18 01:27:54,557 p=94987 u=root n=ansible | TASK [ldap_server : Detener slapd de nuevo (dpkg lo inicia solo)] *****************************************************************************************************************************
2026-03-18 01:27:55,198 p=94987 u=root n=ansible | changed: [slurm-hn]
2026-03-18 01:27:55,208 p=94987 u=root n=ansible | TASK [ldap_server : Crear archivo LDIF de emergencia para estructura completa] ****************************************************************************************************************
2026-03-18 01:27:55,784 p=94987 u=root n=ansible | ok: [slurm-hn]
2026-03-18 01:27:55,796 p=94987 u=root n=ansible | TASK [ldap_server : Inyectar estructura directamente a la base de datos (Offline)] ************************************************************************************************************
2026-03-18 01:27:56,172 p=94987 u=root n=ansible | changed: [slurm-hn]
2026-03-18 01:27:56,183 p=94987 u=root n=ansible | TASK [ldap_server : Corregir permisos de la base de datos] ************************************************************************************************************************************
2026-03-18 01:27:56,524 p=94987 u=root n=ansible | ok: [slurm-hn] => (item=/var/lib/ldap)
2026-03-18 01:27:56,845 p=94987 u=root n=ansible | ok: [slurm-hn] => (item=/etc/ldap/slapd.d)
2026-03-18 01:27:56,855 p=94987 u=root n=ansible | TASK [ldap_server : Iniciar slapd definitivo] *************************************************************************************************************************************************
2026-03-18 01:27:57,538 p=94987 u=root n=ansible | changed: [slurm-hn]
2026-03-18 01:27:57,551 p=94987 u=root n=ansible | TASK [ldap_server : Asegurar Unidades Organizativas (Online)] *********************************************************************************************************************************
2026-03-18 01:27:58,123 p=94987 u=root n=ansible | ok: [slurm-hn] => (item={'dn': 'ou=People,dc=cluster,dc=local', 'objectClass': ['top', 'organizationalUnit']})
2026-03-18 01:27:58,502 p=94987 u=root n=ansible | ok: [slurm-hn] => (item={'dn': 'ou=Group,dc=cluster,dc=local', 'objectClass': ['top', 'organizationalUnit']})
2026-03-18 01:27:58,522 p=94987 u=root n=ansible | TASK [nfs_server : Instalar nfs-kernel-server] ************************************************************************************************************************************************
2026-03-18 01:27:59,738 p=94987 u=root n=ansible | ok: [slurm-hn]
2026-03-18 01:27:59,746 p=94987 u=root n=ansible | TASK [nfs_server : Crear directorios para exportar NFS] ***************************************************************************************************************************************
2026-03-18 01:28:00,094 p=94987 u=root n=ansible | ok: [slurm-hn] => (item=/home)
2026-03-18 01:28:00,402 p=94987 u=root n=ansible | ok: [slurm-hn] => (item=/nfs/general)
2026-03-18 01:28:00,722 p=94987 u=root n=ansible | ok: [slurm-hn] => (item=/nfs/privileged)
2026-03-18 01:28:00,736 p=94987 u=root n=ansible | TASK [nfs_server : Configurar exports NFS] ****************************************************************************************************************************************************
2026-03-18 01:28:01,360 p=94987 u=root n=ansible | ok: [slurm-hn]
2026-03-18 01:28:01,372 p=94987 u=root n=ansible | TASK [nfs_server : Aplicar configuración de exports] ******************************************************************************************************************************************
2026-03-18 01:28:01,705 p=94987 u=root n=ansible | changed: [slurm-hn]
2026-03-18 01:28:01,720 p=94987 u=root n=ansible | TASK [mariadb : Instalar mariadb y dependencias] **********************************************************************************************************************************************
2026-03-18 01:28:02,939 p=94987 u=root n=ansible | ok: [slurm-hn]
2026-03-18 01:28:02,951 p=94987 u=root n=ansible | TASK [mariadb : Iniciar servicio MariaDB] *****************************************************************************************************************************************************
2026-03-18 01:28:03,563 p=94987 u=root n=ansible | ok: [slurm-hn]
2026-03-18 01:28:03,576 p=94987 u=root n=ansible | TASK [mariadb : Crear BD para Slurm Accounting] ***********************************************************************************************************************************************
2026-03-18 01:28:04,123 p=94987 u=root n=ansible | ok: [slurm-hn]
2026-03-18 01:28:04,132 p=94987 u=root n=ansible | TASK [mariadb : Crear Usuario de Base de Datos y dar permisos] ********************************************************************************************************************************
2026-03-18 01:28:04,737 p=94987 u=root n=ansible | [WARNING]: Option column_case_sensitive is not provided. The default is now false, so the column's name will be uppercased. The default will be changed to true in community.mysql 4.0.0.

2026-03-18 01:28:04,738 p=94987 u=root n=ansible | ok: [slurm-hn]
2026-03-18 01:28:04,745 p=94987 u=root n=ansible | TASK [mariadb : Optimizar MariaDB para Slurm Accounting] **************************************************************************************************************************************
2026-03-18 01:28:05,074 p=94987 u=root n=ansible | ok: [slurm-hn] => (item={'regexp': '^innodb_buffer_pool_size', 'line': 'innodb_buffer_pool_size = 1G'})
2026-03-18 01:28:05,388 p=94987 u=root n=ansible | ok: [slurm-hn] => (item={'regexp': '^innodb_log_file_size', 'line': 'innodb_log_file_size = 64M'})
2026-03-18 01:28:05,684 p=94987 u=root n=ansible | ok: [slurm-hn] => (item={'regexp': '^innodb_lock_wait_timeout', 'line': 'innodb_lock_wait_timeout = 900'})
2026-03-18 01:28:05,989 p=94987 u=root n=ansible | ok: [slurm-hn] => (item={'regexp': '^innodb_flush_log_at_trx_commit', 'line': 'innodb_flush_log_at_trx_commit = 2'})
2026-03-18 01:28:06,009 p=94987 u=root n=ansible | TASK [slurmdbd : Instalar slurmdbd] ***********************************************************************************************************************************************************
2026-03-18 01:28:07,220 p=94987 u=root n=ansible | ok: [slurm-hn]
2026-03-18 01:28:07,230 p=94987 u=root n=ansible | TASK [slurmdbd : Asegurar directorio de logs con permisos correctos] **************************************************************************************************************************
2026-03-18 01:28:07,565 p=94987 u=root n=ansible | ok: [slurm-hn]
2026-03-18 01:28:07,574 p=94987 u=root n=ansible | TASK [slurmdbd : Crear archivo de log si no existe] *******************************************************************************************************************************************
2026-03-18 01:28:07,908 p=94987 u=root n=ansible | changed: [slurm-hn]
2026-03-18 01:28:07,924 p=94987 u=root n=ansible | TASK [slurmdbd : Configurar archivo slurmdbd.conf] ********************************************************************************************************************************************
2026-03-18 01:28:08,568 p=94987 u=root n=ansible | ok: [slurm-hn]
2026-03-18 01:28:08,577 p=94987 u=root n=ansible | TASK [slurmdbd : Iniciar servicio SlurmDBD] ***************************************************************************************************************************************************
2026-03-18 01:28:09,170 p=94987 u=root n=ansible | ok: [slurm-hn]
2026-03-18 01:28:09,187 p=94987 u=root n=ansible | TASK [slurmctld : Esperar a que SlurmDBD responda] ********************************************************************************************************************************************
2026-03-18 01:28:14,525 p=94987 u=root n=ansible | ok: [slurm-hn]
2026-03-18 01:28:14,534 p=94987 u=root n=ansible | TASK [slurmctld : Iniciar Slurm Controller (slurmctld)] ***************************************************************************************************************************************
2026-03-18 01:28:15,142 p=94987 u=root n=ansible | ok: [slurm-hn]
2026-03-18 01:28:15,160 p=94987 u=root n=ansible | TASK [slurm_accounting : Registrar Cluster en Accounting] *************************************************************************************************************************************
2026-03-18 01:28:15,688 p=94987 u=root n=ansible | ok: [slurm-hn]
2026-03-18 01:28:15,700 p=94987 u=root n=ansible | TASK [slurm_accounting : Crear cuentas base de usuarios] **************************************************************************************************************************************
2026-03-18 01:28:16,225 p=94987 u=root n=ansible | ok: [slurm-hn] => (item=researchers)
2026-03-18 01:28:16,708 p=94987 u=root n=ansible | ok: [slurm-hn] => (item=students)
2026-03-18 01:28:16,722 p=94987 u=root n=ansible | TASK [slurm_accounting : Vincular usuarios LDAP a cuentas de Slurm (Ejemplo)] *****************************************************************************************************************
2026-03-18 01:28:17,256 p=94987 u=root n=ansible | failed: [slurm-hn] (item={'user': 'admin', 'acct': 'researchers'}) => {"ansible_loop_var": "item", "changed": false, "cmd": ["sacctmgr", "-i", "add", "user", "admin", "account=researchers"], "delta": "0:00:00.186644", "end": "2026-03-18 01:28:17.204705", "failed_when_result": true, "item": {"acct": "researchers", "user": "admin"}, "msg": "non-zero return code", "rc": 1, "start": "2026-03-18 01:28:17.018061", "stderr": "", "stderr_lines": [], "stdout": "Request didn't affect anything\nNothing added.\nMake sure the accounts requested here have been added to the system/cluster. (sacctmgr add account...)", "stdout_lines": ["Request didn't affect anything", "Nothing added.", "Make sure the accounts requested here have been added to the system/cluster. (sacctmgr add account...)"]}
2026-03-18 01:28:17,261 p=94987 u=root n=ansible | PLAY RECAP ************************************************************************************************************************************************************************************
2026-03-18 01:28:17,261 p=94987 u=root n=ansible | slurm-hn                   : ok=63   changed=10   unreachable=0    failed=1    skipped=2    rescued=0    ignored=1   
2026-03-18 01:28:17,261 p=94987 u=root n=ansible | slurm-wn1                  : ok=17   changed=0    unreachable=0    failed=0    skipped=1    rescued=0    ignored=1   
2026-03-18 01:28:17,262 p=94987 u=root n=ansible | slurm-wn2                  : ok=17   changed=0    unreachable=0    failed=0    skipped=1    rescued=0    ignored=1   
2026-03-18 01:30:26,267 p=98353 u=root n=ansible | PLAY [Instalar SSHPASS para la conexion ssh de headnode a workers] ****************************************************************************************************************************
2026-03-18 01:30:26,279 p=98353 u=root n=ansible | TASK [Gathering Facts] ************************************************************************************************************************************************************************
2026-03-18 01:30:27,883 p=98353 u=root n=ansible | ok: [slurm-hn]
2026-03-18 01:30:27,904 p=98353 u=root n=ansible | TASK [initial_setup : Actualizar cache de apt] ************************************************************************************************************************************************
2026-03-18 01:30:28,922 p=98353 u=root n=ansible | ok: [slurm-hn]
2026-03-18 01:30:28,932 p=98353 u=root n=ansible | TASK [initial_setup : Instalar sshpass] *******************************************************************************************************************************************************
2026-03-18 01:30:30,095 p=98353 u=root n=ansible | ok: [slurm-hn]
2026-03-18 01:30:30,106 p=98353 u=root n=ansible | TASK [initial_setup : Instalar rng-tools] *****************************************************************************************************************************************************
2026-03-18 01:30:31,251 p=98353 u=root n=ansible | ok: [slurm-hn]
2026-03-18 01:30:31,274 p=98353 u=root n=ansible | TASK [Mensaje final de configuracion general] *************************************************************************************************************************************************
2026-03-18 01:30:31,298 p=98353 u=root n=ansible | ok: [slurm-hn] => {
    "msg": [
        "=========================================",
        " Configuracion Inicial Completada",
        "========================================="
    ]
}
2026-03-18 01:30:31,312 p=98353 u=root n=ansible | PLAY [Configuracion General de todo el cluster] ***********************************************************************************************************************************************
2026-03-18 01:30:31,323 p=98353 u=root n=ansible | TASK [Gathering Facts] ************************************************************************************************************************************************************************
2026-03-18 01:30:32,517 p=98353 u=root n=ansible | ok: [slurm-hn]
2026-03-18 01:30:33,796 p=98353 u=root n=ansible | ok: [slurm-wn1]
2026-03-18 01:30:33,820 p=98353 u=root n=ansible | ok: [slurm-wn2]
2026-03-18 01:30:33,859 p=98353 u=root n=ansible | TASK [common : Configurar hostname del nodo] **************************************************************************************************************************************************
2026-03-18 01:30:34,943 p=98353 u=root n=ansible | ok: [slurm-hn]
2026-03-18 01:30:35,083 p=98353 u=root n=ansible | ok: [slurm-wn2]
2026-03-18 01:30:35,084 p=98353 u=root n=ansible | ok: [slurm-wn1]
2026-03-18 01:30:35,095 p=98353 u=root n=ansible | TASK [common : Configurar archivo '/etc/hosts'] ***********************************************************************************************************************************************
2026-03-18 01:30:36,081 p=98353 u=root n=ansible | ok: [slurm-hn]
2026-03-18 01:30:36,221 p=98353 u=root n=ansible | ok: [slurm-wn1]
2026-03-18 01:30:36,223 p=98353 u=root n=ansible | ok: [slurm-wn2]
2026-03-18 01:30:36,234 p=98353 u=root n=ansible | TASK [common : Crear grupos del sistema] ******************************************************************************************************************************************************
2026-03-18 01:30:36,719 p=98353 u=root n=ansible | ok: [slurm-hn] => (item={'name': 'munge'})
2026-03-18 01:30:36,851 p=98353 u=root n=ansible | ok: [slurm-wn1] => (item={'name': 'munge'})
2026-03-18 01:30:36,862 p=98353 u=root n=ansible | ok: [slurm-wn2] => (item={'name': 'munge'})
2026-03-18 01:30:37,030 p=98353 u=root n=ansible | ok: [slurm-hn] => (item={'name': 'slurm'})
2026-03-18 01:30:37,340 p=98353 u=root n=ansible | ok: [slurm-wn1] => (item={'name': 'slurm'})
2026-03-18 01:30:37,356 p=98353 u=root n=ansible | ok: [slurm-wn2] => (item={'name': 'slurm'})
2026-03-18 01:30:37,368 p=98353 u=root n=ansible | TASK [common : Crear usuarios del sistema] ****************************************************************************************************************************************************
2026-03-18 01:30:37,994 p=98353 u=root n=ansible | ok: [slurm-hn] => (item={'name': 'munge', 'shell': '/usr/sbin/nologin', 'home': '/var/lib/munge'})
2026-03-18 01:30:38,124 p=98353 u=root n=ansible | ok: [slurm-wn1] => (item={'name': 'munge', 'shell': '/usr/sbin/nologin', 'home': '/var/lib/munge'})
2026-03-18 01:30:38,134 p=98353 u=root n=ansible | ok: [slurm-wn2] => (item={'name': 'munge', 'shell': '/usr/sbin/nologin', 'home': '/var/lib/munge'})
2026-03-18 01:30:38,375 p=98353 u=root n=ansible | ok: [slurm-hn] => (item={'name': 'slurm', 'shell': '/bin/bash', 'home': '/var/lib/slurm'})
2026-03-18 01:30:38,695 p=98353 u=root n=ansible | ok: [slurm-wn1] => (item={'name': 'slurm', 'shell': '/bin/bash', 'home': '/var/lib/slurm'})
2026-03-18 01:30:38,733 p=98353 u=root n=ansible | ok: [slurm-wn2] => (item={'name': 'slurm', 'shell': '/bin/bash', 'home': '/var/lib/slurm'})
2026-03-18 01:30:38,747 p=98353 u=root n=ansible | TASK [common : Actualizar cache de apt] *******************************************************************************************************************************************************
2026-03-18 01:30:39,619 p=98353 u=root n=ansible | ok: [slurm-hn]
2026-03-18 01:30:39,785 p=98353 u=root n=ansible | ok: [slurm-wn1]
2026-03-18 01:30:39,792 p=98353 u=root n=ansible | ok: [slurm-wn2]
2026-03-18 01:30:39,803 p=98353 u=root n=ansible | TASK [common : Extender la partición root para ocupar todo el disco] **************************************************************************************************************************
2026-03-18 01:30:40,379 p=98353 u=root n=ansible | fatal: [slurm-hn]: FAILED! => {"changed": false, "cmd": ["growpart", "/dev/vda", "2"], "delta": "0:00:00.101145", "end": "2026-03-18 01:30:40.333544", "msg": "non-zero return code", "rc": 1, "start": "2026-03-18 01:30:40.232399", "stderr": "", "stderr_lines": [], "stdout": "NOCHANGE: partition 2 is size 52424671. it cannot be grown", "stdout_lines": ["NOCHANGE: partition 2 is size 52424671. it cannot be grown"]}
2026-03-18 01:30:40,380 p=98353 u=root n=ansible | ...ignoring
2026-03-18 01:30:40,527 p=98353 u=root n=ansible | fatal: [slurm-wn1]: FAILED! => {"changed": false, "cmd": ["growpart", "/dev/vda", "2"], "delta": "0:00:00.105008", "end": "2026-03-18 01:30:40.456300", "msg": "non-zero return code", "rc": 1, "start": "2026-03-18 01:30:40.351292", "stderr": "", "stderr_lines": [], "stdout": "NOCHANGE: partition 2 is size 52424671. it cannot be grown", "stdout_lines": ["NOCHANGE: partition 2 is size 52424671. it cannot be grown"]}
2026-03-18 01:30:40,527 p=98353 u=root n=ansible | ...ignoring
2026-03-18 01:30:40,532 p=98353 u=root n=ansible | fatal: [slurm-wn2]: FAILED! => {"changed": false, "cmd": ["growpart", "/dev/vda", "2"], "delta": "0:00:00.102456", "end": "2026-03-18 01:30:40.461727", "msg": "non-zero return code", "rc": 1, "start": "2026-03-18 01:30:40.359271", "stderr": "", "stderr_lines": [], "stdout": "NOCHANGE: partition 2 is size 52424671. it cannot be grown", "stdout_lines": ["NOCHANGE: partition 2 is size 52424671. it cannot be grown"]}
2026-03-18 01:30:40,532 p=98353 u=root n=ansible | ...ignoring
2026-03-18 01:30:40,543 p=98353 u=root n=ansible | TASK [common : Redimensionar el sistema de archivos ext4] *************************************************************************************************************************************
2026-03-18 01:30:40,577 p=98353 u=root n=ansible | skipping: [slurm-hn]
2026-03-18 01:30:40,580 p=98353 u=root n=ansible | skipping: [slurm-wn1]
2026-03-18 01:30:40,595 p=98353 u=root n=ansible | skipping: [slurm-wn2]
2026-03-18 01:30:40,604 p=98353 u=root n=ansible | TASK [common : Instalar paquetes comunes] *****************************************************************************************************************************************************
2026-03-18 01:30:41,839 p=98353 u=root n=ansible | ok: [slurm-hn]
2026-03-18 01:30:41,992 p=98353 u=root n=ansible | ok: [slurm-wn2]
2026-03-18 01:30:41,998 p=98353 u=root n=ansible | ok: [slurm-wn1]
2026-03-18 01:30:42,011 p=98353 u=root n=ansible | TASK [common : Crear directorios de Munge] ****************************************************************************************************************************************************
2026-03-18 01:30:42,350 p=98353 u=root n=ansible | ok: [slurm-hn] => (item=/etc/munge)
2026-03-18 01:30:42,533 p=98353 u=root n=ansible | ok: [slurm-wn2] => (item=/etc/munge)
2026-03-18 01:30:42,555 p=98353 u=root n=ansible | ok: [slurm-wn1] => (item=/etc/munge)
2026-03-18 01:30:42,661 p=98353 u=root n=ansible | ok: [slurm-hn] => (item=/var/log/munge)
2026-03-18 01:30:42,964 p=98353 u=root n=ansible | ok: [slurm-hn] => (item=/var/lib/munge)
2026-03-18 01:30:43,033 p=98353 u=root n=ansible | ok: [slurm-wn2] => (item=/var/log/munge)
2026-03-18 01:30:43,064 p=98353 u=root n=ansible | ok: [slurm-wn1] => (item=/var/log/munge)
2026-03-18 01:30:43,547 p=98353 u=root n=ansible | ok: [slurm-wn2] => (item=/var/lib/munge)
2026-03-18 01:30:43,569 p=98353 u=root n=ansible | ok: [slurm-wn1] => (item=/var/lib/munge)
2026-03-18 01:30:43,583 p=98353 u=root n=ansible | TASK [common : Crear directorios de Slurm] ****************************************************************************************************************************************************
2026-03-18 01:30:43,914 p=98353 u=root n=ansible | ok: [slurm-hn] => (item=/var/log/slurm)
2026-03-18 01:30:44,122 p=98353 u=root n=ansible | ok: [slurm-wn1] => (item=/var/log/slurm)
2026-03-18 01:30:44,159 p=98353 u=root n=ansible | ok: [slurm-wn2] => (item=/var/log/slurm)
2026-03-18 01:30:44,225 p=98353 u=root n=ansible | ok: [slurm-hn] => (item=/var/lib/slurm)
2026-03-18 01:30:44,529 p=98353 u=root n=ansible | ok: [slurm-hn] => (item=/var/lib/slurm/slurmd)
2026-03-18 01:30:44,627 p=98353 u=root n=ansible | ok: [slurm-wn1] => (item=/var/lib/slurm)
2026-03-18 01:30:44,673 p=98353 u=root n=ansible | ok: [slurm-wn2] => (item=/var/lib/slurm)
2026-03-18 01:30:44,850 p=98353 u=root n=ansible | ok: [slurm-hn] => (item=/var/lib/slurm/slurmctld)
2026-03-18 01:30:45,138 p=98353 u=root n=ansible | ok: [slurm-wn1] => (item=/var/lib/slurm/slurmd)
2026-03-18 01:30:45,155 p=98353 u=root n=ansible | ok: [slurm-hn] => (item=/etc/slurm)
2026-03-18 01:30:45,187 p=98353 u=root n=ansible | ok: [slurm-wn2] => (item=/var/lib/slurm/slurmd)
2026-03-18 01:30:45,649 p=98353 u=root n=ansible | ok: [slurm-wn1] => (item=/var/lib/slurm/slurmctld)
2026-03-18 01:30:45,702 p=98353 u=root n=ansible | ok: [slurm-wn2] => (item=/var/lib/slurm/slurmctld)
2026-03-18 01:30:46,148 p=98353 u=root n=ansible | ok: [slurm-wn1] => (item=/etc/slurm)
2026-03-18 01:30:46,210 p=98353 u=root n=ansible | ok: [slurm-wn2] => (item=/etc/slurm)
2026-03-18 01:30:46,225 p=98353 u=root n=ansible | TASK [common : Distribuir archivo slurm.conf] *************************************************************************************************************************************************
2026-03-18 01:30:46,921 p=98353 u=root n=ansible | ok: [slurm-hn]
2026-03-18 01:30:47,217 p=98353 u=root n=ansible | ok: [slurm-wn1]
2026-03-18 01:30:47,246 p=98353 u=root n=ansible | ok: [slurm-wn2]
2026-03-18 01:30:47,261 p=98353 u=root n=ansible | TASK [common : Detener munge inicialmente] ****************************************************************************************************************************************************
2026-03-18 01:30:48,266 p=98353 u=root n=ansible | changed: [slurm-hn]
2026-03-18 01:30:48,363 p=98353 u=root n=ansible | ok: [slurm-wn2]
2026-03-18 01:30:48,407 p=98353 u=root n=ansible | ok: [slurm-wn1]
2026-03-18 01:30:48,460 p=98353 u=root n=ansible | TASK [firewall : Configurar reglas de NFTables] ***********************************************************************************************************************************************
2026-03-18 01:30:49,099 p=98353 u=root n=ansible | ok: [slurm-hn]
2026-03-18 01:30:49,439 p=98353 u=root n=ansible | ok: [slurm-wn1]
2026-03-18 01:30:49,471 p=98353 u=root n=ansible | ok: [slurm-wn2]
2026-03-18 01:30:49,484 p=98353 u=root n=ansible | TASK [firewall : Habilitar servicio NFTables] *************************************************************************************************************************************************
2026-03-18 01:30:50,083 p=98353 u=root n=ansible | ok: [slurm-hn]
2026-03-18 01:30:50,313 p=98353 u=root n=ansible | ok: [slurm-wn1]
2026-03-18 01:30:50,316 p=98353 u=root n=ansible | ok: [slurm-wn2]
2026-03-18 01:30:50,343 p=98353 u=root n=ansible | TASK [ldap : Configurar SSSD para LDAP] *******************************************************************************************************************************************************
2026-03-18 01:30:51,004 p=98353 u=root n=ansible | ok: [slurm-hn]
2026-03-18 01:30:51,251 p=98353 u=root n=ansible | ok: [slurm-wn2]
2026-03-18 01:30:51,316 p=98353 u=root n=ansible | ok: [slurm-wn1]
2026-03-18 01:30:51,328 p=98353 u=root n=ansible | TASK [ldap : Habilitar servicio SSSD] *********************************************************************************************************************************************************
2026-03-18 01:30:51,920 p=98353 u=root n=ansible | ok: [slurm-hn]
2026-03-18 01:30:52,144 p=98353 u=root n=ansible | ok: [slurm-wn2]
2026-03-18 01:30:52,147 p=98353 u=root n=ansible | ok: [slurm-wn1]
2026-03-18 01:30:52,200 p=98353 u=root n=ansible | TASK [Mensaje final de configuracion general] *************************************************************************************************************************************************
2026-03-18 01:30:52,236 p=98353 u=root n=ansible | ok: [slurm-hn] => {
    "msg": [
        "=========================================",
        "Configuracion General Completada",
        "========================================="
    ]
}
2026-03-18 01:30:52,239 p=98353 u=root n=ansible | ok: [slurm-wn1] => {
    "msg": [
        "=========================================",
        "Configuracion General Completada",
        "========================================="
    ]
}
2026-03-18 01:30:52,252 p=98353 u=root n=ansible | ok: [slurm-wn2] => {
    "msg": [
        "=========================================",
        "Configuracion General Completada",
        "========================================="
    ]
}
2026-03-18 01:30:52,289 p=98353 u=root n=ansible | PLAY [Configuraciones especificas del Headnode] ***********************************************************************************************************************************************
2026-03-18 01:30:52,311 p=98353 u=root n=ansible | TASK [Gathering Facts] ************************************************************************************************************************************************************************
2026-03-18 01:30:53,556 p=98353 u=root n=ansible | ok: [slurm-hn]
2026-03-18 01:30:53,578 p=98353 u=root n=ansible | TASK [munge : Configurar Munge en headnode] ***************************************************************************************************************************************************
2026-03-18 01:30:53,616 p=98353 u=root n=ansible | included: /root/ansible-cluster-slurm/roles/munge/tasks/headnode.yml for slurm-hn
2026-03-18 01:30:53,624 p=98353 u=root n=ansible | TASK [munge : Generar llave Munge] ************************************************************************************************************************************************************
2026-03-18 01:30:53,941 p=98353 u=root n=ansible | ok: [slurm-hn]
2026-03-18 01:30:53,951 p=98353 u=root n=ansible | TASK [munge : Asegurar permisos estrictos de llave Munge] *************************************************************************************************************************************
2026-03-18 01:30:54,286 p=98353 u=root n=ansible | ok: [slurm-hn]
2026-03-18 01:30:54,297 p=98353 u=root n=ansible | TASK [munge : Descargar llave Munge al controlador] *******************************************************************************************************************************************
2026-03-18 01:30:54,751 p=98353 u=root n=ansible | ok: [slurm-hn]
2026-03-18 01:30:54,765 p=98353 u=root n=ansible | TASK [munge : Crear directorio de backup] *****************************************************************************************************************************************************
2026-03-18 01:30:55,103 p=98353 u=root n=ansible | ok: [slurm-hn]
2026-03-18 01:30:55,113 p=98353 u=root n=ansible | TASK [munge : Backup de munge.key] ************************************************************************************************************************************************************
2026-03-18 01:30:55,602 p=98353 u=root n=ansible | ok: [slurm-hn]
2026-03-18 01:30:55,613 p=98353 u=root n=ansible | TASK [munge : Iniciar servicio Munge] *********************************************************************************************************************************************************
2026-03-18 01:30:56,245 p=98353 u=root n=ansible | changed: [slurm-hn]
2026-03-18 01:30:56,254 p=98353 u=root n=ansible | TASK [munge : Configurar Munge en workers] ****************************************************************************************************************************************************
2026-03-18 01:30:56,280 p=98353 u=root n=ansible | skipping: [slurm-hn]
2026-03-18 01:30:56,291 p=98353 u=root n=ansible | TASK [munge : Verificar que el socket de Munge esté disponible] *******************************************************************************************************************************
2026-03-18 01:30:56,762 p=98353 u=root n=ansible | ok: [slurm-hn]
2026-03-18 01:30:56,772 p=98353 u=root n=ansible | TASK [munge : Verificar que Munge responda correctamente] *************************************************************************************************************************************
2026-03-18 01:30:57,106 p=98353 u=root n=ansible | ok: [slurm-hn]
2026-03-18 01:30:57,125 p=98353 u=root n=ansible | TASK [chrony_server : Asegurar que Chrony use pools de Sudamérica] ****************************************************************************************************************************
2026-03-18 01:30:57,594 p=98353 u=root n=ansible | ok: [slurm-hn]
2026-03-18 01:30:57,605 p=98353 u=root n=ansible | TASK [chrony_server : Permitir sincronización a la red interna] *******************************************************************************************************************************
2026-03-18 01:30:57,933 p=98353 u=root n=ansible | ok: [slurm-hn]
2026-03-18 01:30:57,941 p=98353 u=root n=ansible | TASK [chrony_server : Forzar al Headnode a ser autoritativo (Local Stratum)] ******************************************************************************************************************
2026-03-18 01:30:58,269 p=98353 u=root n=ansible | ok: [slurm-hn]
2026-03-18 01:30:58,286 p=98353 u=root n=ansible | TASK [ldap_server : Instalar utilidades y paquetes OpenLDAP] **********************************************************************************************************************************
2026-03-18 01:30:59,458 p=98353 u=root n=ansible | ok: [slurm-hn]
2026-03-18 01:30:59,474 p=98353 u=root n=ansible | TASK [ldap_server : Detener slapd para configuración manual] **********************************************************************************************************************************
2026-03-18 01:31:00,109 p=98353 u=root n=ansible | changed: [slurm-hn]
2026-03-18 01:31:00,121 p=98353 u=root n=ansible | TASK [ldap_server : Limpiar directorios de LDAP] **********************************************************************************************************************************************
2026-03-18 01:31:00,450 p=98353 u=root n=ansible | changed: [slurm-hn]
2026-03-18 01:31:00,462 p=98353 u=root n=ansible | TASK [ldap_server : Configurar debconf para el dominio] ***************************************************************************************************************************************
2026-03-18 01:31:02,162 p=98353 u=root n=ansible | changed: [slurm-hn]
2026-03-18 01:31:02,172 p=98353 u=root n=ansible | TASK [ldap_server : Detener slapd de nuevo (dpkg lo inicia solo)] *****************************************************************************************************************************
2026-03-18 01:31:02,832 p=98353 u=root n=ansible | changed: [slurm-hn]
2026-03-18 01:31:02,844 p=98353 u=root n=ansible | TASK [ldap_server : Crear archivo LDIF de emergencia para estructura completa] ****************************************************************************************************************
2026-03-18 01:31:03,470 p=98353 u=root n=ansible | ok: [slurm-hn]
2026-03-18 01:31:03,479 p=98353 u=root n=ansible | TASK [ldap_server : Inyectar estructura directamente a la base de datos (Offline)] ************************************************************************************************************
2026-03-18 01:31:03,847 p=98353 u=root n=ansible | changed: [slurm-hn]
2026-03-18 01:31:03,856 p=98353 u=root n=ansible | TASK [ldap_server : Corregir permisos de la base de datos] ************************************************************************************************************************************
2026-03-18 01:31:04,169 p=98353 u=root n=ansible | ok: [slurm-hn] => (item=/var/lib/ldap)
2026-03-18 01:31:04,480 p=98353 u=root n=ansible | ok: [slurm-hn] => (item=/etc/ldap/slapd.d)
2026-03-18 01:31:04,494 p=98353 u=root n=ansible | TASK [ldap_server : Iniciar slapd definitivo] *************************************************************************************************************************************************
2026-03-18 01:31:05,186 p=98353 u=root n=ansible | changed: [slurm-hn]
2026-03-18 01:31:05,196 p=98353 u=root n=ansible | TASK [ldap_server : Asegurar Unidades Organizativas (Online)] *********************************************************************************************************************************
2026-03-18 01:31:05,770 p=98353 u=root n=ansible | ok: [slurm-hn] => (item={'dn': 'ou=People,dc=cluster,dc=local', 'objectClass': ['top', 'organizationalUnit']})
2026-03-18 01:31:06,158 p=98353 u=root n=ansible | ok: [slurm-hn] => (item={'dn': 'ou=Group,dc=cluster,dc=local', 'objectClass': ['top', 'organizationalUnit']})
2026-03-18 01:31:06,178 p=98353 u=root n=ansible | TASK [nfs_server : Instalar nfs-kernel-server] ************************************************************************************************************************************************
2026-03-18 01:31:07,390 p=98353 u=root n=ansible | ok: [slurm-hn]
2026-03-18 01:31:07,402 p=98353 u=root n=ansible | TASK [nfs_server : Crear directorios para exportar NFS] ***************************************************************************************************************************************
2026-03-18 01:31:07,741 p=98353 u=root n=ansible | ok: [slurm-hn] => (item=/home)
2026-03-18 01:31:08,042 p=98353 u=root n=ansible | ok: [slurm-hn] => (item=/nfs/general)
2026-03-18 01:31:08,358 p=98353 u=root n=ansible | ok: [slurm-hn] => (item=/nfs/privileged)
2026-03-18 01:31:08,373 p=98353 u=root n=ansible | TASK [nfs_server : Configurar exports NFS] ****************************************************************************************************************************************************
2026-03-18 01:31:09,000 p=98353 u=root n=ansible | ok: [slurm-hn]
2026-03-18 01:31:09,010 p=98353 u=root n=ansible | TASK [nfs_server : Aplicar configuración de exports] ******************************************************************************************************************************************
2026-03-18 01:31:09,327 p=98353 u=root n=ansible | changed: [slurm-hn]
2026-03-18 01:31:09,343 p=98353 u=root n=ansible | TASK [mariadb : Instalar mariadb y dependencias] **********************************************************************************************************************************************
2026-03-18 01:31:10,506 p=98353 u=root n=ansible | ok: [slurm-hn]
2026-03-18 01:31:10,518 p=98353 u=root n=ansible | TASK [mariadb : Iniciar servicio MariaDB] *****************************************************************************************************************************************************
2026-03-18 01:31:11,108 p=98353 u=root n=ansible | ok: [slurm-hn]
2026-03-18 01:31:11,118 p=98353 u=root n=ansible | TASK [mariadb : Crear BD para Slurm Accounting] ***********************************************************************************************************************************************
2026-03-18 01:31:11,674 p=98353 u=root n=ansible | ok: [slurm-hn]
2026-03-18 01:31:11,685 p=98353 u=root n=ansible | TASK [mariadb : Crear Usuario de Base de Datos y dar permisos] ********************************************************************************************************************************
2026-03-18 01:31:12,255 p=98353 u=root n=ansible | [WARNING]: Option column_case_sensitive is not provided. The default is now false, so the column's name will be uppercased. The default will be changed to true in community.mysql 4.0.0.

2026-03-18 01:31:12,255 p=98353 u=root n=ansible | ok: [slurm-hn]
2026-03-18 01:31:12,264 p=98353 u=root n=ansible | TASK [mariadb : Optimizar MariaDB para Slurm Accounting] **************************************************************************************************************************************
2026-03-18 01:31:12,607 p=98353 u=root n=ansible | ok: [slurm-hn] => (item={'regexp': '^innodb_buffer_pool_size', 'line': 'innodb_buffer_pool_size = 1G'})
2026-03-18 01:31:12,898 p=98353 u=root n=ansible | ok: [slurm-hn] => (item={'regexp': '^innodb_log_file_size', 'line': 'innodb_log_file_size = 64M'})
2026-03-18 01:31:13,204 p=98353 u=root n=ansible | ok: [slurm-hn] => (item={'regexp': '^innodb_lock_wait_timeout', 'line': 'innodb_lock_wait_timeout = 900'})
2026-03-18 01:31:13,508 p=98353 u=root n=ansible | ok: [slurm-hn] => (item={'regexp': '^innodb_flush_log_at_trx_commit', 'line': 'innodb_flush_log_at_trx_commit = 2'})
2026-03-18 01:31:13,524 p=98353 u=root n=ansible | TASK [slurmdbd : Instalar slurmdbd] ***********************************************************************************************************************************************************
2026-03-18 01:31:14,686 p=98353 u=root n=ansible | ok: [slurm-hn]
2026-03-18 01:31:14,694 p=98353 u=root n=ansible | TASK [slurmdbd : Asegurar directorio de logs con permisos correctos] **************************************************************************************************************************
2026-03-18 01:31:15,029 p=98353 u=root n=ansible | ok: [slurm-hn]
2026-03-18 01:31:15,039 p=98353 u=root n=ansible | TASK [slurmdbd : Crear archivo de log si no existe] *******************************************************************************************************************************************
2026-03-18 01:31:15,340 p=98353 u=root n=ansible | changed: [slurm-hn]
2026-03-18 01:31:15,357 p=98353 u=root n=ansible | TASK [slurmdbd : Configurar archivo slurmdbd.conf] ********************************************************************************************************************************************
2026-03-18 01:31:16,004 p=98353 u=root n=ansible | ok: [slurm-hn]
2026-03-18 01:31:16,016 p=98353 u=root n=ansible | TASK [slurmdbd : Iniciar servicio SlurmDBD] ***************************************************************************************************************************************************
2026-03-18 01:31:16,614 p=98353 u=root n=ansible | ok: [slurm-hn]
2026-03-18 01:31:16,630 p=98353 u=root n=ansible | TASK [slurmctld : Esperar a que SlurmDBD responda] ********************************************************************************************************************************************
2026-03-18 01:31:21,969 p=98353 u=root n=ansible | ok: [slurm-hn]
2026-03-18 01:31:21,978 p=98353 u=root n=ansible | TASK [slurmctld : Iniciar Slurm Controller (slurmctld)] ***************************************************************************************************************************************
2026-03-18 01:31:22,578 p=98353 u=root n=ansible | ok: [slurm-hn]
2026-03-18 01:31:22,596 p=98353 u=root n=ansible | TASK [slurm_accounting : Registrar Cluster en Accounting] *************************************************************************************************************************************
2026-03-18 01:31:23,118 p=98353 u=root n=ansible | ok: [slurm-hn]
2026-03-18 01:31:23,128 p=98353 u=root n=ansible | TASK [slurm_accounting : Crear cuentas base de usuarios] **************************************************************************************************************************************
2026-03-18 01:31:23,646 p=98353 u=root n=ansible | ok: [slurm-hn] => (item=researchers)
2026-03-18 01:31:24,122 p=98353 u=root n=ansible | ok: [slurm-hn] => (item=students)
2026-03-18 01:31:24,133 p=98353 u=root n=ansible | TASK [slurm_accounting : Vincular usuarios LDAP a cuentas de Slurm (Ejemplo)] *****************************************************************************************************************
2026-03-18 01:31:24,662 p=98353 u=root n=ansible | ok: [slurm-hn] => (item={'user': 'admin', 'acct': 'researchers'})
2026-03-18 01:31:24,681 p=98353 u=root n=ansible | TASK [monitoring : Instalar Docker y dependencias de Python para Docker] **********************************************************************************************************************
2026-03-18 01:31:25,861 p=98353 u=root n=ansible | ok: [slurm-hn]
2026-03-18 01:31:25,872 p=98353 u=root n=ansible | TASK [monitoring : Crear estructura de directorios] *******************************************************************************************************************************************
2026-03-18 01:31:26,216 p=98353 u=root n=ansible | ok: [slurm-hn] => (item=/etc/grafana/provisioning/datasources)
2026-03-18 01:31:26,522 p=98353 u=root n=ansible | ok: [slurm-hn] => (item=/etc/grafana/provisioning/dashboards)
2026-03-18 01:31:26,808 p=98353 u=root n=ansible | ok: [slurm-hn] => (item=/etc/grafana/dashboards_json)
2026-03-18 01:31:27,125 p=98353 u=root n=ansible | ok: [slurm-hn] => (item=/etc/prometheus)
2026-03-18 01:31:27,142 p=98353 u=root n=ansible | TASK [monitoring : Provisionar archivos de configuración] *************************************************************************************************************************************
2026-03-18 01:31:27,796 p=98353 u=root n=ansible | ok: [slurm-hn] => (item={'src': 'grafana_datasource.yml.j2', 'dest': '/etc/grafana/provisioning/datasources/prometheus.yml'})
2026-03-18 01:31:28,410 p=98353 u=root n=ansible | ok: [slurm-hn] => (item={'src': 'grafana_dashboards.yml.j2', 'dest': '/etc/grafana/provisioning/dashboards/main.yaml'})
2026-03-18 01:31:28,992 p=98353 u=root n=ansible | ok: [slurm-hn] => (item={'src': 'prometheus.yml.j2', 'dest': '/etc/prometheus/prometheus.yml'})
2026-03-18 01:31:29,006 p=98353 u=root n=ansible | TASK [monitoring : Descargar Dashboard Node Exporter Full (ID 1860)] **************************************************************************************************************************
2026-03-18 01:31:31,065 p=98353 u=root n=ansible | ok: [slurm-hn]
2026-03-18 01:31:31,075 p=98353 u=root n=ansible | TASK [monitoring : Corregir el Data Source en el JSON del Dashboard] **************************************************************************************************************************
2026-03-18 01:31:31,537 p=98353 u=root n=ansible | ok: [slurm-hn]
2026-03-18 01:31:31,548 p=98353 u=root n=ansible | TASK [monitoring : Desplegar Contenedor Prometheus] *******************************************************************************************************************************************
2026-03-18 01:31:32,635 p=98353 u=root n=ansible | ok: [slurm-hn]
2026-03-18 01:31:32,647 p=98353 u=root n=ansible | TASK [monitoring : Desplegar Contenedor Grafana] **********************************************************************************************************************************************
2026-03-18 01:31:33,429 p=98353 u=root n=ansible | ok: [slurm-hn]
2026-03-18 01:31:33,444 p=98353 u=root n=ansible | TASK [Configurar SSH keys en headnode] ********************************************************************************************************************************************************
2026-03-18 01:31:33,488 p=98353 u=root n=ansible | TASK [ssh_keys : Generar par de llaves ssh RSA para root] *************************************************************************************************************************************
2026-03-18 01:31:33,910 p=98353 u=root n=ansible | ok: [slurm-hn]
2026-03-18 01:31:33,921 p=98353 u=root n=ansible | TASK [ssh_keys : Descargar llave publica SSH de root] *****************************************************************************************************************************************
2026-03-18 01:31:34,239 p=98353 u=root n=ansible | ok: [slurm-hn]
2026-03-18 01:31:34,269 p=98353 u=root n=ansible | TASK [Mensaje final de configuracion del headnode] ********************************************************************************************************************************************
2026-03-18 01:31:34,293 p=98353 u=root n=ansible | ok: [slurm-hn] => {
    "msg": [
        "=========================================",
        "Configuracion del Headnode Completada",
        "========================================="
    ]
}
2026-03-18 01:31:34,313 p=98353 u=root n=ansible | PLAY [Configuraciones especificas de los workers] *********************************************************************************************************************************************
2026-03-18 01:31:34,326 p=98353 u=root n=ansible | TASK [Gathering Facts] ************************************************************************************************************************************************************************
2026-03-18 01:31:35,727 p=98353 u=root n=ansible | ok: [slurm-wn1]
2026-03-18 01:31:35,739 p=98353 u=root n=ansible | ok: [slurm-wn2]
2026-03-18 01:31:35,769 p=98353 u=root n=ansible | TASK [munge : Configurar Munge en headnode] ***************************************************************************************************************************************************
2026-03-18 01:31:35,798 p=98353 u=root n=ansible | skipping: [slurm-wn1]
2026-03-18 01:31:35,809 p=98353 u=root n=ansible | skipping: [slurm-wn2]
2026-03-18 01:31:35,819 p=98353 u=root n=ansible | TASK [munge : Configurar Munge en workers] ****************************************************************************************************************************************************
2026-03-18 01:31:35,876 p=98353 u=root n=ansible | included: /root/ansible-cluster-slurm/roles/munge/tasks/workers.yml for slurm-wn1, slurm-wn2
2026-03-18 01:31:35,884 p=98353 u=root n=ansible | TASK [munge : Distribuir llave Munge desde el controlador] ************************************************************************************************************************************
2026-03-18 01:31:36,810 p=98353 u=root n=ansible | ok: [slurm-wn1]
2026-03-18 01:31:36,853 p=98353 u=root n=ansible | ok: [slurm-wn2]
2026-03-18 01:31:36,864 p=98353 u=root n=ansible | TASK [munge : Iniciar servicio Munge en workers] **********************************************************************************************************************************************
2026-03-18 01:31:37,721 p=98353 u=root n=ansible | changed: [slurm-wn1]
2026-03-18 01:31:37,731 p=98353 u=root n=ansible | changed: [slurm-wn2]
2026-03-18 01:31:37,739 p=98353 u=root n=ansible | TASK [munge : Verificar que el socket de Munge esté disponible] *******************************************************************************************************************************
2026-03-18 01:31:38,278 p=98353 u=root n=ansible | ok: [slurm-wn1]
2026-03-18 01:31:38,294 p=98353 u=root n=ansible | ok: [slurm-wn2]
2026-03-18 01:31:38,304 p=98353 u=root n=ansible | TASK [munge : Verificar que Munge responda correctamente] *************************************************************************************************************************************
2026-03-18 01:31:38,843 p=98353 u=root n=ansible | ok: [slurm-wn1]
2026-03-18 01:31:38,890 p=98353 u=root n=ansible | ok: [slurm-wn2]
2026-03-18 01:31:38,944 p=98353 u=root n=ansible | TASK [chrony_client : Configurar Chrony como cliente del Headnode] ****************************************************************************************************************************
2026-03-18 01:31:39,907 p=98353 u=root n=ansible | ok: [slurm-wn2]
2026-03-18 01:31:39,908 p=98353 u=root n=ansible | ok: [slurm-wn1]
2026-03-18 01:31:39,927 p=98353 u=root n=ansible | TASK [ldap_client : Instalar paquetes necesarios para SSSD y LDAP] ****************************************************************************************************************************
2026-03-18 01:31:49,010 p=98353 u=root n=ansible | changed: [slurm-wn2]
2026-03-18 01:31:49,820 p=98353 u=root n=ansible | changed: [slurm-wn1]
2026-03-18 01:31:49,831 p=98353 u=root n=ansible | TASK [ldap_client : Configurar SSSD desde el template] ****************************************************************************************************************************************
2026-03-18 01:31:50,921 p=98353 u=root n=ansible | ERROR! The requested handler 'Reiniciar sssd' was not found in either the main handlers list nor in the listening handlers list
2026-03-18 01:53:20,003 p=102714 u=root n=ansible | PLAY [Instalar SSHPASS para la conexion ssh de headnode a workers] ****************************************************************************************************************************
2026-03-18 01:53:20,015 p=102714 u=root n=ansible | TASK [Gathering Facts] ************************************************************************************************************************************************************************
2026-03-18 01:53:21,668 p=102714 u=root n=ansible | ok: [slurm-hn]
2026-03-18 01:53:21,685 p=102714 u=root n=ansible | TASK [initial_setup : Actualizar cache de apt] ************************************************************************************************************************************************
2026-03-18 01:53:22,764 p=102714 u=root n=ansible | ok: [slurm-hn]
2026-03-18 01:53:22,774 p=102714 u=root n=ansible | TASK [initial_setup : Instalar sshpass] *******************************************************************************************************************************************************
2026-03-18 01:53:23,987 p=102714 u=root n=ansible | ok: [slurm-hn]
2026-03-18 01:53:23,997 p=102714 u=root n=ansible | TASK [initial_setup : Instalar rng-tools] *****************************************************************************************************************************************************
2026-03-18 01:53:25,215 p=102714 u=root n=ansible | ok: [slurm-hn]
2026-03-18 01:53:25,245 p=102714 u=root n=ansible | TASK [Mensaje final de configuracion general] *************************************************************************************************************************************************
2026-03-18 01:53:25,272 p=102714 u=root n=ansible | ok: [slurm-hn] => {
    "msg": [
        "=========================================",
        " Configuracion Inicial Completada",
        "========================================="
    ]
}
2026-03-18 01:53:25,292 p=102714 u=root n=ansible | PLAY [Configuracion General de todo el cluster] ***********************************************************************************************************************************************
2026-03-18 01:53:25,305 p=102714 u=root n=ansible | TASK [Gathering Facts] ************************************************************************************************************************************************************************
2026-03-18 01:53:26,558 p=102714 u=root n=ansible | ok: [slurm-hn]
2026-03-18 01:53:27,749 p=102714 u=root n=ansible | ok: [slurm-wn1]
2026-03-18 01:53:27,806 p=102714 u=root n=ansible | ok: [slurm-wn2]
2026-03-18 01:53:27,843 p=102714 u=root n=ansible | TASK [common : Configurar hostname del nodo] **************************************************************************************************************************************************
2026-03-18 01:53:28,965 p=102714 u=root n=ansible | ok: [slurm-hn]
2026-03-18 01:53:29,103 p=102714 u=root n=ansible | ok: [slurm-wn1]
2026-03-18 01:53:29,123 p=102714 u=root n=ansible | ok: [slurm-wn2]
2026-03-18 01:53:29,135 p=102714 u=root n=ansible | TASK [common : Configurar archivo '/etc/hosts'] ***********************************************************************************************************************************************
2026-03-18 01:53:30,146 p=102714 u=root n=ansible | ok: [slurm-hn]
2026-03-18 01:53:30,258 p=102714 u=root n=ansible | ok: [slurm-wn1]
2026-03-18 01:53:30,300 p=102714 u=root n=ansible | ok: [slurm-wn2]
2026-03-18 01:53:30,310 p=102714 u=root n=ansible | TASK [common : Crear grupos del sistema] ******************************************************************************************************************************************************
2026-03-18 01:53:30,800 p=102714 u=root n=ansible | ok: [slurm-hn] => (item={'name': 'munge'})
2026-03-18 01:53:30,953 p=102714 u=root n=ansible | ok: [slurm-wn1] => (item={'name': 'munge'})
2026-03-18 01:53:30,979 p=102714 u=root n=ansible | ok: [slurm-wn2] => (item={'name': 'munge'})
2026-03-18 01:53:31,119 p=102714 u=root n=ansible | ok: [slurm-hn] => (item={'name': 'slurm'})
2026-03-18 01:53:31,477 p=102714 u=root n=ansible | ok: [slurm-wn1] => (item={'name': 'slurm'})
2026-03-18 01:53:31,493 p=102714 u=root n=ansible | ok: [slurm-wn2] => (item={'name': 'slurm'})
2026-03-18 01:53:31,505 p=102714 u=root n=ansible | TASK [common : Crear usuarios del sistema] ****************************************************************************************************************************************************
2026-03-18 01:53:32,108 p=102714 u=root n=ansible | ok: [slurm-hn] => (item={'name': 'munge', 'shell': '/usr/sbin/nologin', 'home': '/var/lib/munge'})
2026-03-18 01:53:32,271 p=102714 u=root n=ansible | ok: [slurm-wn1] => (item={'name': 'munge', 'shell': '/usr/sbin/nologin', 'home': '/var/lib/munge'})
2026-03-18 01:53:32,282 p=102714 u=root n=ansible | ok: [slurm-wn2] => (item={'name': 'munge', 'shell': '/usr/sbin/nologin', 'home': '/var/lib/munge'})
2026-03-18 01:53:32,493 p=102714 u=root n=ansible | ok: [slurm-hn] => (item={'name': 'slurm', 'shell': '/bin/bash', 'home': '/var/lib/slurm'})
2026-03-18 01:53:32,833 p=102714 u=root n=ansible | ok: [slurm-wn1] => (item={'name': 'slurm', 'shell': '/bin/bash', 'home': '/var/lib/slurm'})
2026-03-18 01:53:32,885 p=102714 u=root n=ansible | ok: [slurm-wn2] => (item={'name': 'slurm', 'shell': '/bin/bash', 'home': '/var/lib/slurm'})
2026-03-18 01:53:32,896 p=102714 u=root n=ansible | TASK [common : Actualizar cache de apt] *******************************************************************************************************************************************************
2026-03-18 01:53:33,785 p=102714 u=root n=ansible | ok: [slurm-hn]
2026-03-18 01:53:33,938 p=102714 u=root n=ansible | ok: [slurm-wn1]
2026-03-18 01:53:33,972 p=102714 u=root n=ansible | ok: [slurm-wn2]
2026-03-18 01:53:33,984 p=102714 u=root n=ansible | TASK [common : Extender la partición root para ocupar todo el disco] **************************************************************************************************************************
2026-03-18 01:53:34,557 p=102714 u=root n=ansible | fatal: [slurm-hn]: FAILED! => {"changed": false, "cmd": ["growpart", "/dev/vda", "2"], "delta": "0:00:00.115789", "end": "2026-03-18 01:53:34.512181", "msg": "non-zero return code", "rc": 1, "start": "2026-03-18 01:53:34.396392", "stderr": "", "stderr_lines": [], "stdout": "NOCHANGE: partition 2 is size 52424671. it cannot be grown", "stdout_lines": ["NOCHANGE: partition 2 is size 52424671. it cannot be grown"]}
2026-03-18 01:53:34,558 p=102714 u=root n=ansible | ...ignoring
2026-03-18 01:53:34,671 p=102714 u=root n=ansible | fatal: [slurm-wn1]: FAILED! => {"changed": false, "cmd": ["growpart", "/dev/vda", "2"], "delta": "0:00:00.112885", "end": "2026-03-18 01:53:34.595843", "msg": "non-zero return code", "rc": 1, "start": "2026-03-18 01:53:34.482958", "stderr": "", "stderr_lines": [], "stdout": "NOCHANGE: partition 2 is size 52424671. it cannot be grown", "stdout_lines": ["NOCHANGE: partition 2 is size 52424671. it cannot be grown"]}
2026-03-18 01:53:34,671 p=102714 u=root n=ansible | ...ignoring
2026-03-18 01:53:34,720 p=102714 u=root n=ansible | fatal: [slurm-wn2]: FAILED! => {"changed": false, "cmd": ["growpart", "/dev/vda", "2"], "delta": "0:00:00.117908", "end": "2026-03-18 01:53:34.648327", "msg": "non-zero return code", "rc": 1, "start": "2026-03-18 01:53:34.530419", "stderr": "", "stderr_lines": [], "stdout": "NOCHANGE: partition 2 is size 52424671. it cannot be grown", "stdout_lines": ["NOCHANGE: partition 2 is size 52424671. it cannot be grown"]}
2026-03-18 01:53:34,721 p=102714 u=root n=ansible | ...ignoring
2026-03-18 01:53:34,729 p=102714 u=root n=ansible | TASK [common : Redimensionar el sistema de archivos ext4] *************************************************************************************************************************************
2026-03-18 01:53:34,766 p=102714 u=root n=ansible | skipping: [slurm-hn]
2026-03-18 01:53:34,771 p=102714 u=root n=ansible | skipping: [slurm-wn1]
2026-03-18 01:53:34,780 p=102714 u=root n=ansible | skipping: [slurm-wn2]
2026-03-18 01:53:34,790 p=102714 u=root n=ansible | TASK [common : Instalar paquetes comunes] *****************************************************************************************************************************************************
2026-03-18 01:53:36,016 p=102714 u=root n=ansible | ok: [slurm-hn]
2026-03-18 01:53:36,278 p=102714 u=root n=ansible | ok: [slurm-wn2]
2026-03-18 01:53:36,298 p=102714 u=root n=ansible | ok: [slurm-wn1]
2026-03-18 01:53:36,312 p=102714 u=root n=ansible | TASK [common : Crear directorios de Munge] ****************************************************************************************************************************************************
2026-03-18 01:53:36,659 p=102714 u=root n=ansible | ok: [slurm-hn] => (item=/etc/munge)
2026-03-18 01:53:36,863 p=102714 u=root n=ansible | ok: [slurm-wn1] => (item=/etc/munge)
2026-03-18 01:53:36,897 p=102714 u=root n=ansible | ok: [slurm-wn2] => (item=/etc/munge)
2026-03-18 01:53:36,980 p=102714 u=root n=ansible | ok: [slurm-hn] => (item=/var/log/munge)
2026-03-18 01:53:37,310 p=102714 u=root n=ansible | ok: [slurm-hn] => (item=/var/lib/munge)
2026-03-18 01:53:37,371 p=102714 u=root n=ansible | ok: [slurm-wn1] => (item=/var/log/munge)
2026-03-18 01:53:37,383 p=102714 u=root n=ansible | ok: [slurm-wn2] => (item=/var/log/munge)
2026-03-18 01:53:37,882 p=102714 u=root n=ansible | ok: [slurm-wn1] => (item=/var/lib/munge)
2026-03-18 01:53:37,914 p=102714 u=root n=ansible | ok: [slurm-wn2] => (item=/var/lib/munge)
2026-03-18 01:53:37,929 p=102714 u=root n=ansible | TASK [common : Crear directorios de Slurm] ****************************************************************************************************************************************************
2026-03-18 01:53:38,287 p=102714 u=root n=ansible | ok: [slurm-hn] => (item=/var/log/slurm)
2026-03-18 01:53:38,499 p=102714 u=root n=ansible | ok: [slurm-wn1] => (item=/var/log/slurm)
2026-03-18 01:53:38,520 p=102714 u=root n=ansible | ok: [slurm-wn2] => (item=/var/log/slurm)
2026-03-18 01:53:38,631 p=102714 u=root n=ansible | ok: [slurm-hn] => (item=/var/lib/slurm)
2026-03-18 01:53:38,947 p=102714 u=root n=ansible | ok: [slurm-hn] => (item=/var/lib/slurm/slurmd)
2026-03-18 01:53:39,009 p=102714 u=root n=ansible | ok: [slurm-wn1] => (item=/var/lib/slurm)
2026-03-18 01:53:39,060 p=102714 u=root n=ansible | ok: [slurm-wn2] => (item=/var/lib/slurm)
2026-03-18 01:53:39,280 p=102714 u=root n=ansible | ok: [slurm-hn] => (item=/var/lib/slurm/slurmctld)
2026-03-18 01:53:39,516 p=102714 u=root n=ansible | ok: [slurm-wn1] => (item=/var/lib/slurm/slurmd)
2026-03-18 01:53:39,586 p=102714 u=root n=ansible | ok: [slurm-wn2] => (item=/var/lib/slurm/slurmd)
2026-03-18 01:53:39,632 p=102714 u=root n=ansible | ok: [slurm-hn] => (item=/etc/slurm)
2026-03-18 01:53:40,025 p=102714 u=root n=ansible | ok: [slurm-wn1] => (item=/var/lib/slurm/slurmctld)
2026-03-18 01:53:40,117 p=102714 u=root n=ansible | ok: [slurm-wn2] => (item=/var/lib/slurm/slurmctld)
2026-03-18 01:53:40,548 p=102714 u=root n=ansible | ok: [slurm-wn1] => (item=/etc/slurm)
2026-03-18 01:53:40,641 p=102714 u=root n=ansible | ok: [slurm-wn2] => (item=/etc/slurm)
2026-03-18 01:53:40,656 p=102714 u=root n=ansible | TASK [common : Distribuir archivo slurm.conf] *************************************************************************************************************************************************
2026-03-18 01:53:41,317 p=102714 u=root n=ansible | ok: [slurm-hn]
2026-03-18 01:53:41,667 p=102714 u=root n=ansible | ok: [slurm-wn1]
2026-03-18 01:53:41,734 p=102714 u=root n=ansible | ok: [slurm-wn2]
2026-03-18 01:53:41,747 p=102714 u=root n=ansible | TASK [common : Detener munge inicialmente] ****************************************************************************************************************************************************
2026-03-18 01:53:42,747 p=102714 u=root n=ansible | changed: [slurm-hn]
2026-03-18 01:53:42,895 p=102714 u=root n=ansible | changed: [slurm-wn1]
2026-03-18 01:53:42,948 p=102714 u=root n=ansible | changed: [slurm-wn2]
2026-03-18 01:53:43,006 p=102714 u=root n=ansible | TASK [firewall : Configurar reglas de NFTables] ***********************************************************************************************************************************************
2026-03-18 01:53:43,642 p=102714 u=root n=ansible | ok: [slurm-hn]
2026-03-18 01:53:44,005 p=102714 u=root n=ansible | ok: [slurm-wn2]
2026-03-18 01:53:44,015 p=102714 u=root n=ansible | ok: [slurm-wn1]
2026-03-18 01:53:44,027 p=102714 u=root n=ansible | TASK [firewall : Habilitar servicio NFTables] *************************************************************************************************************************************************
2026-03-18 01:53:44,622 p=102714 u=root n=ansible | ok: [slurm-hn]
2026-03-18 01:53:44,842 p=102714 u=root n=ansible | ok: [slurm-wn1]
2026-03-18 01:53:44,885 p=102714 u=root n=ansible | ok: [slurm-wn2]
2026-03-18 01:53:44,909 p=102714 u=root n=ansible | TASK [ldap : Configurar SSSD para LDAP] *******************************************************************************************************************************************************
2026-03-18 01:53:45,614 p=102714 u=root n=ansible | ok: [slurm-hn]
2026-03-18 01:53:46,141 p=102714 u=root n=ansible | changed: [slurm-wn1]
2026-03-18 01:53:46,152 p=102714 u=root n=ansible | changed: [slurm-wn2]
2026-03-18 01:53:46,164 p=102714 u=root n=ansible | TASK [ldap : Habilitar servicio SSSD] *********************************************************************************************************************************************************
2026-03-18 01:53:46,767 p=102714 u=root n=ansible | ok: [slurm-hn]
2026-03-18 01:53:47,003 p=102714 u=root n=ansible | ok: [slurm-wn1]
2026-03-18 01:53:47,019 p=102714 u=root n=ansible | ok: [slurm-wn2]
2026-03-18 01:53:47,074 p=102714 u=root n=ansible | TASK [Mensaje final de configuracion general] *************************************************************************************************************************************************
2026-03-18 01:53:47,120 p=102714 u=root n=ansible | ok: [slurm-hn] => {
    "msg": [
        "=========================================",
        "Configuracion General Completada",
        "========================================="
    ]
}
2026-03-18 01:53:48,114 p=102714 u=root n=ansible | TASK [Mensaje final de configuracion general] *************************************************************************************************************************************************
2026-03-18 01:53:48,115 p=102714 u=root n=ansible | changed: [slurm-wn1]
2026-03-18 01:53:48,126 p=102714 u=root n=ansible | changed: [slurm-wn2]
2026-03-18 01:53:48,142 p=102714 u=root n=ansible | TASK [Mensaje final de configuracion general] *************************************************************************************************************************************************
2026-03-18 01:53:48,171 p=102714 u=root n=ansible | ok: [slurm-wn1] => {
    "msg": [
        "=========================================",
        "Configuracion General Completada",
        "========================================="
    ]
}
2026-03-18 01:53:48,185 p=102714 u=root n=ansible | ok: [slurm-wn2] => {
    "msg": [
        "=========================================",
        "Configuracion General Completada",
        "========================================="
    ]
}
2026-03-18 01:53:48,225 p=102714 u=root n=ansible | PLAY [Configuraciones especificas del Headnode] ***********************************************************************************************************************************************
2026-03-18 01:53:48,249 p=102714 u=root n=ansible | TASK [Gathering Facts] ************************************************************************************************************************************************************************
2026-03-18 01:53:49,548 p=102714 u=root n=ansible | ok: [slurm-hn]
2026-03-18 01:53:49,566 p=102714 u=root n=ansible | TASK [munge : Configurar Munge en headnode] ***************************************************************************************************************************************************
2026-03-18 01:53:49,613 p=102714 u=root n=ansible | included: /root/ansible-cluster-slurm/roles/munge/tasks/headnode.yml for slurm-hn
2026-03-18 01:53:49,623 p=102714 u=root n=ansible | TASK [munge : Generar llave Munge] ************************************************************************************************************************************************************
2026-03-18 01:53:49,965 p=102714 u=root n=ansible | ok: [slurm-hn]
2026-03-18 01:53:49,976 p=102714 u=root n=ansible | TASK [munge : Asegurar permisos estrictos de llave Munge] *************************************************************************************************************************************
2026-03-18 01:53:50,321 p=102714 u=root n=ansible | ok: [slurm-hn]
2026-03-18 01:53:50,334 p=102714 u=root n=ansible | TASK [munge : Descargar llave Munge al controlador] *******************************************************************************************************************************************
2026-03-18 01:53:50,815 p=102714 u=root n=ansible | ok: [slurm-hn]
2026-03-18 01:53:50,827 p=102714 u=root n=ansible | TASK [munge : Crear directorio de backup] *****************************************************************************************************************************************************
2026-03-18 01:53:51,177 p=102714 u=root n=ansible | ok: [slurm-hn]
2026-03-18 01:53:51,190 p=102714 u=root n=ansible | TASK [munge : Backup de munge.key] ************************************************************************************************************************************************************
2026-03-18 01:53:51,522 p=102714 u=root n=ansible | ok: [slurm-hn]
2026-03-18 01:53:51,532 p=102714 u=root n=ansible | TASK [munge : Iniciar servicio Munge] *********************************************************************************************************************************************************
2026-03-18 01:53:52,164 p=102714 u=root n=ansible | changed: [slurm-hn]
2026-03-18 01:53:52,174 p=102714 u=root n=ansible | TASK [munge : Configurar Munge en workers] ****************************************************************************************************************************************************
2026-03-18 01:53:52,198 p=102714 u=root n=ansible | skipping: [slurm-hn]
2026-03-18 01:53:52,209 p=102714 u=root n=ansible | TASK [munge : Verificar que el socket de Munge esté disponible] *******************************************************************************************************************************
2026-03-18 01:53:52,708 p=102714 u=root n=ansible | ok: [slurm-hn]
2026-03-18 01:53:52,718 p=102714 u=root n=ansible | TASK [munge : Verificar que Munge responda correctamente] *************************************************************************************************************************************
2026-03-18 01:53:53,067 p=102714 u=root n=ansible | ok: [slurm-hn]
2026-03-18 01:53:53,085 p=102714 u=root n=ansible | TASK [chrony_server : Asegurar que Chrony use pools de Sudamérica] ****************************************************************************************************************************
2026-03-18 01:53:53,563 p=102714 u=root n=ansible | ok: [slurm-hn]
2026-03-18 01:53:53,575 p=102714 u=root n=ansible | TASK [chrony_server : Permitir sincronización a la red interna] *******************************************************************************************************************************
2026-03-18 01:53:53,919 p=102714 u=root n=ansible | ok: [slurm-hn]
2026-03-18 01:53:53,934 p=102714 u=root n=ansible | TASK [chrony_server : Forzar al Headnode a ser autoritativo (Local Stratum)] ******************************************************************************************************************
2026-03-18 01:53:54,277 p=102714 u=root n=ansible | ok: [slurm-hn]
2026-03-18 01:53:54,294 p=102714 u=root n=ansible | TASK [ldap_server : Instalar utilidades y paquetes OpenLDAP] **********************************************************************************************************************************
2026-03-18 01:53:55,540 p=102714 u=root n=ansible | ok: [slurm-hn]
2026-03-18 01:53:55,549 p=102714 u=root n=ansible | TASK [ldap_server : Detener slapd para configuración manual] **********************************************************************************************************************************
2026-03-18 01:53:56,204 p=102714 u=root n=ansible | changed: [slurm-hn]
2026-03-18 01:53:56,216 p=102714 u=root n=ansible | TASK [ldap_server : Limpiar directorios de LDAP] **********************************************************************************************************************************************
2026-03-18 01:53:56,560 p=102714 u=root n=ansible | changed: [slurm-hn]
2026-03-18 01:53:56,572 p=102714 u=root n=ansible | TASK [ldap_server : Configurar debconf para el dominio] ***************************************************************************************************************************************
2026-03-18 01:53:58,345 p=102714 u=root n=ansible | changed: [slurm-hn]
2026-03-18 01:53:58,357 p=102714 u=root n=ansible | TASK [ldap_server : Detener slapd de nuevo (dpkg lo inicia solo)] *****************************************************************************************************************************
2026-03-18 01:53:59,012 p=102714 u=root n=ansible | changed: [slurm-hn]
2026-03-18 01:53:59,024 p=102714 u=root n=ansible | TASK [ldap_server : Crear archivo LDIF de emergencia para estructura completa] ****************************************************************************************************************
2026-03-18 01:53:59,654 p=102714 u=root n=ansible | ok: [slurm-hn]
2026-03-18 01:53:59,666 p=102714 u=root n=ansible | TASK [ldap_server : Inyectar estructura directamente a la base de datos (Offline)] ************************************************************************************************************
2026-03-18 01:54:00,047 p=102714 u=root n=ansible | changed: [slurm-hn]
2026-03-18 01:54:00,058 p=102714 u=root n=ansible | TASK [ldap_server : Corregir permisos de la base de datos] ************************************************************************************************************************************
2026-03-18 01:54:00,402 p=102714 u=root n=ansible | ok: [slurm-hn] => (item=/var/lib/ldap)
2026-03-18 01:54:00,718 p=102714 u=root n=ansible | ok: [slurm-hn] => (item=/etc/ldap/slapd.d)
2026-03-18 01:54:00,730 p=102714 u=root n=ansible | TASK [ldap_server : Iniciar slapd definitivo] *************************************************************************************************************************************************
2026-03-18 01:54:01,415 p=102714 u=root n=ansible | changed: [slurm-hn]
2026-03-18 01:54:01,425 p=102714 u=root n=ansible | TASK [ldap_server : Asegurar Unidades Organizativas (Online)] *********************************************************************************************************************************
2026-03-18 01:54:01,986 p=102714 u=root n=ansible | ok: [slurm-hn] => (item={'dn': 'ou=People,dc=cluster,dc=local', 'objectClass': ['top', 'organizationalUnit']})
2026-03-18 01:54:02,333 p=102714 u=root n=ansible | ok: [slurm-hn] => (item={'dn': 'ou=Group,dc=cluster,dc=local', 'objectClass': ['top', 'organizationalUnit']})
2026-03-18 01:54:02,354 p=102714 u=root n=ansible | TASK [nfs_server : Instalar nfs-kernel-server] ************************************************************************************************************************************************
2026-03-18 01:54:03,551 p=102714 u=root n=ansible | ok: [slurm-hn]
2026-03-18 01:54:03,561 p=102714 u=root n=ansible | TASK [nfs_server : Crear directorios para exportar NFS] ***************************************************************************************************************************************
2026-03-18 01:54:03,873 p=102714 u=root n=ansible | ok: [slurm-hn] => (item=/home)
2026-03-18 01:54:04,185 p=102714 u=root n=ansible | ok: [slurm-hn] => (item=/nfs/general)
2026-03-18 01:54:04,505 p=102714 u=root n=ansible | ok: [slurm-hn] => (item=/nfs/privileged)
2026-03-18 01:54:04,514 p=102714 u=root n=ansible | TASK [nfs_server : Configurar exports NFS] ****************************************************************************************************************************************************
2026-03-18 01:54:05,164 p=102714 u=root n=ansible | ok: [slurm-hn]
2026-03-18 01:54:05,176 p=102714 u=root n=ansible | TASK [nfs_server : Aplicar configuración de exports] ******************************************************************************************************************************************
2026-03-18 01:54:05,514 p=102714 u=root n=ansible | changed: [slurm-hn]
2026-03-18 01:54:05,529 p=102714 u=root n=ansible | TASK [mariadb : Instalar mariadb y dependencias] **********************************************************************************************************************************************
2026-03-18 01:54:06,860 p=102714 u=root n=ansible | ok: [slurm-hn]
2026-03-18 01:54:06,872 p=102714 u=root n=ansible | TASK [mariadb : Iniciar servicio MariaDB] *****************************************************************************************************************************************************
2026-03-18 01:54:07,478 p=102714 u=root n=ansible | ok: [slurm-hn]
2026-03-18 01:54:07,489 p=102714 u=root n=ansible | TASK [mariadb : Crear BD para Slurm Accounting] ***********************************************************************************************************************************************
2026-03-18 01:54:08,061 p=102714 u=root n=ansible | ok: [slurm-hn]
2026-03-18 01:54:08,072 p=102714 u=root n=ansible | TASK [mariadb : Crear Usuario de Base de Datos y dar permisos] ********************************************************************************************************************************
2026-03-18 01:54:08,704 p=102714 u=root n=ansible | [WARNING]: Option column_case_sensitive is not provided. The default is now false, so the column's name will be uppercased. The default will be changed to true in community.mysql 4.0.0.

2026-03-18 01:54:08,704 p=102714 u=root n=ansible | ok: [slurm-hn]
2026-03-18 01:54:08,713 p=102714 u=root n=ansible | TASK [mariadb : Optimizar MariaDB para Slurm Accounting] **************************************************************************************************************************************
2026-03-18 01:54:09,053 p=102714 u=root n=ansible | ok: [slurm-hn] => (item={'regexp': '^innodb_buffer_pool_size', 'line': 'innodb_buffer_pool_size = 1G'})
2026-03-18 01:54:09,361 p=102714 u=root n=ansible | ok: [slurm-hn] => (item={'regexp': '^innodb_log_file_size', 'line': 'innodb_log_file_size = 64M'})
2026-03-18 01:54:09,663 p=102714 u=root n=ansible | ok: [slurm-hn] => (item={'regexp': '^innodb_lock_wait_timeout', 'line': 'innodb_lock_wait_timeout = 900'})
2026-03-18 01:54:09,965 p=102714 u=root n=ansible | ok: [slurm-hn] => (item={'regexp': '^innodb_flush_log_at_trx_commit', 'line': 'innodb_flush_log_at_trx_commit = 2'})
2026-03-18 01:54:09,986 p=102714 u=root n=ansible | TASK [slurmdbd : Instalar slurmdbd] ***********************************************************************************************************************************************************
2026-03-18 01:54:11,210 p=102714 u=root n=ansible | ok: [slurm-hn]
2026-03-18 01:54:11,221 p=102714 u=root n=ansible | TASK [slurmdbd : Asegurar directorio de logs con permisos correctos] **************************************************************************************************************************
2026-03-18 01:54:11,555 p=102714 u=root n=ansible | ok: [slurm-hn]
2026-03-18 01:54:11,566 p=102714 u=root n=ansible | TASK [slurmdbd : Crear archivo de log si no existe] *******************************************************************************************************************************************
2026-03-18 01:54:11,905 p=102714 u=root n=ansible | changed: [slurm-hn]
2026-03-18 01:54:11,916 p=102714 u=root n=ansible | TASK [slurmdbd : Configurar archivo slurmdbd.conf] ********************************************************************************************************************************************
2026-03-18 01:54:12,570 p=102714 u=root n=ansible | ok: [slurm-hn]
2026-03-18 01:54:12,583 p=102714 u=root n=ansible | TASK [slurmdbd : Iniciar servicio SlurmDBD] ***************************************************************************************************************************************************
2026-03-18 01:54:13,189 p=102714 u=root n=ansible | ok: [slurm-hn]
2026-03-18 01:54:13,203 p=102714 u=root n=ansible | TASK [slurmctld : Esperar a que SlurmDBD responda] ********************************************************************************************************************************************
2026-03-18 01:54:18,545 p=102714 u=root n=ansible | ok: [slurm-hn]
2026-03-18 01:54:18,556 p=102714 u=root n=ansible | TASK [slurmctld : Iniciar Slurm Controller (slurmctld)] ***************************************************************************************************************************************
2026-03-18 01:54:19,170 p=102714 u=root n=ansible | ok: [slurm-hn]
2026-03-18 01:54:19,187 p=102714 u=root n=ansible | TASK [slurm_accounting : Registrar Cluster en Accounting] *************************************************************************************************************************************
2026-03-18 01:54:19,707 p=102714 u=root n=ansible | ok: [slurm-hn]
2026-03-18 01:54:19,716 p=102714 u=root n=ansible | TASK [slurm_accounting : Crear cuentas base de usuarios] **************************************************************************************************************************************
2026-03-18 01:54:20,231 p=102714 u=root n=ansible | ok: [slurm-hn] => (item=researchers)
2026-03-18 01:54:20,736 p=102714 u=root n=ansible | ok: [slurm-hn] => (item=students)
2026-03-18 01:54:20,748 p=102714 u=root n=ansible | TASK [slurm_accounting : Vincular usuarios LDAP a cuentas de Slurm (Ejemplo)] *****************************************************************************************************************
2026-03-18 01:54:21,280 p=102714 u=root n=ansible | ok: [slurm-hn] => (item={'user': 'admin', 'acct': 'researchers'})
2026-03-18 01:54:21,303 p=102714 u=root n=ansible | TASK [monitoring : Instalar Docker y dependencias de Python para Docker] **********************************************************************************************************************
2026-03-18 01:54:22,483 p=102714 u=root n=ansible | ok: [slurm-hn]
2026-03-18 01:54:22,496 p=102714 u=root n=ansible | TASK [monitoring : Crear estructura de directorios] *******************************************************************************************************************************************
2026-03-18 01:54:22,843 p=102714 u=root n=ansible | ok: [slurm-hn] => (item=/etc/grafana/provisioning/datasources)
2026-03-18 01:54:23,162 p=102714 u=root n=ansible | ok: [slurm-hn] => (item=/etc/grafana/provisioning/dashboards)
2026-03-18 01:54:23,494 p=102714 u=root n=ansible | ok: [slurm-hn] => (item=/etc/grafana/dashboards_json)
2026-03-18 01:54:23,808 p=102714 u=root n=ansible | ok: [slurm-hn] => (item=/etc/prometheus)
2026-03-18 01:54:23,822 p=102714 u=root n=ansible | TASK [monitoring : Provisionar archivos de configuración] *************************************************************************************************************************************
2026-03-18 01:54:24,485 p=102714 u=root n=ansible | ok: [slurm-hn] => (item={'src': 'grafana_datasource.yml.j2', 'dest': '/etc/grafana/provisioning/datasources/prometheus.yml'})
2026-03-18 01:54:25,134 p=102714 u=root n=ansible | ok: [slurm-hn] => (item={'src': 'grafana_dashboards.yml.j2', 'dest': '/etc/grafana/provisioning/dashboards/main.yaml'})
2026-03-18 01:54:25,782 p=102714 u=root n=ansible | ok: [slurm-hn] => (item={'src': 'prometheus.yml.j2', 'dest': '/etc/prometheus/prometheus.yml'})
2026-03-18 01:54:25,798 p=102714 u=root n=ansible | TASK [monitoring : Descargar Dashboard Node Exporter Full (ID 1860)] **************************************************************************************************************************
2026-03-18 01:54:27,600 p=102714 u=root n=ansible | ok: [slurm-hn]
2026-03-18 01:54:27,610 p=102714 u=root n=ansible | TASK [monitoring : Corregir el Data Source en el JSON del Dashboard] **************************************************************************************************************************
2026-03-18 01:54:28,081 p=102714 u=root n=ansible | ok: [slurm-hn]
2026-03-18 01:54:28,093 p=102714 u=root n=ansible | TASK [monitoring : Desplegar Contenedor Prometheus] *******************************************************************************************************************************************
2026-03-18 01:54:29,143 p=102714 u=root n=ansible | ok: [slurm-hn]
2026-03-18 01:54:29,155 p=102714 u=root n=ansible | TASK [monitoring : Desplegar Contenedor Grafana] **********************************************************************************************************************************************
2026-03-18 01:54:29,788 p=102714 u=root n=ansible | ok: [slurm-hn]
2026-03-18 01:54:29,803 p=102714 u=root n=ansible | TASK [Configurar SSH keys en headnode] ********************************************************************************************************************************************************
2026-03-18 01:54:29,848 p=102714 u=root n=ansible | TASK [ssh_keys : Generar par de llaves ssh RSA para root] *************************************************************************************************************************************
2026-03-18 01:54:30,250 p=102714 u=root n=ansible | ok: [slurm-hn]
2026-03-18 01:54:30,261 p=102714 u=root n=ansible | TASK [ssh_keys : Descargar llave publica SSH de root] *****************************************************************************************************************************************
2026-03-18 01:54:30,562 p=102714 u=root n=ansible | ok: [slurm-hn]
2026-03-18 01:54:30,591 p=102714 u=root n=ansible | TASK [Mensaje final de configuracion del headnode] ********************************************************************************************************************************************
2026-03-18 01:54:30,617 p=102714 u=root n=ansible | ok: [slurm-hn] => {
    "msg": [
        "=========================================",
        "Configuracion del Headnode Completada",
        "========================================="
    ]
}
2026-03-18 01:54:30,637 p=102714 u=root n=ansible | PLAY [Configuraciones especificas de los workers] *********************************************************************************************************************************************
2026-03-18 01:54:30,649 p=102714 u=root n=ansible | TASK [Gathering Facts] ************************************************************************************************************************************************************************
2026-03-18 01:54:32,076 p=102714 u=root n=ansible | ok: [slurm-wn1]
2026-03-18 01:54:32,097 p=102714 u=root n=ansible | ok: [slurm-wn2]
2026-03-18 01:54:32,125 p=102714 u=root n=ansible | TASK [munge : Configurar Munge en headnode] ***************************************************************************************************************************************************
2026-03-18 01:54:32,155 p=102714 u=root n=ansible | skipping: [slurm-wn1]
2026-03-18 01:54:32,168 p=102714 u=root n=ansible | skipping: [slurm-wn2]
2026-03-18 01:54:32,178 p=102714 u=root n=ansible | TASK [munge : Configurar Munge en workers] ****************************************************************************************************************************************************
2026-03-18 01:54:32,236 p=102714 u=root n=ansible | included: /root/ansible-cluster-slurm/roles/munge/tasks/workers.yml for slurm-wn1, slurm-wn2
2026-03-18 01:54:32,244 p=102714 u=root n=ansible | TASK [munge : Distribuir llave Munge desde el controlador] ************************************************************************************************************************************
2026-03-18 01:54:33,211 p=102714 u=root n=ansible | ok: [slurm-wn1]
2026-03-18 01:54:33,259 p=102714 u=root n=ansible | ok: [slurm-wn2]
2026-03-18 01:54:33,269 p=102714 u=root n=ansible | TASK [munge : Iniciar servicio Munge en workers] **********************************************************************************************************************************************
2026-03-18 01:54:34,147 p=102714 u=root n=ansible | changed: [slurm-wn2]
2026-03-18 01:54:34,152 p=102714 u=root n=ansible | changed: [slurm-wn1]
2026-03-18 01:54:34,159 p=102714 u=root n=ansible | TASK [munge : Verificar que el socket de Munge esté disponible] *******************************************************************************************************************************
2026-03-18 01:54:34,698 p=102714 u=root n=ansible | ok: [slurm-wn1]
2026-03-18 01:54:34,763 p=102714 u=root n=ansible | ok: [slurm-wn2]
2026-03-18 01:54:34,770 p=102714 u=root n=ansible | TASK [munge : Verificar que Munge responda correctamente] *************************************************************************************************************************************
2026-03-18 01:54:35,309 p=102714 u=root n=ansible | ok: [slurm-wn1]
2026-03-18 01:54:35,323 p=102714 u=root n=ansible | ok: [slurm-wn2]
2026-03-18 01:54:35,342 p=102714 u=root n=ansible | TASK [chrony_client : Configurar Chrony como cliente del Headnode] ****************************************************************************************************************************
2026-03-18 01:54:36,319 p=102714 u=root n=ansible | ok: [slurm-wn1]
2026-03-18 01:54:36,382 p=102714 u=root n=ansible | ok: [slurm-wn2]
2026-03-18 01:54:36,404 p=102714 u=root n=ansible | TASK [ldap_client : Instalar paquetes necesarios para SSSD y LDAP] ****************************************************************************************************************************
2026-03-18 01:54:37,853 p=102714 u=root n=ansible | ok: [slurm-wn2]
2026-03-18 01:54:37,855 p=102714 u=root n=ansible | ok: [slurm-wn1]
2026-03-18 01:54:37,863 p=102714 u=root n=ansible | TASK [ldap_client : Configurar SSSD desde el template] ****************************************************************************************************************************************
2026-03-18 01:54:38,890 p=102714 u=root n=ansible | changed: [slurm-wn1]
2026-03-18 01:54:38,953 p=102714 u=root n=ansible | changed: [slurm-wn2]
2026-03-18 01:54:38,966 p=102714 u=root n=ansible | TASK [ldap_client : Asegurar que SSSD esté habilitado e iniciado] *****************************************************************************************************************************
2026-03-18 01:54:39,767 p=102714 u=root n=ansible | ok: [slurm-wn1]
2026-03-18 01:54:39,791 p=102714 u=root n=ansible | ok: [slurm-wn2]
2026-03-18 01:54:39,801 p=102714 u=root n=ansible | TASK [ldap_client : Configurar mkhomedir en PAM (Workers)] ************************************************************************************************************************************
2026-03-18 01:54:40,284 p=102714 u=root n=ansible | changed: [slurm-wn1]
2026-03-18 01:54:40,353 p=102714 u=root n=ansible | changed: [slurm-wn2]
2026-03-18 01:54:40,374 p=102714 u=root n=ansible | TASK [nfs_client : Crear puntos de montaje locales] *******************************************************************************************************************************************
2026-03-18 01:54:40,937 p=102714 u=root n=ansible | changed: [slurm-wn1] => (item=/nfs/general)
2026-03-18 01:54:40,963 p=102714 u=root n=ansible | changed: [slurm-wn2] => (item=/nfs/general)
2026-03-18 01:54:41,446 p=102714 u=root n=ansible | changed: [slurm-wn1] => (item=/nfs/privileged)
2026-03-18 01:54:41,487 p=102714 u=root n=ansible | changed: [slurm-wn2] => (item=/nfs/privileged)
2026-03-18 01:54:41,500 p=102714 u=root n=ansible | TASK [nfs_client : Montar directorios NFS desde el Headnode] **********************************************************************************************************************************
2026-03-18 01:54:42,649 p=102714 u=root n=ansible | changed: [slurm-wn1] => (item={'path': '/home', 'src': '/home'})
2026-03-18 01:54:42,704 p=102714 u=root n=ansible | changed: [slurm-wn2] => (item={'path': '/home', 'src': '/home'})
2026-03-18 01:54:43,296 p=102714 u=root n=ansible | changed: [slurm-wn1] => (item={'path': '/nfs/general', 'src': '/nfs/general'})
2026-03-18 01:54:43,396 p=102714 u=root n=ansible | changed: [slurm-wn2] => (item={'path': '/nfs/general', 'src': '/nfs/general'})
2026-03-18 01:54:43,971 p=102714 u=root n=ansible | changed: [slurm-wn1] => (item={'path': '/nfs/privileged', 'src': '/nfs/privileged'})
2026-03-18 01:54:44,087 p=102714 u=root n=ansible | changed: [slurm-wn2] => (item={'path': '/nfs/privileged', 'src': '/nfs/privileged'})
2026-03-18 01:54:44,111 p=102714 u=root n=ansible | TASK [slurmd : Asegurar directorio de configuración] ******************************************************************************************************************************************
2026-03-18 01:54:44,720 p=102714 u=root n=ansible | ok: [slurm-wn1] => (item=/etc/slurm)
2026-03-18 01:54:44,773 p=102714 u=root n=ansible | ok: [slurm-wn2] => (item=/etc/slurm)
2026-03-18 01:54:45,294 p=102714 u=root n=ansible | ok: [slurm-wn1] => (item=/etc/slurm)
2026-03-18 01:54:45,379 p=102714 u=root n=ansible | ok: [slurm-wn2] => (item=/etc/slurm)
2026-03-18 01:54:45,832 p=102714 u=root n=ansible | ok: [slurm-wn1] => (item=/var/lib/slurm)
2026-03-18 01:54:45,995 p=102714 u=root n=ansible | ok: [slurm-wn2] => (item=/var/lib/slurm)
2026-03-18 01:54:46,418 p=102714 u=root n=ansible | ok: [slurm-wn1] => (item=/var/spool/slurmd)
2026-03-18 01:54:46,606 p=102714 u=root n=ansible | ok: [slurm-wn2] => (item=/var/spool/slurmd)
2026-03-18 01:54:46,619 p=102714 u=root n=ansible | TASK [slurmd : Enviar slurm.conf maestro a los workers] ***************************************************************************************************************************************
2026-03-18 01:54:47,723 p=102714 u=root n=ansible | ok: [slurm-wn1]
2026-03-18 01:54:47,806 p=102714 u=root n=ansible | ok: [slurm-wn2]
2026-03-18 01:54:47,817 p=102714 u=root n=ansible | TASK [slurmd : Distribuir configuración de Cgroups] *******************************************************************************************************************************************
2026-03-18 01:54:48,981 p=102714 u=root n=ansible | changed: [slurm-wn1]
2026-03-18 01:54:49,040 p=102714 u=root n=ansible | changed: [slurm-wn2]
2026-03-18 01:54:49,052 p=102714 u=root n=ansible | TASK [slurmd : Iniciar servicio Slurmd (Worker Daemon)] ***************************************************************************************************************************************
2026-03-18 01:54:49,989 p=102714 u=root n=ansible | fatal: [slurm-wn1]: FAILED! => {"changed": false, "msg": "Unable to start service slurmd: Job for slurmd.service failed because the control process exited with error code.\nSee \"systemctl status slurmd.service\" and \"journalctl -xeu slurmd.service\" for details.\n"}
2026-03-18 01:54:50,006 p=102714 u=root n=ansible | fatal: [slurm-wn2]: FAILED! => {"changed": false, "msg": "Unable to start service slurmd: Job for slurmd.service failed because the control process exited with error code.\nSee \"systemctl status slurmd.service\" and \"journalctl -xeu slurmd.service\" for details.\n"}
2026-03-18 01:54:50,008 p=102714 u=root n=ansible | PLAY RECAP ************************************************************************************************************************************************************************************
2026-03-18 01:54:50,008 p=102714 u=root n=ansible | slurm-hn                   : ok=74   changed=10   unreachable=0    failed=0    skipped=2    rescued=0    ignored=1   
2026-03-18 01:54:50,008 p=102714 u=root n=ansible | slurm-wn1                  : ok=34   changed=9    unreachable=0    failed=1    skipped=2    rescued=0    ignored=1   
2026-03-18 01:54:50,009 p=102714 u=root n=ansible | slurm-wn2                  : ok=34   changed=9    unreachable=0    failed=1    skipped=2    rescued=0    ignored=1   
2026-03-18 02:06:56,909 p=107909 u=root n=ansible | slurm-wn1 | CHANGED | rc=0 >>
Mar 15 18:56:27 slurm-wn1 systemd[1]: Starting slurmd.service - Slurm node daemon...
Mar 15 18:56:27 slurm-wn1 (slurmd)[5021]: slurmd.service: Referenced but unset environment variable evaluates to an empty string: SLURMD_OPTIONS
Mar 15 18:56:27 slurm-wn1 slurmd[5021]: slurmd: error: resolve_ctls_from_dns_srv: res_nsearch error: Unknown host
Mar 15 18:56:27 slurm-wn1 slurmd[5021]: slurmd: error: fetch_config: DNS SRV lookup failed
Mar 15 18:56:27 slurm-wn1 slurmd[5021]: slurmd: error: _establish_configuration: failed to load configs
Mar 15 18:56:27 slurm-wn1 slurmd[5021]: slurmd: error: slurmd initialization failed
Mar 15 18:56:27 slurm-wn1 slurmd[5021]: error: resolve_ctls_from_dns_srv: res_nsearch error: Unknown host
Mar 15 18:56:27 slurm-wn1 slurmd[5021]: error: fetch_config: DNS SRV lookup failed
Mar 15 18:56:27 slurm-wn1 slurmd[5021]: error: _establish_configuration: failed to load configs
Mar 15 18:56:27 slurm-wn1 slurmd[5021]: error: slurmd initialization failed
Mar 15 18:56:27 slurm-wn1 systemd[1]: slurmd.service: Main process exited, code=exited, status=1/FAILURE
Mar 15 18:56:27 slurm-wn1 systemd[1]: slurmd.service: Failed with result 'exit-code'.
Mar 15 18:56:27 slurm-wn1 systemd[1]: Failed to start slurmd.service - Slurm node daemon.
Mar 18 01:54:49 slurm-wn1 systemd[1]: Starting slurmd.service - Slurm node daemon...
Mar 18 01:54:49 slurm-wn1 (slurmd)[70841]: slurmd.service: Referenced but unset environment variable evaluates to an empty string: SLURMD_OPTIONS
Mar 18 01:54:49 slurm-wn1 slurmd[70841]: slurmd: error: The option "CgroupAutomount" is defunct, please remove it from cgroup.conf.
Mar 18 01:54:49 slurm-wn1 slurmd[70841]: slurmd: error: _parse_next_key: Parsing error at unrecognized key: TaskAffinity
Mar 18 01:54:49 slurm-wn1 slurmd[70841]: slurmd: fatal: Could not open/read/parse cgroup.conf file /etc/slurm/cgroup.conf
Mar 18 01:54:49 slurm-wn1 slurmd[70841]: error: The option "CgroupAutomount" is defunct, please remove it from cgroup.conf.
Mar 18 01:54:49 slurm-wn1 slurmd[70841]: error: _parse_next_key: Parsing error at unrecognized key: TaskAffinity
Mar 18 01:54:49 slurm-wn1 slurmd[70841]: fatal: Could not open/read/parse cgroup.conf file /etc/slurm/cgroup.conf
Mar 18 01:54:49 slurm-wn1 systemd[1]: slurmd.service: Main process exited, code=exited, status=1/FAILURE
Mar 18 01:54:49 slurm-wn1 systemd[1]: slurmd.service: Failed with result 'exit-code'.
Mar 18 01:54:49 slurm-wn1 systemd[1]: Failed to start slurmd.service - Slurm node daemon.

2026-03-18 02:06:56,946 p=107909 u=root n=ansible | slurm-wn2 | CHANGED | rc=0 >>
Mar 15 18:56:30 slurm-wn2 systemd[1]: Starting slurmd.service - Slurm node daemon...
Mar 15 18:56:30 slurm-wn2 (slurmd)[5115]: slurmd.service: Referenced but unset environment variable evaluates to an empty string: SLURMD_OPTIONS
Mar 15 18:56:30 slurm-wn2 slurmd[5115]: slurmd: error: resolve_ctls_from_dns_srv: res_nsearch error: Unknown host
Mar 15 18:56:30 slurm-wn2 slurmd[5115]: slurmd: error: fetch_config: DNS SRV lookup failed
Mar 15 18:56:30 slurm-wn2 slurmd[5115]: slurmd: error: _establish_configuration: failed to load configs
Mar 15 18:56:30 slurm-wn2 slurmd[5115]: slurmd: error: slurmd initialization failed
Mar 15 18:56:30 slurm-wn2 slurmd[5115]: error: resolve_ctls_from_dns_srv: res_nsearch error: Unknown host
Mar 15 18:56:30 slurm-wn2 slurmd[5115]: error: fetch_config: DNS SRV lookup failed
Mar 15 18:56:30 slurm-wn2 slurmd[5115]: error: _establish_configuration: failed to load configs
Mar 15 18:56:30 slurm-wn2 slurmd[5115]: error: slurmd initialization failed
Mar 15 18:56:30 slurm-wn2 systemd[1]: slurmd.service: Main process exited, code=exited, status=1/FAILURE
Mar 15 18:56:30 slurm-wn2 systemd[1]: slurmd.service: Failed with result 'exit-code'.
Mar 15 18:56:30 slurm-wn2 systemd[1]: Failed to start slurmd.service - Slurm node daemon.
Mar 18 01:54:49 slurm-wn2 (slurmd)[71622]: slurmd.service: Referenced but unset environment variable evaluates to an empty string: SLURMD_OPTIONS
Mar 18 01:54:49 slurm-wn2 systemd[1]: Starting slurmd.service - Slurm node daemon...
Mar 18 01:54:49 slurm-wn2 slurmd[71622]: slurmd: error: The option "CgroupAutomount" is defunct, please remove it from cgroup.conf.
Mar 18 01:54:49 slurm-wn2 slurmd[71622]: slurmd: error: _parse_next_key: Parsing error at unrecognized key: TaskAffinity
Mar 18 01:54:49 slurm-wn2 slurmd[71622]: error: The option "CgroupAutomount" is defunct, please remove it from cgroup.conf.
Mar 18 01:54:49 slurm-wn2 slurmd[71622]: slurmd: fatal: Could not open/read/parse cgroup.conf file /etc/slurm/cgroup.conf
Mar 18 01:54:49 slurm-wn2 slurmd[71622]: error: _parse_next_key: Parsing error at unrecognized key: TaskAffinity
Mar 18 01:54:49 slurm-wn2 systemd[1]: slurmd.service: Main process exited, code=exited, status=1/FAILURE
Mar 18 01:54:49 slurm-wn2 slurmd[71622]: fatal: Could not open/read/parse cgroup.conf file /etc/slurm/cgroup.conf
Mar 18 01:54:49 slurm-wn2 systemd[1]: slurmd.service: Failed with result 'exit-code'.
Mar 18 01:54:49 slurm-wn2 systemd[1]: Failed to start slurmd.service - Slurm node daemon.

2026-03-18 02:07:05,161 p=107957 u=root n=ansible | slurm-wn1 | CHANGED | rc=0 >>
× slurmd.service - Slurm node daemon
     Loaded: loaded (/usr/lib/systemd/system/slurmd.service; enabled; preset: enabled)
     Active: failed (Result: exit-code) since Wed 2026-03-18 01:54:49 UTC; 12min ago
       Docs: man:slurmd(8)
    Process: 70841 ExecStart=/usr/sbin/slurmd --systemd $SLURMD_OPTIONS (code=exited, status=1/FAILURE)
   Main PID: 70841 (code=exited, status=1/FAILURE)
        CPU: 7ms

Mar 18 01:54:49 slurm-wn1 (slurmd)[70841]: slurmd.service: Referenced but unset environment variable evaluates to an empty string: SLURMD_OPTIONS
Mar 18 01:54:49 slurm-wn1 slurmd[70841]: slurmd: error: The option "CgroupAutomount" is defunct, please remove it from cgroup.conf.
Mar 18 01:54:49 slurm-wn1 slurmd[70841]: slurmd: error: _parse_next_key: Parsing error at unrecognized key: TaskAffinity
Mar 18 01:54:49 slurm-wn1 slurmd[70841]: slurmd: fatal: Could not open/read/parse cgroup.conf file /etc/slurm/cgroup.conf
Mar 18 01:54:49 slurm-wn1 slurmd[70841]: error: The option "CgroupAutomount" is defunct, please remove it from cgroup.conf.
Mar 18 01:54:49 slurm-wn1 slurmd[70841]: error: _parse_next_key: Parsing error at unrecognized key: TaskAffinity
Mar 18 01:54:49 slurm-wn1 slurmd[70841]: fatal: Could not open/read/parse cgroup.conf file /etc/slurm/cgroup.conf
Mar 18 01:54:49 slurm-wn1 systemd[1]: slurmd.service: Main process exited, code=exited, status=1/FAILURE
Mar 18 01:54:49 slurm-wn1 systemd[1]: slurmd.service: Failed with result 'exit-code'.
Mar 18 01:54:49 slurm-wn1 systemd[1]: Failed to start slurmd.service - Slurm node daemon.

2026-03-18 02:07:05,180 p=107957 u=root n=ansible | slurm-wn2 | CHANGED | rc=0 >>
× slurmd.service - Slurm node daemon
     Loaded: loaded (/usr/lib/systemd/system/slurmd.service; enabled; preset: enabled)
     Active: failed (Result: exit-code) since Wed 2026-03-18 01:54:49 UTC; 12min ago
       Docs: man:slurmd(8)
    Process: 71622 ExecStart=/usr/sbin/slurmd --systemd $SLURMD_OPTIONS (code=exited, status=1/FAILURE)
   Main PID: 71622 (code=exited, status=1/FAILURE)
        CPU: 5ms

Mar 18 01:54:49 slurm-wn2 systemd[1]: Starting slurmd.service - Slurm node daemon...
Mar 18 01:54:49 slurm-wn2 slurmd[71622]: slurmd: error: The option "CgroupAutomount" is defunct, please remove it from cgroup.conf.
Mar 18 01:54:49 slurm-wn2 slurmd[71622]: slurmd: error: _parse_next_key: Parsing error at unrecognized key: TaskAffinity
Mar 18 01:54:49 slurm-wn2 slurmd[71622]: error: The option "CgroupAutomount" is defunct, please remove it from cgroup.conf.
Mar 18 01:54:49 slurm-wn2 slurmd[71622]: slurmd: fatal: Could not open/read/parse cgroup.conf file /etc/slurm/cgroup.conf
Mar 18 01:54:49 slurm-wn2 slurmd[71622]: error: _parse_next_key: Parsing error at unrecognized key: TaskAffinity
Mar 18 01:54:49 slurm-wn2 systemd[1]: slurmd.service: Main process exited, code=exited, status=1/FAILURE
Mar 18 01:54:49 slurm-wn2 slurmd[71622]: fatal: Could not open/read/parse cgroup.conf file /etc/slurm/cgroup.conf
Mar 18 01:54:49 slurm-wn2 systemd[1]: slurmd.service: Failed with result 'exit-code'.
Mar 18 01:54:49 slurm-wn2 systemd[1]: Failed to start slurmd.service - Slurm node daemon.

2026-03-18 02:09:28,082 p=108222 u=root n=ansible | PLAY [Instalar SSHPASS para la conexion ssh de headnode a workers] ****************************************************************************************************************************
2026-03-18 02:09:28,093 p=108222 u=root n=ansible | TASK [Gathering Facts] ************************************************************************************************************************************************************************
2026-03-18 02:09:29,730 p=108222 u=root n=ansible | ok: [slurm-hn]
2026-03-18 02:09:29,753 p=108222 u=root n=ansible | TASK [initial_setup : Actualizar cache de apt] ************************************************************************************************************************************************
2026-03-18 02:09:30,827 p=108222 u=root n=ansible | ok: [slurm-hn]
2026-03-18 02:09:30,836 p=108222 u=root n=ansible | TASK [initial_setup : Instalar sshpass] *******************************************************************************************************************************************************
2026-03-18 02:09:31,963 p=108222 u=root n=ansible | ok: [slurm-hn]
2026-03-18 02:09:31,971 p=108222 u=root n=ansible | TASK [initial_setup : Instalar rng-tools] *****************************************************************************************************************************************************
2026-03-18 02:09:33,153 p=108222 u=root n=ansible | ok: [slurm-hn]
2026-03-18 02:09:33,179 p=108222 u=root n=ansible | TASK [Mensaje final de configuracion general] *************************************************************************************************************************************************
2026-03-18 02:09:33,204 p=108222 u=root n=ansible | ok: [slurm-hn] => {
    "msg": [
        "=========================================",
        " Configuracion Inicial Completada",
        "========================================="
    ]
}
2026-03-18 02:09:33,223 p=108222 u=root n=ansible | PLAY [Configuracion General de todo el cluster] ***********************************************************************************************************************************************
2026-03-18 02:09:33,236 p=108222 u=root n=ansible | TASK [Gathering Facts] ************************************************************************************************************************************************************************
2026-03-18 02:09:34,443 p=108222 u=root n=ansible | ok: [slurm-hn]
2026-03-18 02:09:35,821 p=108222 u=root n=ansible | ok: [slurm-wn1]
2026-03-18 02:09:35,848 p=108222 u=root n=ansible | ok: [slurm-wn2]
2026-03-18 02:09:35,887 p=108222 u=root n=ansible | TASK [common : Configurar hostname del nodo] **************************************************************************************************************************************************
2026-03-18 02:09:36,977 p=108222 u=root n=ansible | ok: [slurm-hn]
2026-03-18 02:09:37,261 p=108222 u=root n=ansible | ok: [slurm-wn1]
2026-03-18 02:09:37,261 p=108222 u=root n=ansible | ok: [slurm-wn2]
2026-03-18 02:09:37,271 p=108222 u=root n=ansible | TASK [common : Configurar archivo '/etc/hosts'] ***********************************************************************************************************************************************
2026-03-18 02:09:38,292 p=108222 u=root n=ansible | ok: [slurm-hn]
2026-03-18 02:09:38,505 p=108222 u=root n=ansible | ok: [slurm-wn1]
2026-03-18 02:09:38,525 p=108222 u=root n=ansible | ok: [slurm-wn2]
2026-03-18 02:09:38,535 p=108222 u=root n=ansible | TASK [common : Crear grupos del sistema] ******************************************************************************************************************************************************
2026-03-18 02:09:39,021 p=108222 u=root n=ansible | ok: [slurm-hn] => (item={'name': 'munge'})
2026-03-18 02:09:39,242 p=108222 u=root n=ansible | ok: [slurm-wn1] => (item={'name': 'munge'})
2026-03-18 02:09:39,244 p=108222 u=root n=ansible | ok: [slurm-wn2] => (item={'name': 'munge'})
2026-03-18 02:09:39,325 p=108222 u=root n=ansible | ok: [slurm-hn] => (item={'name': 'slurm'})
2026-03-18 02:09:39,847 p=108222 u=root n=ansible | ok: [slurm-wn1] => (item={'name': 'slurm'})
2026-03-18 02:09:39,849 p=108222 u=root n=ansible | ok: [slurm-wn2] => (item={'name': 'slurm'})
2026-03-18 02:09:39,859 p=108222 u=root n=ansible | TASK [common : Crear usuarios del sistema] ****************************************************************************************************************************************************
2026-03-18 02:09:40,485 p=108222 u=root n=ansible | ok: [slurm-hn] => (item={'name': 'munge', 'shell': '/usr/sbin/nologin', 'home': '/var/lib/munge'})
2026-03-18 02:09:40,707 p=108222 u=root n=ansible | ok: [slurm-wn1] => (item={'name': 'munge', 'shell': '/usr/sbin/nologin', 'home': '/var/lib/munge'})
2026-03-18 02:09:40,720 p=108222 u=root n=ansible | ok: [slurm-wn2] => (item={'name': 'munge', 'shell': '/usr/sbin/nologin', 'home': '/var/lib/munge'})
2026-03-18 02:09:40,883 p=108222 u=root n=ansible | ok: [slurm-hn] => (item={'name': 'slurm', 'shell': '/bin/bash', 'home': '/var/lib/slurm'})
2026-03-18 02:09:41,392 p=108222 u=root n=ansible | ok: [slurm-wn1] => (item={'name': 'slurm', 'shell': '/bin/bash', 'home': '/var/lib/slurm'})
2026-03-18 02:09:41,407 p=108222 u=root n=ansible | ok: [slurm-wn2] => (item={'name': 'slurm', 'shell': '/bin/bash', 'home': '/var/lib/slurm'})
2026-03-18 02:09:41,419 p=108222 u=root n=ansible | TASK [common : Actualizar cache de apt] *******************************************************************************************************************************************************
2026-03-18 02:09:42,290 p=108222 u=root n=ansible | ok: [slurm-hn]
2026-03-18 02:09:42,579 p=108222 u=root n=ansible | ok: [slurm-wn2]
2026-03-18 02:09:42,619 p=108222 u=root n=ansible | ok: [slurm-wn1]
2026-03-18 02:09:42,629 p=108222 u=root n=ansible | TASK [common : Extender la partición root para ocupar todo el disco] **************************************************************************************************************************
2026-03-18 02:09:43,268 p=108222 u=root n=ansible | fatal: [slurm-hn]: FAILED! => {"changed": false, "cmd": ["growpart", "/dev/vda", "2"], "delta": "0:00:00.101966", "end": "2026-03-18 02:09:43.227141", "msg": "non-zero return code", "rc": 1, "start": "2026-03-18 02:09:43.125175", "stderr": "", "stderr_lines": [], "stdout": "NOCHANGE: partition 2 is size 52424671. it cannot be grown", "stdout_lines": ["NOCHANGE: partition 2 is size 52424671. it cannot be grown"]}
2026-03-18 02:09:43,268 p=108222 u=root n=ansible | ...ignoring
2026-03-18 02:09:43,485 p=108222 u=root n=ansible | fatal: [slurm-wn2]: FAILED! => {"changed": false, "cmd": ["growpart", "/dev/vda", "2"], "delta": "0:00:00.120682", "end": "2026-03-18 02:09:43.391658", "msg": "non-zero return code", "rc": 1, "start": "2026-03-18 02:09:43.270976", "stderr": "", "stderr_lines": [], "stdout": "NOCHANGE: partition 2 is size 52424671. it cannot be grown", "stdout_lines": ["NOCHANGE: partition 2 is size 52424671. it cannot be grown"]}
2026-03-18 02:09:43,485 p=108222 u=root n=ansible | ...ignoring
2026-03-18 02:09:43,515 p=108222 u=root n=ansible | fatal: [slurm-wn1]: FAILED! => {"changed": false, "cmd": ["growpart", "/dev/vda", "2"], "delta": "0:00:00.127236", "end": "2026-03-18 02:09:43.429677", "msg": "non-zero return code", "rc": 1, "start": "2026-03-18 02:09:43.302441", "stderr": "", "stderr_lines": [], "stdout": "NOCHANGE: partition 2 is size 52424671. it cannot be grown", "stdout_lines": ["NOCHANGE: partition 2 is size 52424671. it cannot be grown"]}
2026-03-18 02:09:43,515 p=108222 u=root n=ansible | ...ignoring
2026-03-18 02:09:43,527 p=108222 u=root n=ansible | TASK [common : Redimensionar el sistema de archivos ext4] *************************************************************************************************************************************
2026-03-18 02:09:43,565 p=108222 u=root n=ansible | skipping: [slurm-hn]
2026-03-18 02:09:43,565 p=108222 u=root n=ansible | skipping: [slurm-wn1]
2026-03-18 02:09:43,577 p=108222 u=root n=ansible | skipping: [slurm-wn2]
2026-03-18 02:09:43,586 p=108222 u=root n=ansible | TASK [common : Instalar paquetes comunes] *****************************************************************************************************************************************************
2026-03-18 02:09:44,774 p=108222 u=root n=ansible | ok: [slurm-hn]
2026-03-18 02:09:45,096 p=108222 u=root n=ansible | ok: [slurm-wn2]
2026-03-18 02:09:45,154 p=108222 u=root n=ansible | ok: [slurm-wn1]
2026-03-18 02:09:45,165 p=108222 u=root n=ansible | TASK [common : Crear directorios de Munge] ****************************************************************************************************************************************************
2026-03-18 02:09:45,513 p=108222 u=root n=ansible | ok: [slurm-hn] => (item=/etc/munge)
2026-03-18 02:09:45,780 p=108222 u=root n=ansible | ok: [slurm-wn2] => (item=/etc/munge)
2026-03-18 02:09:45,784 p=108222 u=root n=ansible | ok: [slurm-wn1] => (item=/etc/munge)
2026-03-18 02:09:45,837 p=108222 u=root n=ansible | ok: [slurm-hn] => (item=/var/log/munge)
2026-03-18 02:09:46,153 p=108222 u=root n=ansible | ok: [slurm-hn] => (item=/var/lib/munge)
2026-03-18 02:09:46,334 p=108222 u=root n=ansible | ok: [slurm-wn2] => (item=/var/log/munge)
2026-03-18 02:09:46,339 p=108222 u=root n=ansible | ok: [slurm-wn1] => (item=/var/log/munge)
2026-03-18 02:09:46,915 p=108222 u=root n=ansible | ok: [slurm-wn1] => (item=/var/lib/munge)
2026-03-18 02:09:46,933 p=108222 u=root n=ansible | ok: [slurm-wn2] => (item=/var/lib/munge)
2026-03-18 02:09:46,948 p=108222 u=root n=ansible | TASK [common : Crear directorios de Slurm] ****************************************************************************************************************************************************
2026-03-18 02:09:47,290 p=108222 u=root n=ansible | ok: [slurm-hn] => (item=/var/log/slurm)
2026-03-18 02:09:47,593 p=108222 u=root n=ansible | ok: [slurm-wn1] => (item=/var/log/slurm)
2026-03-18 02:09:47,606 p=108222 u=root n=ansible | ok: [slurm-hn] => (item=/var/lib/slurm)
2026-03-18 02:09:47,673 p=108222 u=root n=ansible | ok: [slurm-wn2] => (item=/var/log/slurm)
2026-03-18 02:09:47,927 p=108222 u=root n=ansible | ok: [slurm-hn] => (item=/var/lib/slurm/slurmd)
2026-03-18 02:09:48,171 p=108222 u=root n=ansible | ok: [slurm-wn1] => (item=/var/lib/slurm)
2026-03-18 02:09:48,235 p=108222 u=root n=ansible | ok: [slurm-hn] => (item=/var/lib/slurm/slurmctld)
2026-03-18 02:09:48,278 p=108222 u=root n=ansible | ok: [slurm-wn2] => (item=/var/lib/slurm)
2026-03-18 02:09:48,542 p=108222 u=root n=ansible | ok: [slurm-hn] => (item=/etc/slurm)
2026-03-18 02:09:48,810 p=108222 u=root n=ansible | ok: [slurm-wn1] => (item=/var/lib/slurm/slurmd)
2026-03-18 02:09:48,887 p=108222 u=root n=ansible | ok: [slurm-wn2] => (item=/var/lib/slurm/slurmd)
2026-03-18 02:09:49,397 p=108222 u=root n=ansible | ok: [slurm-wn1] => (item=/var/lib/slurm/slurmctld)
2026-03-18 02:09:49,492 p=108222 u=root n=ansible | ok: [slurm-wn2] => (item=/var/lib/slurm/slurmctld)
2026-03-18 02:09:49,984 p=108222 u=root n=ansible | ok: [slurm-wn1] => (item=/etc/slurm)
2026-03-18 02:09:50,101 p=108222 u=root n=ansible | ok: [slurm-wn2] => (item=/etc/slurm)
2026-03-18 02:09:50,116 p=108222 u=root n=ansible | TASK [common : Distribuir archivo slurm.conf] *************************************************************************************************************************************************
2026-03-18 02:09:50,793 p=108222 u=root n=ansible | ok: [slurm-hn]
2026-03-18 02:09:51,246 p=108222 u=root n=ansible | ok: [slurm-wn1]
2026-03-18 02:09:51,294 p=108222 u=root n=ansible | ok: [slurm-wn2]
2026-03-18 02:09:51,307 p=108222 u=root n=ansible | TASK [common : Detener munge inicialmente] ****************************************************************************************************************************************************
2026-03-18 02:09:52,278 p=108222 u=root n=ansible | changed: [slurm-hn]
2026-03-18 02:09:52,533 p=108222 u=root n=ansible | changed: [slurm-wn1]
2026-03-18 02:09:52,543 p=108222 u=root n=ansible | changed: [slurm-wn2]
2026-03-18 02:09:52,571 p=108222 u=root n=ansible | TASK [firewall : Configurar reglas de NFTables] ***********************************************************************************************************************************************
2026-03-18 02:09:53,221 p=108222 u=root n=ansible | ok: [slurm-hn]
2026-03-18 02:09:53,706 p=108222 u=root n=ansible | ok: [slurm-wn1]
2026-03-18 02:09:53,754 p=108222 u=root n=ansible | ok: [slurm-wn2]
2026-03-18 02:09:53,765 p=108222 u=root n=ansible | TASK [firewall : Habilitar servicio NFTables] *************************************************************************************************************************************************
2026-03-18 02:09:54,358 p=108222 u=root n=ansible | ok: [slurm-hn]
2026-03-18 02:09:54,694 p=108222 u=root n=ansible | ok: [slurm-wn1]
2026-03-18 02:09:54,721 p=108222 u=root n=ansible | ok: [slurm-wn2]
2026-03-18 02:09:54,751 p=108222 u=root n=ansible | TASK [ldap : Configurar SSSD para LDAP] *******************************************************************************************************************************************************
2026-03-18 02:09:55,423 p=108222 u=root n=ansible | ok: [slurm-hn]
2026-03-18 02:09:56,141 p=108222 u=root n=ansible | changed: [slurm-wn1]
2026-03-18 02:09:56,158 p=108222 u=root n=ansible | changed: [slurm-wn2]
2026-03-18 02:09:56,168 p=108222 u=root n=ansible | TASK [ldap : Habilitar servicio SSSD] *********************************************************************************************************************************************************
2026-03-18 02:09:56,765 p=108222 u=root n=ansible | ok: [slurm-hn]
2026-03-18 02:09:57,083 p=108222 u=root n=ansible | ok: [slurm-wn1]
2026-03-18 02:09:57,105 p=108222 u=root n=ansible | ok: [slurm-wn2]
2026-03-18 02:09:57,163 p=108222 u=root n=ansible | TASK [Mensaje final de configuracion general] *************************************************************************************************************************************************
2026-03-18 02:09:57,202 p=108222 u=root n=ansible | ok: [slurm-hn] => {
    "msg": [
        "=========================================",
        "Configuracion General Completada",
        "========================================="
    ]
}
2026-03-18 02:09:58,277 p=108222 u=root n=ansible | TASK [Mensaje final de configuracion general] *************************************************************************************************************************************************
2026-03-18 02:09:58,277 p=108222 u=root n=ansible | changed: [slurm-wn1]
2026-03-18 02:09:58,289 p=108222 u=root n=ansible | changed: [slurm-wn2]
2026-03-18 02:09:58,302 p=108222 u=root n=ansible | TASK [Mensaje final de configuracion general] *************************************************************************************************************************************************
2026-03-18 02:09:58,328 p=108222 u=root n=ansible | ok: [slurm-wn1] => {
    "msg": [
        "=========================================",
        "Configuracion General Completada",
        "========================================="
    ]
}
2026-03-18 02:09:58,345 p=108222 u=root n=ansible | ok: [slurm-wn2] => {
    "msg": [
        "=========================================",
        "Configuracion General Completada",
        "========================================="
    ]
}
2026-03-18 02:09:58,384 p=108222 u=root n=ansible | PLAY [Configuraciones especificas del Headnode] ***********************************************************************************************************************************************
2026-03-18 02:09:58,405 p=108222 u=root n=ansible | TASK [Gathering Facts] ************************************************************************************************************************************************************************
2026-03-18 02:09:59,623 p=108222 u=root n=ansible | ok: [slurm-hn]
2026-03-18 02:09:59,642 p=108222 u=root n=ansible | TASK [munge : Configurar Munge en headnode] ***************************************************************************************************************************************************
2026-03-18 02:09:59,686 p=108222 u=root n=ansible | included: /root/ansible-cluster-slurm/roles/munge/tasks/headnode.yml for slurm-hn
2026-03-18 02:09:59,694 p=108222 u=root n=ansible | TASK [munge : Generar llave Munge] ************************************************************************************************************************************************************
2026-03-18 02:10:00,017 p=108222 u=root n=ansible | ok: [slurm-hn]
2026-03-18 02:10:00,028 p=108222 u=root n=ansible | TASK [munge : Asegurar permisos estrictos de llave Munge] *************************************************************************************************************************************
2026-03-18 02:10:00,369 p=108222 u=root n=ansible | ok: [slurm-hn]
2026-03-18 02:10:00,381 p=108222 u=root n=ansible | TASK [munge : Descargar llave Munge al controlador] *******************************************************************************************************************************************
2026-03-18 02:10:00,832 p=108222 u=root n=ansible | ok: [slurm-hn]
2026-03-18 02:10:00,844 p=108222 u=root n=ansible | TASK [munge : Crear directorio de backup] *****************************************************************************************************************************************************
2026-03-18 02:10:01,182 p=108222 u=root n=ansible | ok: [slurm-hn]
2026-03-18 02:10:01,195 p=108222 u=root n=ansible | TASK [munge : Backup de munge.key] ************************************************************************************************************************************************************
2026-03-18 02:10:01,528 p=108222 u=root n=ansible | ok: [slurm-hn]
2026-03-18 02:10:01,542 p=108222 u=root n=ansible | TASK [munge : Iniciar servicio Munge] *********************************************************************************************************************************************************
2026-03-18 02:10:02,205 p=108222 u=root n=ansible | changed: [slurm-hn]
2026-03-18 02:10:02,213 p=108222 u=root n=ansible | TASK [munge : Configurar Munge en workers] ****************************************************************************************************************************************************
2026-03-18 02:10:02,238 p=108222 u=root n=ansible | skipping: [slurm-hn]
2026-03-18 02:10:02,249 p=108222 u=root n=ansible | TASK [munge : Verificar que el socket de Munge esté disponible] *******************************************************************************************************************************
2026-03-18 02:10:02,729 p=108222 u=root n=ansible | ok: [slurm-hn]
2026-03-18 02:10:02,740 p=108222 u=root n=ansible | TASK [munge : Verificar que Munge responda correctamente] *************************************************************************************************************************************
2026-03-18 02:10:03,081 p=108222 u=root n=ansible | ok: [slurm-hn]
2026-03-18 02:10:03,098 p=108222 u=root n=ansible | TASK [chrony_server : Asegurar que Chrony use pools de Sudamérica] ****************************************************************************************************************************
2026-03-18 02:10:03,568 p=108222 u=root n=ansible | ok: [slurm-hn]
2026-03-18 02:10:03,578 p=108222 u=root n=ansible | TASK [chrony_server : Permitir sincronización a la red interna] *******************************************************************************************************************************
2026-03-18 02:10:03,915 p=108222 u=root n=ansible | ok: [slurm-hn]
2026-03-18 02:10:03,926 p=108222 u=root n=ansible | TASK [chrony_server : Forzar al Headnode a ser autoritativo (Local Stratum)] ******************************************************************************************************************
2026-03-18 02:10:04,254 p=108222 u=root n=ansible | ok: [slurm-hn]
2026-03-18 02:10:04,270 p=108222 u=root n=ansible | TASK [ldap_server : Instalar utilidades y paquetes OpenLDAP] **********************************************************************************************************************************
2026-03-18 02:10:05,490 p=108222 u=root n=ansible | ok: [slurm-hn]
2026-03-18 02:10:05,500 p=108222 u=root n=ansible | TASK [ldap_server : Detener slapd para configuración manual] **********************************************************************************************************************************
2026-03-18 02:10:06,138 p=108222 u=root n=ansible | changed: [slurm-hn]
2026-03-18 02:10:06,147 p=108222 u=root n=ansible | TASK [ldap_server : Limpiar directorios de LDAP] **********************************************************************************************************************************************
2026-03-18 02:10:06,492 p=108222 u=root n=ansible | changed: [slurm-hn]
2026-03-18 02:10:06,507 p=108222 u=root n=ansible | TASK [ldap_server : Configurar debconf para el dominio] ***************************************************************************************************************************************
2026-03-18 02:10:08,243 p=108222 u=root n=ansible | changed: [slurm-hn]
2026-03-18 02:10:08,254 p=108222 u=root n=ansible | TASK [ldap_server : Detener slapd de nuevo (dpkg lo inicia solo)] *****************************************************************************************************************************
2026-03-18 02:10:08,914 p=108222 u=root n=ansible | changed: [slurm-hn]
2026-03-18 02:10:08,924 p=108222 u=root n=ansible | TASK [ldap_server : Crear archivo LDIF de emergencia para estructura completa] ****************************************************************************************************************
2026-03-18 02:10:09,567 p=108222 u=root n=ansible | ok: [slurm-hn]
2026-03-18 02:10:09,576 p=108222 u=root n=ansible | TASK [ldap_server : Inyectar estructura directamente a la base de datos (Offline)] ************************************************************************************************************
2026-03-18 02:10:09,953 p=108222 u=root n=ansible | changed: [slurm-hn]
2026-03-18 02:10:09,966 p=108222 u=root n=ansible | TASK [ldap_server : Corregir permisos de la base de datos] ************************************************************************************************************************************
2026-03-18 02:10:10,308 p=108222 u=root n=ansible | ok: [slurm-hn] => (item=/var/lib/ldap)
2026-03-18 02:10:10,630 p=108222 u=root n=ansible | ok: [slurm-hn] => (item=/etc/ldap/slapd.d)
2026-03-18 02:10:10,641 p=108222 u=root n=ansible | TASK [ldap_server : Iniciar slapd definitivo] *************************************************************************************************************************************************
2026-03-18 02:10:11,306 p=108222 u=root n=ansible | changed: [slurm-hn]
2026-03-18 02:10:11,316 p=108222 u=root n=ansible | TASK [ldap_server : Asegurar Unidades Organizativas (Online)] *********************************************************************************************************************************
2026-03-18 02:10:11,879 p=108222 u=root n=ansible | ok: [slurm-hn] => (item={'dn': 'ou=People,dc=cluster,dc=local', 'objectClass': ['top', 'organizationalUnit']})
2026-03-18 02:10:12,220 p=108222 u=root n=ansible | ok: [slurm-hn] => (item={'dn': 'ou=Group,dc=cluster,dc=local', 'objectClass': ['top', 'organizationalUnit']})
2026-03-18 02:10:12,238 p=108222 u=root n=ansible | TASK [nfs_server : Instalar nfs-kernel-server] ************************************************************************************************************************************************
2026-03-18 02:10:13,338 p=108222 u=root n=ansible | ok: [slurm-hn]
2026-03-18 02:10:13,347 p=108222 u=root n=ansible | TASK [nfs_server : Crear directorios para exportar NFS] ***************************************************************************************************************************************
2026-03-18 02:10:13,692 p=108222 u=root n=ansible | ok: [slurm-hn] => (item=/home)
2026-03-18 02:10:14,003 p=108222 u=root n=ansible | ok: [slurm-hn] => (item=/nfs/general)
2026-03-18 02:10:14,315 p=108222 u=root n=ansible | ok: [slurm-hn] => (item=/nfs/privileged)
2026-03-18 02:10:14,327 p=108222 u=root n=ansible | TASK [nfs_server : Configurar exports NFS] ****************************************************************************************************************************************************
2026-03-18 02:10:14,955 p=108222 u=root n=ansible | ok: [slurm-hn]
2026-03-18 02:10:14,966 p=108222 u=root n=ansible | TASK [nfs_server : Aplicar configuración de exports] ******************************************************************************************************************************************
2026-03-18 02:10:15,297 p=108222 u=root n=ansible | changed: [slurm-hn]
2026-03-18 02:10:15,315 p=108222 u=root n=ansible | TASK [mariadb : Instalar mariadb y dependencias] **********************************************************************************************************************************************
2026-03-18 02:10:16,511 p=108222 u=root n=ansible | ok: [slurm-hn]
2026-03-18 02:10:16,521 p=108222 u=root n=ansible | TASK [mariadb : Iniciar servicio MariaDB] *****************************************************************************************************************************************************
2026-03-18 02:10:17,134 p=108222 u=root n=ansible | ok: [slurm-hn]
2026-03-18 02:10:17,146 p=108222 u=root n=ansible | TASK [mariadb : Crear BD para Slurm Accounting] ***********************************************************************************************************************************************
2026-03-18 02:10:17,667 p=108222 u=root n=ansible | ok: [slurm-hn]
2026-03-18 02:10:17,680 p=108222 u=root n=ansible | TASK [mariadb : Crear Usuario de Base de Datos y dar permisos] ********************************************************************************************************************************
2026-03-18 02:10:18,267 p=108222 u=root n=ansible | [WARNING]: Option column_case_sensitive is not provided. The default is now false, so the column's name will be uppercased. The default will be changed to true in community.mysql 4.0.0.

2026-03-18 02:10:18,268 p=108222 u=root n=ansible | ok: [slurm-hn]
2026-03-18 02:10:18,278 p=108222 u=root n=ansible | TASK [mariadb : Optimizar MariaDB para Slurm Accounting] **************************************************************************************************************************************
2026-03-18 02:10:18,615 p=108222 u=root n=ansible | ok: [slurm-hn] => (item={'regexp': '^innodb_buffer_pool_size', 'line': 'innodb_buffer_pool_size = 1G'})
2026-03-18 02:10:18,922 p=108222 u=root n=ansible | ok: [slurm-hn] => (item={'regexp': '^innodb_log_file_size', 'line': 'innodb_log_file_size = 64M'})
2026-03-18 02:10:19,230 p=108222 u=root n=ansible | ok: [slurm-hn] => (item={'regexp': '^innodb_lock_wait_timeout', 'line': 'innodb_lock_wait_timeout = 900'})
2026-03-18 02:10:19,533 p=108222 u=root n=ansible | ok: [slurm-hn] => (item={'regexp': '^innodb_flush_log_at_trx_commit', 'line': 'innodb_flush_log_at_trx_commit = 2'})
2026-03-18 02:10:19,552 p=108222 u=root n=ansible | TASK [slurmdbd : Instalar slurmdbd] ***********************************************************************************************************************************************************
2026-03-18 02:10:20,764 p=108222 u=root n=ansible | ok: [slurm-hn]
2026-03-18 02:10:20,775 p=108222 u=root n=ansible | TASK [slurmdbd : Asegurar directorio de logs con permisos correctos] **************************************************************************************************************************
2026-03-18 02:10:21,112 p=108222 u=root n=ansible | ok: [slurm-hn]
2026-03-18 02:10:21,123 p=108222 u=root n=ansible | TASK [slurmdbd : Crear archivo de log si no existe] *******************************************************************************************************************************************
2026-03-18 02:10:21,462 p=108222 u=root n=ansible | changed: [slurm-hn]
2026-03-18 02:10:21,473 p=108222 u=root n=ansible | TASK [slurmdbd : Configurar archivo slurmdbd.conf] ********************************************************************************************************************************************
2026-03-18 02:10:22,126 p=108222 u=root n=ansible | ok: [slurm-hn]
2026-03-18 02:10:22,137 p=108222 u=root n=ansible | TASK [slurmdbd : Iniciar servicio SlurmDBD] ***************************************************************************************************************************************************
2026-03-18 02:10:22,754 p=108222 u=root n=ansible | ok: [slurm-hn]
2026-03-18 02:10:22,771 p=108222 u=root n=ansible | TASK [slurmctld : Esperar a que SlurmDBD responda] ********************************************************************************************************************************************
2026-03-18 02:10:28,114 p=108222 u=root n=ansible | ok: [slurm-hn]
2026-03-18 02:10:28,125 p=108222 u=root n=ansible | TASK [slurmctld : Iniciar Slurm Controller (slurmctld)] ***************************************************************************************************************************************
2026-03-18 02:10:28,729 p=108222 u=root n=ansible | ok: [slurm-hn]
2026-03-18 02:10:28,748 p=108222 u=root n=ansible | TASK [slurm_accounting : Registrar Cluster en Accounting] *************************************************************************************************************************************
2026-03-18 02:10:29,279 p=108222 u=root n=ansible | ok: [slurm-hn]
2026-03-18 02:10:29,292 p=108222 u=root n=ansible | TASK [slurm_accounting : Crear cuentas base de usuarios] **************************************************************************************************************************************
2026-03-18 02:10:29,817 p=108222 u=root n=ansible | ok: [slurm-hn] => (item=researchers)
2026-03-18 02:10:30,310 p=108222 u=root n=ansible | ok: [slurm-hn] => (item=students)
2026-03-18 02:10:30,325 p=108222 u=root n=ansible | TASK [slurm_accounting : Vincular usuarios LDAP a cuentas de Slurm (Ejemplo)] *****************************************************************************************************************
2026-03-18 02:10:30,854 p=108222 u=root n=ansible | ok: [slurm-hn] => (item={'user': 'admin', 'acct': 'researchers'})
2026-03-18 02:10:30,873 p=108222 u=root n=ansible | TASK [monitoring : Instalar Docker y dependencias de Python para Docker] **********************************************************************************************************************
2026-03-18 02:10:32,073 p=108222 u=root n=ansible | ok: [slurm-hn]
2026-03-18 02:10:32,082 p=108222 u=root n=ansible | TASK [monitoring : Crear estructura de directorios] *******************************************************************************************************************************************
2026-03-18 02:10:32,431 p=108222 u=root n=ansible | ok: [slurm-hn] => (item=/etc/grafana/provisioning/datasources)
2026-03-18 02:10:32,745 p=108222 u=root n=ansible | ok: [slurm-hn] => (item=/etc/grafana/provisioning/dashboards)
2026-03-18 02:10:33,063 p=108222 u=root n=ansible | ok: [slurm-hn] => (item=/etc/grafana/dashboards_json)
2026-03-18 02:10:33,384 p=108222 u=root n=ansible | ok: [slurm-hn] => (item=/etc/prometheus)
2026-03-18 02:10:33,397 p=108222 u=root n=ansible | TASK [monitoring : Provisionar archivos de configuración] *************************************************************************************************************************************
2026-03-18 02:10:34,058 p=108222 u=root n=ansible | ok: [slurm-hn] => (item={'src': 'grafana_datasource.yml.j2', 'dest': '/etc/grafana/provisioning/datasources/prometheus.yml'})
2026-03-18 02:10:34,669 p=108222 u=root n=ansible | ok: [slurm-hn] => (item={'src': 'grafana_dashboards.yml.j2', 'dest': '/etc/grafana/provisioning/dashboards/main.yaml'})
2026-03-18 02:10:35,242 p=108222 u=root n=ansible | ok: [slurm-hn] => (item={'src': 'prometheus.yml.j2', 'dest': '/etc/prometheus/prometheus.yml'})
2026-03-18 02:10:35,255 p=108222 u=root n=ansible | TASK [monitoring : Descargar Dashboard Node Exporter Full (ID 1860)] **************************************************************************************************************************
2026-03-18 02:10:37,076 p=108222 u=root n=ansible | ok: [slurm-hn]
2026-03-18 02:10:37,091 p=108222 u=root n=ansible | TASK [monitoring : Corregir el Data Source en el JSON del Dashboard] **************************************************************************************************************************
2026-03-18 02:10:37,605 p=108222 u=root n=ansible | ok: [slurm-hn]
2026-03-18 02:10:37,617 p=108222 u=root n=ansible | TASK [monitoring : Desplegar Contenedor Prometheus] *******************************************************************************************************************************************
2026-03-18 02:10:38,658 p=108222 u=root n=ansible | ok: [slurm-hn]
2026-03-18 02:10:38,671 p=108222 u=root n=ansible | TASK [monitoring : Desplegar Contenedor Grafana] **********************************************************************************************************************************************
2026-03-18 02:10:39,308 p=108222 u=root n=ansible | ok: [slurm-hn]
2026-03-18 02:10:39,324 p=108222 u=root n=ansible | TASK [Configurar SSH keys en headnode] ********************************************************************************************************************************************************
2026-03-18 02:10:39,365 p=108222 u=root n=ansible | TASK [ssh_keys : Generar par de llaves ssh RSA para root] *************************************************************************************************************************************
2026-03-18 02:10:39,784 p=108222 u=root n=ansible | ok: [slurm-hn]
2026-03-18 02:10:39,795 p=108222 u=root n=ansible | TASK [ssh_keys : Descargar llave publica SSH de root] *****************************************************************************************************************************************
2026-03-18 02:10:40,113 p=108222 u=root n=ansible | ok: [slurm-hn]
2026-03-18 02:10:40,142 p=108222 u=root n=ansible | TASK [Mensaje final de configuracion del headnode] ********************************************************************************************************************************************
2026-03-18 02:10:40,169 p=108222 u=root n=ansible | ok: [slurm-hn] => {
    "msg": [
        "=========================================",
        "Configuracion del Headnode Completada",
        "========================================="
    ]
}
2026-03-18 02:10:40,215 p=108222 u=root n=ansible | PLAY [Configuraciones especificas de los workers] *********************************************************************************************************************************************
2026-03-18 02:10:40,227 p=108222 u=root n=ansible | TASK [Gathering Facts] ************************************************************************************************************************************************************************
2026-03-18 02:10:41,726 p=108222 u=root n=ansible | ok: [slurm-wn1]
2026-03-18 02:10:41,789 p=108222 u=root n=ansible | ok: [slurm-wn2]
2026-03-18 02:10:41,821 p=108222 u=root n=ansible | TASK [munge : Configurar Munge en headnode] ***************************************************************************************************************************************************
2026-03-18 02:10:41,845 p=108222 u=root n=ansible | skipping: [slurm-wn1]
2026-03-18 02:10:41,861 p=108222 u=root n=ansible | skipping: [slurm-wn2]
2026-03-18 02:10:41,869 p=108222 u=root n=ansible | TASK [munge : Configurar Munge en workers] ****************************************************************************************************************************************************
2026-03-18 02:10:41,923 p=108222 u=root n=ansible | included: /root/ansible-cluster-slurm/roles/munge/tasks/workers.yml for slurm-wn1, slurm-wn2
2026-03-18 02:10:41,931 p=108222 u=root n=ansible | TASK [munge : Distribuir llave Munge desde el controlador] ************************************************************************************************************************************
2026-03-18 02:10:43,033 p=108222 u=root n=ansible | ok: [slurm-wn1]
2026-03-18 02:10:43,086 p=108222 u=root n=ansible | ok: [slurm-wn2]
2026-03-18 02:10:43,099 p=108222 u=root n=ansible | TASK [munge : Iniciar servicio Munge en workers] **********************************************************************************************************************************************
2026-03-18 02:10:44,044 p=108222 u=root n=ansible | changed: [slurm-wn1]
2026-03-18 02:10:44,081 p=108222 u=root n=ansible | changed: [slurm-wn2]
2026-03-18 02:10:44,093 p=108222 u=root n=ansible | TASK [munge : Verificar que el socket de Munge esté disponible] *******************************************************************************************************************************
2026-03-18 02:10:44,681 p=108222 u=root n=ansible | ok: [slurm-wn2]
2026-03-18 02:10:44,687 p=108222 u=root n=ansible | ok: [slurm-wn1]
2026-03-18 02:10:44,698 p=108222 u=root n=ansible | TASK [munge : Verificar que Munge responda correctamente] *************************************************************************************************************************************
2026-03-18 02:10:45,317 p=108222 u=root n=ansible | ok: [slurm-wn1]
2026-03-18 02:10:45,338 p=108222 u=root n=ansible | ok: [slurm-wn2]
2026-03-18 02:10:45,358 p=108222 u=root n=ansible | TASK [chrony_client : Configurar Chrony como cliente del Headnode] ****************************************************************************************************************************
2026-03-18 02:10:46,449 p=108222 u=root n=ansible | ok: [slurm-wn2]
2026-03-18 02:10:46,478 p=108222 u=root n=ansible | ok: [slurm-wn1]
2026-03-18 02:10:46,499 p=108222 u=root n=ansible | TASK [ldap_client : Instalar paquetes necesarios para SSSD y LDAP] ****************************************************************************************************************************
2026-03-18 02:10:47,943 p=108222 u=root n=ansible | ok: [slurm-wn2]
2026-03-18 02:10:48,104 p=108222 u=root n=ansible | ok: [slurm-wn1]
2026-03-18 02:10:48,115 p=108222 u=root n=ansible | TASK [ldap_client : Configurar SSSD desde el template] ****************************************************************************************************************************************
2026-03-18 02:10:49,348 p=108222 u=root n=ansible | changed: [slurm-wn1]
2026-03-18 02:10:49,413 p=108222 u=root n=ansible | changed: [slurm-wn2]
2026-03-18 02:10:49,427 p=108222 u=root n=ansible | TASK [ldap_client : Asegurar que SSSD esté habilitado e iniciado] *****************************************************************************************************************************
2026-03-18 02:10:50,321 p=108222 u=root n=ansible | ok: [slurm-wn1]
2026-03-18 02:10:50,366 p=108222 u=root n=ansible | ok: [slurm-wn2]
2026-03-18 02:10:50,376 p=108222 u=root n=ansible | TASK [ldap_client : Configurar mkhomedir en PAM (Workers)] ************************************************************************************************************************************
2026-03-18 02:10:50,982 p=108222 u=root n=ansible | ok: [slurm-wn1]
2026-03-18 02:10:51,027 p=108222 u=root n=ansible | ok: [slurm-wn2]
2026-03-18 02:10:51,050 p=108222 u=root n=ansible | TASK [nfs_client : Crear puntos de montaje locales] *******************************************************************************************************************************************
2026-03-18 02:10:51,676 p=108222 u=root n=ansible | changed: [slurm-wn1] => (item=/nfs/general)
2026-03-18 02:10:51,726 p=108222 u=root n=ansible | ok: [slurm-wn2] => (item=/nfs/general)
2026-03-18 02:10:52,238 p=108222 u=root n=ansible | changed: [slurm-wn1] => (item=/nfs/privileged)
2026-03-18 02:10:52,335 p=108222 u=root n=ansible | ok: [slurm-wn2] => (item=/nfs/privileged)
2026-03-18 02:10:52,347 p=108222 u=root n=ansible | TASK [nfs_client : Montar directorios NFS desde el Headnode] **********************************************************************************************************************************
2026-03-18 02:10:53,147 p=108222 u=root n=ansible | ok: [slurm-wn1] => (item={'path': '/home', 'src': '/home'})
2026-03-18 02:10:53,166 p=108222 u=root n=ansible | ok: [slurm-wn2] => (item={'path': '/home', 'src': '/home'})
2026-03-18 02:10:53,747 p=108222 u=root n=ansible | ok: [slurm-wn1] => (item={'path': '/nfs/general', 'src': '/nfs/general'})
2026-03-18 02:10:53,786 p=108222 u=root n=ansible | ok: [slurm-wn2] => (item={'path': '/nfs/general', 'src': '/nfs/general'})
2026-03-18 02:10:54,333 p=108222 u=root n=ansible | ok: [slurm-wn1] => (item={'path': '/nfs/privileged', 'src': '/nfs/privileged'})
2026-03-18 02:10:54,407 p=108222 u=root n=ansible | ok: [slurm-wn2] => (item={'path': '/nfs/privileged', 'src': '/nfs/privileged'})
2026-03-18 02:10:54,433 p=108222 u=root n=ansible | TASK [slurmd : Asegurar directorio de configuración] ******************************************************************************************************************************************
2026-03-18 02:10:55,066 p=108222 u=root n=ansible | ok: [slurm-wn1] => (item=/etc/slurm)
2026-03-18 02:10:55,096 p=108222 u=root n=ansible | ok: [slurm-wn2] => (item=/etc/slurm)
2026-03-18 02:10:55,656 p=108222 u=root n=ansible | ok: [slurm-wn1] => (item=/var/lib/slurm)
2026-03-18 02:10:55,690 p=108222 u=root n=ansible | ok: [slurm-wn2] => (item=/var/lib/slurm)
2026-03-18 02:10:56,231 p=108222 u=root n=ansible | ok: [slurm-wn1] => (item=/var/lib/slurm/slurmd)
2026-03-18 02:10:56,299 p=108222 u=root n=ansible | ok: [slurm-wn2] => (item=/var/lib/slurm/slurmd)
2026-03-18 02:10:56,805 p=108222 u=root n=ansible | changed: [slurm-wn1] => (item=/var/spool/slurmd)
2026-03-18 02:10:56,910 p=108222 u=root n=ansible | changed: [slurm-wn2] => (item=/var/spool/slurmd)
2026-03-18 02:10:56,922 p=108222 u=root n=ansible | TASK [slurmd : Enviar slurm.conf maestro a los workers] ***************************************************************************************************************************************
2026-03-18 02:10:58,028 p=108222 u=root n=ansible | ok: [slurm-wn1]
2026-03-18 02:10:58,090 p=108222 u=root n=ansible | ok: [slurm-wn2]
2026-03-18 02:10:58,102 p=108222 u=root n=ansible | TASK [slurmd : Distribuir configuración de Cgroups] *******************************************************************************************************************************************
2026-03-18 02:10:59,311 p=108222 u=root n=ansible | changed: [slurm-wn1]
2026-03-18 02:10:59,367 p=108222 u=root n=ansible | changed: [slurm-wn2]
2026-03-18 02:10:59,378 p=108222 u=root n=ansible | TASK [slurmd : Iniciar servicio Slurmd (Worker Daemon)] ***************************************************************************************************************************************
2026-03-18 02:11:00,418 p=108222 u=root n=ansible | changed: [slurm-wn1]
2026-03-18 02:11:00,467 p=108222 u=root n=ansible | changed: [slurm-wn2]
2026-03-18 02:11:00,486 p=108222 u=root n=ansible | TASK [Configurar SSH keys en workers] *********************************************************************************************************************************************************
2026-03-18 02:11:00,545 p=108222 u=root n=ansible | TASK [ssh_keys : Agregar llave SSH publica para ingresar como root a los workers] *************************************************************************************************************
2026-03-18 02:11:01,514 p=108222 u=root n=ansible | changed: [slurm-wn1]
2026-03-18 02:11:01,540 p=108222 u=root n=ansible | changed: [slurm-wn2]
2026-03-18 02:11:01,583 p=108222 u=root n=ansible | RUNNING HANDLER [ldap_client : Reiniciar sssd] ************************************************************************************************************************************************
2026-03-18 02:11:02,758 p=108222 u=root n=ansible | changed: [slurm-wn1]
2026-03-18 02:11:02,781 p=108222 u=root n=ansible | changed: [slurm-wn2]
2026-03-18 02:11:02,791 p=108222 u=root n=ansible | RUNNING HANDLER [slurmd : Reiniciar slurmd] ***************************************************************************************************************************************************
2026-03-18 02:11:03,712 p=108222 u=root n=ansible | changed: [slurm-wn1]
2026-03-18 02:11:03,795 p=108222 u=root n=ansible | changed: [slurm-wn2]
2026-03-18 02:11:03,806 p=108222 u=root n=ansible | TASK [Mensaje final de configuracion de los workers] ******************************************************************************************************************************************
2026-03-18 02:11:03,833 p=108222 u=root n=ansible | ok: [slurm-wn1] => {
    "msg": [
        "=========================================",
        "Configuracion de los Workers Completada",
        "========================================="
    ]
}
2026-03-18 02:11:03,846 p=108222 u=root n=ansible | ok: [slurm-wn2] => {
    "msg": [
        "=========================================",
        "Configuracion de los Workers Completada",
        "========================================="
    ]
}
2026-03-18 02:11:03,874 p=108222 u=root n=ansible | PLAY [Resumen] ********************************************************************************************************************************************************************************
2026-03-18 02:11:03,879 p=108222 u=root n=ansible | TASK [Display deployment summary] *************************************************************************************************************************************************************
2026-03-18 02:11:03,906 p=108222 u=root n=ansible | ok: [localhost] => {
    "msg": [
        "",
        "=========================================",
        "Cluster SLURM configurado",
        "=========================================",
        ""
    ]
}
2026-03-18 02:11:03,916 p=108222 u=root n=ansible | PLAY RECAP ************************************************************************************************************************************************************************************
2026-03-18 02:11:03,916 p=108222 u=root n=ansible | localhost                  : ok=1    changed=0    unreachable=0    failed=0    skipped=0    rescued=0    ignored=0   
2026-03-18 02:11:03,916 p=108222 u=root n=ansible | slurm-hn                   : ok=74   changed=10   unreachable=0    failed=0    skipped=2    rescued=0    ignored=1   
2026-03-18 02:11:03,916 p=108222 u=root n=ansible | slurm-wn1                  : ok=39   changed=12   unreachable=0    failed=0    skipped=2    rescued=0    ignored=1   
2026-03-18 02:11:03,916 p=108222 u=root n=ansible | slurm-wn2                  : ok=39   changed=11   unreachable=0    failed=0    skipped=2    rescued=0    ignored=1   
2026-03-18 02:24:22,080 p=113103 u=root n=ansible | PLAY [Instalar SSHPASS para la conexion ssh de headnode a workers] ****************************************************************************************************************************
2026-03-18 02:24:22,092 p=113103 u=root n=ansible | TASK [Gathering Facts] ************************************************************************************************************************************************************************
2026-03-18 02:24:23,703 p=113103 u=root n=ansible | ok: [slurm-hn]
2026-03-18 02:24:23,720 p=113103 u=root n=ansible | TASK [initial_setup : Actualizar cache de apt] ************************************************************************************************************************************************
2026-03-18 02:24:38,298 p=113103 u=root n=ansible | changed: [slurm-hn]
2026-03-18 02:24:38,308 p=113103 u=root n=ansible | TASK [initial_setup : Instalar sshpass] *******************************************************************************************************************************************************
2026-03-18 02:24:39,568 p=113103 u=root n=ansible | ok: [slurm-hn]
2026-03-18 02:24:39,577 p=113103 u=root n=ansible | TASK [initial_setup : Instalar rng-tools] *****************************************************************************************************************************************************
2026-03-18 02:24:40,762 p=113103 u=root n=ansible | ok: [slurm-hn]
2026-03-18 02:24:40,788 p=113103 u=root n=ansible | TASK [Mensaje final de configuracion general] *************************************************************************************************************************************************
2026-03-18 02:24:40,813 p=113103 u=root n=ansible | ok: [slurm-hn] => {
    "msg": [
        "=========================================",
        " Configuracion Inicial Completada",
        "========================================="
    ]
}
2026-03-18 02:24:40,830 p=113103 u=root n=ansible | PLAY [Configuracion General de todo el cluster] ***********************************************************************************************************************************************
2026-03-18 02:24:40,843 p=113103 u=root n=ansible | TASK [Gathering Facts] ************************************************************************************************************************************************************************
2026-03-18 02:24:42,050 p=113103 u=root n=ansible | ok: [slurm-hn]
2026-03-18 02:24:43,498 p=113103 u=root n=ansible | ok: [slurm-wn1]
2026-03-18 02:24:43,516 p=113103 u=root n=ansible | ok: [slurm-wn2]
2026-03-18 02:24:43,554 p=113103 u=root n=ansible | TASK [common : Configurar hostname del nodo] **************************************************************************************************************************************************
2026-03-18 02:24:44,624 p=113103 u=root n=ansible | ok: [slurm-hn]
2026-03-18 02:24:44,864 p=113103 u=root n=ansible | ok: [slurm-wn1]
2026-03-18 02:24:44,878 p=113103 u=root n=ansible | ok: [slurm-wn2]
2026-03-18 02:24:44,889 p=113103 u=root n=ansible | TASK [common : Configurar archivo '/etc/hosts'] ***********************************************************************************************************************************************
2026-03-18 02:24:45,882 p=113103 u=root n=ansible | ok: [slurm-hn]
2026-03-18 02:24:46,114 p=113103 u=root n=ansible | ok: [slurm-wn1]
2026-03-18 02:24:46,148 p=113103 u=root n=ansible | ok: [slurm-wn2]
2026-03-18 02:24:46,161 p=113103 u=root n=ansible | TASK [common : Crear grupos del sistema] ******************************************************************************************************************************************************
2026-03-18 02:24:46,649 p=113103 u=root n=ansible | ok: [slurm-hn] => (item={'name': 'munge'})
2026-03-18 02:24:46,836 p=113103 u=root n=ansible | ok: [slurm-wn1] => (item={'name': 'munge'})
2026-03-18 02:24:46,885 p=113103 u=root n=ansible | ok: [slurm-wn2] => (item={'name': 'munge'})
2026-03-18 02:24:46,951 p=113103 u=root n=ansible | ok: [slurm-hn] => (item={'name': 'slurm'})
2026-03-18 02:24:47,382 p=113103 u=root n=ansible | ok: [slurm-wn1] => (item={'name': 'slurm'})
2026-03-18 02:24:47,498 p=113103 u=root n=ansible | ok: [slurm-wn2] => (item={'name': 'slurm'})
2026-03-18 02:24:47,511 p=113103 u=root n=ansible | TASK [common : Crear usuarios del sistema] ****************************************************************************************************************************************************
2026-03-18 02:24:48,126 p=113103 u=root n=ansible | ok: [slurm-hn] => (item={'name': 'munge', 'shell': '/usr/sbin/nologin', 'home': '/var/lib/munge'})
2026-03-18 02:24:48,349 p=113103 u=root n=ansible | ok: [slurm-wn1] => (item={'name': 'munge', 'shell': '/usr/sbin/nologin', 'home': '/var/lib/munge'})
2026-03-18 02:24:48,350 p=113103 u=root n=ansible | ok: [slurm-wn2] => (item={'name': 'munge', 'shell': '/usr/sbin/nologin', 'home': '/var/lib/munge'})
2026-03-18 02:24:48,501 p=113103 u=root n=ansible | ok: [slurm-hn] => (item={'name': 'slurm', 'shell': '/bin/bash', 'home': '/var/lib/slurm'})
2026-03-18 02:24:49,016 p=113103 u=root n=ansible | ok: [slurm-wn1] => (item={'name': 'slurm', 'shell': '/bin/bash', 'home': '/var/lib/slurm'})
2026-03-18 02:24:49,052 p=113103 u=root n=ansible | ok: [slurm-wn2] => (item={'name': 'slurm', 'shell': '/bin/bash', 'home': '/var/lib/slurm'})
2026-03-18 02:24:49,066 p=113103 u=root n=ansible | TASK [common : Actualizar cache de apt] *******************************************************************************************************************************************************
2026-03-18 02:24:49,961 p=113103 u=root n=ansible | ok: [slurm-hn]
2026-03-18 02:24:50,300 p=113103 u=root n=ansible | ok: [slurm-wn1]
2026-03-18 02:25:02,817 p=113103 u=root n=ansible | changed: [slurm-wn2]
2026-03-18 02:25:02,828 p=113103 u=root n=ansible | TASK [common : Extender la partición root para ocupar todo el disco] **************************************************************************************************************************
2026-03-18 02:25:03,499 p=113103 u=root n=ansible | fatal: [slurm-hn]: FAILED! => {"changed": false, "cmd": ["growpart", "/dev/vda", "2"], "delta": "0:00:00.132388", "end": "2026-03-18 02:25:03.445837", "msg": "non-zero return code", "rc": 1, "start": "2026-03-18 02:25:03.313449", "stderr": "", "stderr_lines": [], "stdout": "NOCHANGE: partition 2 is size 52424671. it cannot be grown", "stdout_lines": ["NOCHANGE: partition 2 is size 52424671. it cannot be grown"]}
2026-03-18 02:25:03,499 p=113103 u=root n=ansible | ...ignoring
2026-03-18 02:25:03,708 p=113103 u=root n=ansible | fatal: [slurm-wn1]: FAILED! => {"changed": false, "cmd": ["growpart", "/dev/vda", "2"], "delta": "0:00:00.112330", "end": "2026-03-18 02:25:03.615372", "msg": "non-zero return code", "rc": 1, "start": "2026-03-18 02:25:03.503042", "stderr": "", "stderr_lines": [], "stdout": "NOCHANGE: partition 2 is size 52424671. it cannot be grown", "stdout_lines": ["NOCHANGE: partition 2 is size 52424671. it cannot be grown"]}
2026-03-18 02:25:03,708 p=113103 u=root n=ansible | ...ignoring
2026-03-18 02:25:03,710 p=113103 u=root n=ansible | fatal: [slurm-wn2]: FAILED! => {"changed": false, "cmd": ["growpart", "/dev/vda", "2"], "delta": "0:00:00.117749", "end": "2026-03-18 02:25:03.629374", "msg": "non-zero return code", "rc": 1, "start": "2026-03-18 02:25:03.511625", "stderr": "", "stderr_lines": [], "stdout": "NOCHANGE: partition 2 is size 52424671. it cannot be grown", "stdout_lines": ["NOCHANGE: partition 2 is size 52424671. it cannot be grown"]}
2026-03-18 02:25:03,710 p=113103 u=root n=ansible | ...ignoring
2026-03-18 02:25:03,722 p=113103 u=root n=ansible | TASK [common : Redimensionar el sistema de archivos ext4] *************************************************************************************************************************************
2026-03-18 02:25:03,760 p=113103 u=root n=ansible | skipping: [slurm-hn]
2026-03-18 02:25:03,763 p=113103 u=root n=ansible | skipping: [slurm-wn1]
2026-03-18 02:25:03,774 p=113103 u=root n=ansible | skipping: [slurm-wn2]
2026-03-18 02:25:03,782 p=113103 u=root n=ansible | TASK [common : Instalar paquetes comunes] *****************************************************************************************************************************************************
2026-03-18 02:25:10,238 p=113103 u=root n=ansible | changed: [slurm-wn2]
2026-03-18 02:25:10,616 p=113103 u=root n=ansible | changed: [slurm-wn1]
2026-03-18 02:25:10,876 p=113103 u=root n=ansible | changed: [slurm-hn]
2026-03-18 02:25:10,887 p=113103 u=root n=ansible | TASK [common : Crear directorios de Munge] ****************************************************************************************************************************************************
2026-03-18 02:25:11,228 p=113103 u=root n=ansible | ok: [slurm-hn] => (item=/etc/munge)
2026-03-18 02:25:11,513 p=113103 u=root n=ansible | ok: [slurm-wn1] => (item=/etc/munge)
2026-03-18 02:25:11,529 p=113103 u=root n=ansible | ok: [slurm-hn] => (item=/var/log/munge)
2026-03-18 02:25:11,555 p=113103 u=root n=ansible | ok: [slurm-wn2] => (item=/etc/munge)
2026-03-18 02:25:11,837 p=113103 u=root n=ansible | ok: [slurm-hn] => (item=/var/lib/munge)
2026-03-18 02:25:12,105 p=113103 u=root n=ansible | ok: [slurm-wn1] => (item=/var/log/munge)
2026-03-18 02:25:12,147 p=113103 u=root n=ansible | ok: [slurm-wn2] => (item=/var/log/munge)
2026-03-18 02:25:12,683 p=113103 u=root n=ansible | ok: [slurm-wn1] => (item=/var/lib/munge)
2026-03-18 02:25:12,774 p=113103 u=root n=ansible | ok: [slurm-wn2] => (item=/var/lib/munge)
2026-03-18 02:25:12,786 p=113103 u=root n=ansible | TASK [common : Crear directorios de Slurm] ****************************************************************************************************************************************************
2026-03-18 02:25:13,124 p=113103 u=root n=ansible | ok: [slurm-hn] => (item=/var/log/slurm)
2026-03-18 02:25:13,420 p=113103 u=root n=ansible | ok: [slurm-wn1] => (item=/var/log/slurm)
2026-03-18 02:25:13,434 p=113103 u=root n=ansible | ok: [slurm-hn] => (item=/var/lib/slurm)
2026-03-18 02:25:13,514 p=113103 u=root n=ansible | ok: [slurm-wn2] => (item=/var/log/slurm)
2026-03-18 02:25:13,753 p=113103 u=root n=ansible | ok: [slurm-hn] => (item=/var/lib/slurm/slurmd)
2026-03-18 02:25:14,012 p=113103 u=root n=ansible | ok: [slurm-wn1] => (item=/var/lib/slurm)
2026-03-18 02:25:14,074 p=113103 u=root n=ansible | ok: [slurm-hn] => (item=/var/lib/slurm/slurmctld)
2026-03-18 02:25:14,124 p=113103 u=root n=ansible | ok: [slurm-wn2] => (item=/var/lib/slurm)
2026-03-18 02:25:14,387 p=113103 u=root n=ansible | ok: [slurm-hn] => (item=/etc/slurm)
2026-03-18 02:25:14,638 p=113103 u=root n=ansible | ok: [slurm-wn1] => (item=/var/lib/slurm/slurmd)
2026-03-18 02:25:14,729 p=113103 u=root n=ansible | ok: [slurm-wn2] => (item=/var/lib/slurm/slurmd)
2026-03-18 02:25:15,218 p=113103 u=root n=ansible | ok: [slurm-wn1] => (item=/var/lib/slurm/slurmctld)
2026-03-18 02:25:15,337 p=113103 u=root n=ansible | ok: [slurm-wn2] => (item=/var/lib/slurm/slurmctld)
2026-03-18 02:25:15,804 p=113103 u=root n=ansible | ok: [slurm-wn1] => (item=/etc/slurm)
2026-03-18 02:25:15,948 p=113103 u=root n=ansible | ok: [slurm-wn2] => (item=/etc/slurm)
2026-03-18 02:25:15,963 p=113103 u=root n=ansible | TASK [common : Distribuir archivo slurm.conf] *************************************************************************************************************************************************
2026-03-18 02:25:16,618 p=113103 u=root n=ansible | ok: [slurm-hn]
2026-03-18 02:25:17,098 p=113103 u=root n=ansible | ok: [slurm-wn1]
2026-03-18 02:25:17,141 p=113103 u=root n=ansible | ok: [slurm-wn2]
2026-03-18 02:25:17,152 p=113103 u=root n=ansible | TASK [common : Detener munge inicialmente] ****************************************************************************************************************************************************
2026-03-18 02:25:18,084 p=113103 u=root n=ansible | changed: [slurm-hn]
2026-03-18 02:25:18,300 p=113103 u=root n=ansible | changed: [slurm-wn1]
2026-03-18 02:25:18,327 p=113103 u=root n=ansible | changed: [slurm-wn2]
2026-03-18 02:25:18,356 p=113103 u=root n=ansible | TASK [firewall : Configurar reglas de NFTables] ***********************************************************************************************************************************************
2026-03-18 02:25:19,008 p=113103 u=root n=ansible | ok: [slurm-hn]
2026-03-18 02:25:19,460 p=113103 u=root n=ansible | ok: [slurm-wn1]
2026-03-18 02:25:19,546 p=113103 u=root n=ansible | ok: [slurm-wn2]
2026-03-18 02:25:19,557 p=113103 u=root n=ansible | TASK [firewall : Habilitar servicio NFTables] *************************************************************************************************************************************************
2026-03-18 02:25:20,154 p=113103 u=root n=ansible | ok: [slurm-hn]
2026-03-18 02:25:20,466 p=113103 u=root n=ansible | ok: [slurm-wn1]
2026-03-18 02:25:20,514 p=113103 u=root n=ansible | ok: [slurm-wn2]
2026-03-18 02:25:20,542 p=113103 u=root n=ansible | TASK [ldap : Configurar SSSD para LDAP] *******************************************************************************************************************************************************
2026-03-18 02:25:21,182 p=113103 u=root n=ansible | ok: [slurm-hn]
2026-03-18 02:25:21,877 p=113103 u=root n=ansible | changed: [slurm-wn2]
2026-03-18 02:25:21,935 p=113103 u=root n=ansible | changed: [slurm-wn1]
2026-03-18 02:25:21,947 p=113103 u=root n=ansible | TASK [ldap : Habilitar servicio SSSD] *********************************************************************************************************************************************************
2026-03-18 02:25:22,563 p=113103 u=root n=ansible | ok: [slurm-hn]
2026-03-18 02:25:22,880 p=113103 u=root n=ansible | ok: [slurm-wn1]
2026-03-18 02:25:22,883 p=113103 u=root n=ansible | ok: [slurm-wn2]
2026-03-18 02:25:22,940 p=113103 u=root n=ansible | TASK [Mensaje final de configuracion general] *************************************************************************************************************************************************
2026-03-18 02:25:22,977 p=113103 u=root n=ansible | ok: [slurm-hn] => {
    "msg": [
        "=========================================",
        "Configuracion General Completada",
        "========================================="
    ]
}
2026-03-18 02:25:24,050 p=113103 u=root n=ansible | TASK [Mensaje final de configuracion general] *************************************************************************************************************************************************
2026-03-18 02:25:24,050 p=113103 u=root n=ansible | changed: [slurm-wn1]
2026-03-18 02:25:24,088 p=113103 u=root n=ansible | changed: [slurm-wn2]
2026-03-18 02:25:24,103 p=113103 u=root n=ansible | TASK [Mensaje final de configuracion general] *************************************************************************************************************************************************
2026-03-18 02:25:24,130 p=113103 u=root n=ansible | ok: [slurm-wn1] => {
    "msg": [
        "=========================================",
        "Configuracion General Completada",
        "========================================="
    ]
}
2026-03-18 02:25:24,147 p=113103 u=root n=ansible | ok: [slurm-wn2] => {
    "msg": [
        "=========================================",
        "Configuracion General Completada",
        "========================================="
    ]
}
2026-03-18 02:25:24,185 p=113103 u=root n=ansible | PLAY [Configuraciones especificas del Headnode] ***********************************************************************************************************************************************
2026-03-18 02:25:24,206 p=113103 u=root n=ansible | TASK [Gathering Facts] ************************************************************************************************************************************************************************
2026-03-18 02:25:25,458 p=113103 u=root n=ansible | ok: [slurm-hn]
2026-03-18 02:25:25,476 p=113103 u=root n=ansible | TASK [munge : Configurar Munge en headnode] ***************************************************************************************************************************************************
2026-03-18 02:25:25,519 p=113103 u=root n=ansible | included: /root/ansible-cluster-slurm/roles/munge/tasks/headnode.yml for slurm-hn
2026-03-18 02:25:25,527 p=113103 u=root n=ansible | TASK [munge : Generar llave Munge] ************************************************************************************************************************************************************
2026-03-18 02:25:25,847 p=113103 u=root n=ansible | ok: [slurm-hn]
2026-03-18 02:25:25,856 p=113103 u=root n=ansible | TASK [munge : Asegurar permisos estrictos de llave Munge] *************************************************************************************************************************************
2026-03-18 02:25:26,193 p=113103 u=root n=ansible | ok: [slurm-hn]
2026-03-18 02:25:26,205 p=113103 u=root n=ansible | TASK [munge : Descargar llave Munge al controlador] *******************************************************************************************************************************************
2026-03-18 02:25:26,658 p=113103 u=root n=ansible | ok: [slurm-hn]
2026-03-18 02:25:26,669 p=113103 u=root n=ansible | TASK [munge : Crear directorio de backup] *****************************************************************************************************************************************************
2026-03-18 02:25:27,004 p=113103 u=root n=ansible | ok: [slurm-hn]
2026-03-18 02:25:27,016 p=113103 u=root n=ansible | TASK [munge : Backup de munge.key] ************************************************************************************************************************************************************
2026-03-18 02:25:27,345 p=113103 u=root n=ansible | ok: [slurm-hn]
2026-03-18 02:25:27,357 p=113103 u=root n=ansible | TASK [munge : Iniciar servicio Munge] *********************************************************************************************************************************************************
2026-03-18 02:25:27,998 p=113103 u=root n=ansible | changed: [slurm-hn]
2026-03-18 02:25:28,010 p=113103 u=root n=ansible | TASK [munge : Configurar Munge en workers] ****************************************************************************************************************************************************
2026-03-18 02:25:28,035 p=113103 u=root n=ansible | skipping: [slurm-hn]
2026-03-18 02:25:28,044 p=113103 u=root n=ansible | TASK [munge : Verificar que el socket de Munge esté disponible] *******************************************************************************************************************************
2026-03-18 02:25:28,528 p=113103 u=root n=ansible | ok: [slurm-hn]
2026-03-18 02:25:28,540 p=113103 u=root n=ansible | TASK [munge : Verificar que Munge responda correctamente] *************************************************************************************************************************************
2026-03-18 02:25:28,883 p=113103 u=root n=ansible | ok: [slurm-hn]
2026-03-18 02:25:28,903 p=113103 u=root n=ansible | TASK [chrony_server : Asegurar que Chrony use pools de Sudamérica] ****************************************************************************************************************************
2026-03-18 02:25:29,376 p=113103 u=root n=ansible | ok: [slurm-hn]
2026-03-18 02:25:29,386 p=113103 u=root n=ansible | TASK [chrony_server : Permitir sincronización a la red interna] *******************************************************************************************************************************
2026-03-18 02:25:29,713 p=113103 u=root n=ansible | ok: [slurm-hn]
2026-03-18 02:25:29,723 p=113103 u=root n=ansible | TASK [chrony_server : Forzar al Headnode a ser autoritativo (Local Stratum)] ******************************************************************************************************************
2026-03-18 02:25:30,045 p=113103 u=root n=ansible | ok: [slurm-hn]
2026-03-18 02:25:30,062 p=113103 u=root n=ansible | TASK [ldap_server : Instalar utilidades y paquetes OpenLDAP] **********************************************************************************************************************************
2026-03-18 02:25:31,237 p=113103 u=root n=ansible | ok: [slurm-hn]
2026-03-18 02:25:31,245 p=113103 u=root n=ansible | TASK [ldap_server : Detener slapd para configuración manual] **********************************************************************************************************************************
2026-03-18 02:25:31,897 p=113103 u=root n=ansible | changed: [slurm-hn]
2026-03-18 02:25:31,909 p=113103 u=root n=ansible | TASK [ldap_server : Limpiar directorios de LDAP] **********************************************************************************************************************************************
2026-03-18 02:25:32,267 p=113103 u=root n=ansible | changed: [slurm-hn]
2026-03-18 02:25:32,281 p=113103 u=root n=ansible | TASK [ldap_server : Configurar debconf para el dominio] ***************************************************************************************************************************************
2026-03-18 02:25:33,995 p=113103 u=root n=ansible | changed: [slurm-hn]
2026-03-18 02:25:34,007 p=113103 u=root n=ansible | TASK [ldap_server : Detener slapd de nuevo (dpkg lo inicia solo)] *****************************************************************************************************************************
2026-03-18 02:25:34,658 p=113103 u=root n=ansible | changed: [slurm-hn]
2026-03-18 02:25:34,668 p=113103 u=root n=ansible | TASK [ldap_server : Crear archivo LDIF de emergencia para estructura completa] ****************************************************************************************************************
2026-03-18 02:25:35,280 p=113103 u=root n=ansible | ok: [slurm-hn]
2026-03-18 02:25:35,290 p=113103 u=root n=ansible | TASK [ldap_server : Inyectar estructura directamente a la base de datos (Offline)] ************************************************************************************************************
2026-03-18 02:25:35,667 p=113103 u=root n=ansible | changed: [slurm-hn]
2026-03-18 02:25:35,682 p=113103 u=root n=ansible | TASK [ldap_server : Corregir permisos de la base de datos] ************************************************************************************************************************************
2026-03-18 02:25:36,022 p=113103 u=root n=ansible | ok: [slurm-hn] => (item=/var/lib/ldap)
2026-03-18 02:25:36,336 p=113103 u=root n=ansible | ok: [slurm-hn] => (item=/etc/ldap/slapd.d)
2026-03-18 02:25:36,348 p=113103 u=root n=ansible | TASK [ldap_server : Iniciar slapd definitivo] *************************************************************************************************************************************************
2026-03-18 02:25:37,018 p=113103 u=root n=ansible | changed: [slurm-hn]
2026-03-18 02:25:37,028 p=113103 u=root n=ansible | TASK [ldap_server : Asegurar Unidades Organizativas (Online)] *********************************************************************************************************************************
2026-03-18 02:25:37,592 p=113103 u=root n=ansible | ok: [slurm-hn] => (item={'dn': 'ou=People,dc=cluster,dc=local', 'objectClass': ['top', 'organizationalUnit']})
2026-03-18 02:25:37,979 p=113103 u=root n=ansible | ok: [slurm-hn] => (item={'dn': 'ou=Group,dc=cluster,dc=local', 'objectClass': ['top', 'organizationalUnit']})
2026-03-18 02:25:37,997 p=113103 u=root n=ansible | TASK [nfs_server : Instalar nfs-kernel-server] ************************************************************************************************************************************************
2026-03-18 02:25:39,182 p=113103 u=root n=ansible | ok: [slurm-hn]
2026-03-18 02:25:39,194 p=113103 u=root n=ansible | TASK [nfs_server : Crear directorios para exportar NFS] ***************************************************************************************************************************************
2026-03-18 02:25:39,537 p=113103 u=root n=ansible | ok: [slurm-hn] => (item=/home)
2026-03-18 02:25:39,853 p=113103 u=root n=ansible | changed: [slurm-hn] => (item=/nfs/general)
2026-03-18 02:25:40,164 p=113103 u=root n=ansible | changed: [slurm-hn] => (item=/nfs/privileged)
2026-03-18 02:25:40,177 p=113103 u=root n=ansible | TASK [nfs_server : Configurar exports NFS] ****************************************************************************************************************************************************
2026-03-18 02:25:40,811 p=113103 u=root n=ansible | ok: [slurm-hn]
2026-03-18 02:25:40,821 p=113103 u=root n=ansible | TASK [nfs_server : Aplicar configuración de exports] ******************************************************************************************************************************************
2026-03-18 02:25:41,153 p=113103 u=root n=ansible | changed: [slurm-hn]
2026-03-18 02:25:41,175 p=113103 u=root n=ansible | TASK [mariadb : Instalar mariadb y dependencias] **********************************************************************************************************************************************
2026-03-18 02:25:42,376 p=113103 u=root n=ansible | ok: [slurm-hn]
2026-03-18 02:25:42,388 p=113103 u=root n=ansible | TASK [mariadb : Iniciar servicio MariaDB] *****************************************************************************************************************************************************
2026-03-18 02:25:43,003 p=113103 u=root n=ansible | ok: [slurm-hn]
2026-03-18 02:25:43,014 p=113103 u=root n=ansible | TASK [mariadb : Crear BD para Slurm Accounting] ***********************************************************************************************************************************************
2026-03-18 02:25:43,565 p=113103 u=root n=ansible | ok: [slurm-hn]
2026-03-18 02:25:43,575 p=113103 u=root n=ansible | TASK [mariadb : Crear Usuario de Base de Datos y dar permisos] ********************************************************************************************************************************
2026-03-18 02:25:44,173 p=113103 u=root n=ansible | [WARNING]: Option column_case_sensitive is not provided. The default is now false, so the column's name will be uppercased. The default will be changed to true in community.mysql 4.0.0.

2026-03-18 02:25:44,173 p=113103 u=root n=ansible | ok: [slurm-hn]
2026-03-18 02:25:44,183 p=113103 u=root n=ansible | TASK [mariadb : Optimizar MariaDB para Slurm Accounting] **************************************************************************************************************************************
2026-03-18 02:25:44,514 p=113103 u=root n=ansible | ok: [slurm-hn] => (item={'regexp': '^innodb_buffer_pool_size', 'line': 'innodb_buffer_pool_size = 1G'})
2026-03-18 02:25:44,813 p=113103 u=root n=ansible | ok: [slurm-hn] => (item={'regexp': '^innodb_log_file_size', 'line': 'innodb_log_file_size = 64M'})
2026-03-18 02:25:45,118 p=113103 u=root n=ansible | ok: [slurm-hn] => (item={'regexp': '^innodb_lock_wait_timeout', 'line': 'innodb_lock_wait_timeout = 900'})
2026-03-18 02:25:45,418 p=113103 u=root n=ansible | ok: [slurm-hn] => (item={'regexp': '^innodb_flush_log_at_trx_commit', 'line': 'innodb_flush_log_at_trx_commit = 2'})
2026-03-18 02:25:45,433 p=113103 u=root n=ansible | TASK [slurmdbd : Instalar slurmdbd] ***********************************************************************************************************************************************************
2026-03-18 02:25:46,641 p=113103 u=root n=ansible | ok: [slurm-hn]
2026-03-18 02:25:46,653 p=113103 u=root n=ansible | TASK [slurmdbd : Asegurar directorio de logs con permisos correctos] **************************************************************************************************************************
2026-03-18 02:25:46,995 p=113103 u=root n=ansible | ok: [slurm-hn]
2026-03-18 02:25:47,005 p=113103 u=root n=ansible | TASK [slurmdbd : Crear archivo de log si no existe] *******************************************************************************************************************************************
2026-03-18 02:25:47,341 p=113103 u=root n=ansible | changed: [slurm-hn]
2026-03-18 02:25:47,353 p=113103 u=root n=ansible | TASK [slurmdbd : Configurar archivo slurmdbd.conf] ********************************************************************************************************************************************
2026-03-18 02:25:48,007 p=113103 u=root n=ansible | ok: [slurm-hn]
2026-03-18 02:25:48,018 p=113103 u=root n=ansible | TASK [slurmdbd : Iniciar servicio SlurmDBD] ***************************************************************************************************************************************************
2026-03-18 02:25:48,626 p=113103 u=root n=ansible | ok: [slurm-hn]
2026-03-18 02:25:48,642 p=113103 u=root n=ansible | TASK [slurmctld : Esperar a que SlurmDBD responda] ********************************************************************************************************************************************
2026-03-18 02:25:53,983 p=113103 u=root n=ansible | ok: [slurm-hn]
2026-03-18 02:25:53,995 p=113103 u=root n=ansible | TASK [slurmctld : Iniciar Slurm Controller (slurmctld)] ***************************************************************************************************************************************
2026-03-18 02:25:54,589 p=113103 u=root n=ansible | ok: [slurm-hn]
2026-03-18 02:25:54,602 p=113103 u=root n=ansible | TASK [slurm_accounting : Registrar Cluster en Accounting] *************************************************************************************************************************************
2026-03-18 02:25:55,124 p=113103 u=root n=ansible | ok: [slurm-hn]
2026-03-18 02:25:55,136 p=113103 u=root n=ansible | TASK [slurm_accounting : Crear cuentas base de usuarios] **************************************************************************************************************************************
2026-03-18 02:25:55,656 p=113103 u=root n=ansible | ok: [slurm-hn] => (item=researchers)
2026-03-18 02:25:56,137 p=113103 u=root n=ansible | ok: [slurm-hn] => (item=students)
2026-03-18 02:25:56,147 p=113103 u=root n=ansible | TASK [slurm_accounting : Vincular usuarios LDAP a cuentas de Slurm (Ejemplo)] *****************************************************************************************************************
2026-03-18 02:25:56,678 p=113103 u=root n=ansible | ok: [slurm-hn] => (item={'user': 'admin', 'acct': 'researchers'})
2026-03-18 02:25:56,697 p=113103 u=root n=ansible | TASK [monitoring : Instalar Docker y dependencias de Python para Docker] **********************************************************************************************************************
2026-03-18 02:25:57,893 p=113103 u=root n=ansible | ok: [slurm-hn]
2026-03-18 02:25:57,904 p=113103 u=root n=ansible | TASK [monitoring : Crear estructura de directorios] *******************************************************************************************************************************************
2026-03-18 02:25:58,246 p=113103 u=root n=ansible | ok: [slurm-hn] => (item=/etc/grafana/provisioning/datasources)
2026-03-18 02:25:58,559 p=113103 u=root n=ansible | ok: [slurm-hn] => (item=/etc/grafana/provisioning/dashboards)
2026-03-18 02:25:58,876 p=113103 u=root n=ansible | ok: [slurm-hn] => (item=/etc/grafana/dashboards_json)
2026-03-18 02:25:59,195 p=113103 u=root n=ansible | ok: [slurm-hn] => (item=/etc/prometheus)
2026-03-18 02:25:59,208 p=113103 u=root n=ansible | TASK [monitoring : Provisionar archivos de configuración] *************************************************************************************************************************************
2026-03-18 02:25:59,864 p=113103 u=root n=ansible | ok: [slurm-hn] => (item={'src': 'grafana_datasource.yml.j2', 'dest': '/etc/grafana/provisioning/datasources/prometheus.yml'})
2026-03-18 02:26:00,478 p=113103 u=root n=ansible | ok: [slurm-hn] => (item={'src': 'grafana_dashboards.yml.j2', 'dest': '/etc/grafana/provisioning/dashboards/main.yaml'})
2026-03-18 02:26:01,109 p=113103 u=root n=ansible | ok: [slurm-hn] => (item={'src': 'prometheus.yml.j2', 'dest': '/etc/prometheus/prometheus.yml'})
2026-03-18 02:26:01,123 p=113103 u=root n=ansible | TASK [monitoring : Descargar Dashboard Node Exporter Full (ID 1860)] **************************************************************************************************************************
2026-03-18 02:26:02,919 p=113103 u=root n=ansible | ok: [slurm-hn]
2026-03-18 02:26:02,933 p=113103 u=root n=ansible | TASK [monitoring : Corregir el Data Source en el JSON del Dashboard] **************************************************************************************************************************
2026-03-18 02:26:03,459 p=113103 u=root n=ansible | ok: [slurm-hn]
2026-03-18 02:26:03,469 p=113103 u=root n=ansible | TASK [monitoring : Desplegar Contenedor Prometheus] *******************************************************************************************************************************************
2026-03-18 02:26:04,500 p=113103 u=root n=ansible | ok: [slurm-hn]
2026-03-18 02:26:04,510 p=113103 u=root n=ansible | TASK [monitoring : Desplegar Contenedor Grafana] **********************************************************************************************************************************************
2026-03-18 02:26:05,154 p=113103 u=root n=ansible | ok: [slurm-hn]
2026-03-18 02:26:05,167 p=113103 u=root n=ansible | TASK [Configurar SSH keys en headnode] ********************************************************************************************************************************************************
2026-03-18 02:26:05,211 p=113103 u=root n=ansible | TASK [ssh_keys : Generar par de llaves ssh RSA para root] *************************************************************************************************************************************
2026-03-18 02:26:05,635 p=113103 u=root n=ansible | ok: [slurm-hn]
2026-03-18 02:26:05,645 p=113103 u=root n=ansible | TASK [ssh_keys : Descargar llave publica SSH de root] *****************************************************************************************************************************************
2026-03-18 02:26:05,964 p=113103 u=root n=ansible | ok: [slurm-hn]
2026-03-18 02:26:05,995 p=113103 u=root n=ansible | TASK [Mensaje final de configuracion del headnode] ********************************************************************************************************************************************
2026-03-18 02:26:06,020 p=113103 u=root n=ansible | ok: [slurm-hn] => {
    "msg": [
        "=========================================",
        "Configuracion del Headnode Completada",
        "========================================="
    ]
}
2026-03-18 02:26:06,070 p=113103 u=root n=ansible | PLAY [Configuraciones especificas de los workers] *********************************************************************************************************************************************
2026-03-18 02:26:06,082 p=113103 u=root n=ansible | TASK [Gathering Facts] ************************************************************************************************************************************************************************
2026-03-18 02:26:07,617 p=113103 u=root n=ansible | ok: [slurm-wn1]
2026-03-18 02:26:07,634 p=113103 u=root n=ansible | ok: [slurm-wn2]
2026-03-18 02:26:07,663 p=113103 u=root n=ansible | TASK [munge : Configurar Munge en headnode] ***************************************************************************************************************************************************
2026-03-18 02:26:07,691 p=113103 u=root n=ansible | skipping: [slurm-wn1]
2026-03-18 02:26:07,703 p=113103 u=root n=ansible | skipping: [slurm-wn2]
2026-03-18 02:26:07,713 p=113103 u=root n=ansible | TASK [munge : Configurar Munge en workers] ****************************************************************************************************************************************************
2026-03-18 02:26:07,768 p=113103 u=root n=ansible | included: /root/ansible-cluster-slurm/roles/munge/tasks/workers.yml for slurm-wn1, slurm-wn2
2026-03-18 02:26:07,776 p=113103 u=root n=ansible | TASK [munge : Distribuir llave Munge desde el controlador] ************************************************************************************************************************************
2026-03-18 02:26:08,904 p=113103 u=root n=ansible | ok: [slurm-wn1]
2026-03-18 02:26:08,943 p=113103 u=root n=ansible | ok: [slurm-wn2]
2026-03-18 02:26:08,954 p=113103 u=root n=ansible | TASK [munge : Iniciar servicio Munge en workers] **********************************************************************************************************************************************
2026-03-18 02:26:09,862 p=113103 u=root n=ansible | changed: [slurm-wn1]
2026-03-18 02:26:09,963 p=113103 u=root n=ansible | changed: [slurm-wn2]
2026-03-18 02:26:09,971 p=113103 u=root n=ansible | TASK [munge : Verificar que el socket de Munge esté disponible] *******************************************************************************************************************************
2026-03-18 02:26:10,590 p=113103 u=root n=ansible | ok: [slurm-wn1]
2026-03-18 02:26:10,615 p=113103 u=root n=ansible | ok: [slurm-wn2]
2026-03-18 02:26:10,624 p=113103 u=root n=ansible | TASK [munge : Verificar que Munge responda correctamente] *************************************************************************************************************************************
2026-03-18 02:26:11,232 p=113103 u=root n=ansible | ok: [slurm-wn1]
2026-03-18 02:26:11,271 p=113103 u=root n=ansible | ok: [slurm-wn2]
2026-03-18 02:26:11,292 p=113103 u=root n=ansible | TASK [chrony_client : Configurar Chrony como cliente del Headnode] ****************************************************************************************************************************
2026-03-18 02:26:12,461 p=113103 u=root n=ansible | ok: [slurm-wn1]
2026-03-18 02:26:12,462 p=113103 u=root n=ansible | ok: [slurm-wn2]
2026-03-18 02:26:12,481 p=113103 u=root n=ansible | TASK [ldap_client : Instalar paquetes necesarios para SSSD y LDAP] ****************************************************************************************************************************
2026-03-18 02:26:13,982 p=113103 u=root n=ansible | ok: [slurm-wn2]
2026-03-18 02:26:14,033 p=113103 u=root n=ansible | ok: [slurm-wn1]
2026-03-18 02:26:14,043 p=113103 u=root n=ansible | TASK [ldap_client : Configurar SSSD desde el template] ****************************************************************************************************************************************
2026-03-18 02:26:15,260 p=113103 u=root n=ansible | changed: [slurm-wn1]
2026-03-18 02:26:15,281 p=113103 u=root n=ansible | changed: [slurm-wn2]
2026-03-18 02:26:15,294 p=113103 u=root n=ansible | TASK [ldap_client : Asegurar que SSSD esté habilitado e iniciado] *****************************************************************************************************************************
2026-03-18 02:26:16,200 p=113103 u=root n=ansible | ok: [slurm-wn1]
2026-03-18 02:26:16,204 p=113103 u=root n=ansible | ok: [slurm-wn2]
2026-03-18 02:26:16,215 p=113103 u=root n=ansible | TASK [ldap_client : Configurar mkhomedir en PAM (Workers)] ************************************************************************************************************************************
2026-03-18 02:26:16,826 p=113103 u=root n=ansible | ok: [slurm-wn1]
2026-03-18 02:26:16,858 p=113103 u=root n=ansible | ok: [slurm-wn2]
2026-03-18 02:26:16,881 p=113103 u=root n=ansible | TASK [nfs_client : Crear puntos de montaje locales] *******************************************************************************************************************************************
2026-03-18 02:26:17,514 p=113103 u=root n=ansible | changed: [slurm-wn1] => (item=/nfs/general)
2026-03-18 02:26:17,528 p=113103 u=root n=ansible | ok: [slurm-wn2] => (item=/nfs/general)
2026-03-18 02:26:18,122 p=113103 u=root n=ansible | changed: [slurm-wn1] => (item=/nfs/privileged)
2026-03-18 02:26:18,146 p=113103 u=root n=ansible | ok: [slurm-wn2] => (item=/nfs/privileged)
2026-03-18 02:26:18,158 p=113103 u=root n=ansible | TASK [nfs_client : Montar directorios NFS desde el Headnode] **********************************************************************************************************************************
2026-03-18 02:26:18,965 p=113103 u=root n=ansible | ok: [slurm-wn1] => (item={'path': '/home', 'src': '/home'})
2026-03-18 02:26:18,967 p=113103 u=root n=ansible | ok: [slurm-wn2] => (item={'path': '/home', 'src': '/home'})
2026-03-18 02:26:19,563 p=113103 u=root n=ansible | ok: [slurm-wn1] => (item={'path': '/nfs/general', 'src': '/nfs/general'})
2026-03-18 02:26:19,578 p=113103 u=root n=ansible | ok: [slurm-wn2] => (item={'path': '/nfs/general', 'src': '/nfs/general'})
2026-03-18 02:26:20,127 p=113103 u=root n=ansible | ok: [slurm-wn2] => (item={'path': '/nfs/privileged', 'src': '/nfs/privileged'})
2026-03-18 02:26:20,166 p=113103 u=root n=ansible | ok: [slurm-wn1] => (item={'path': '/nfs/privileged', 'src': '/nfs/privileged'})
2026-03-18 02:26:20,192 p=113103 u=root n=ansible | TASK [slurmd : Asegurar directorio de configuración] ******************************************************************************************************************************************
2026-03-18 02:26:20,821 p=113103 u=root n=ansible | ok: [slurm-wn1] => (item=/etc/slurm)
2026-03-18 02:26:20,828 p=113103 u=root n=ansible | ok: [slurm-wn2] => (item=/etc/slurm)
2026-03-18 02:26:21,415 p=113103 u=root n=ansible | ok: [slurm-wn1] => (item=/var/lib/slurm)
2026-03-18 02:26:21,426 p=113103 u=root n=ansible | ok: [slurm-wn2] => (item=/var/lib/slurm)
2026-03-18 02:26:22,014 p=113103 u=root n=ansible | ok: [slurm-wn1] => (item=/var/lib/slurm/slurmd)
2026-03-18 02:26:22,034 p=113103 u=root n=ansible | ok: [slurm-wn2] => (item=/var/lib/slurm/slurmd)
2026-03-18 02:26:22,617 p=113103 u=root n=ansible | ok: [slurm-wn1] => (item=/var/spool/slurmd)
2026-03-18 02:26:22,639 p=113103 u=root n=ansible | ok: [slurm-wn2] => (item=/var/spool/slurmd)
2026-03-18 02:26:22,652 p=113103 u=root n=ansible | TASK [slurmd : Enviar slurm.conf maestro a los workers] ***************************************************************************************************************************************
2026-03-18 02:26:23,796 p=113103 u=root n=ansible | ok: [slurm-wn1]
2026-03-18 02:26:23,829 p=113103 u=root n=ansible | ok: [slurm-wn2]
2026-03-18 02:26:23,840 p=113103 u=root n=ansible | TASK [slurmd : Distribuir configuración de Cgroups] *******************************************************************************************************************************************
2026-03-18 02:26:24,969 p=113103 u=root n=ansible | ok: [slurm-wn1]
2026-03-18 02:26:25,008 p=113103 u=root n=ansible | ok: [slurm-wn2]
2026-03-18 02:26:25,017 p=113103 u=root n=ansible | TASK [slurmd : Iniciar servicio Slurmd (Worker Daemon)] ***************************************************************************************************************************************
2026-03-18 02:26:25,912 p=113103 u=root n=ansible | ok: [slurm-wn1]
2026-03-18 02:26:25,946 p=113103 u=root n=ansible | ok: [slurm-wn2]
2026-03-18 02:26:25,965 p=113103 u=root n=ansible | TASK [Configurar SSH keys en workers] *********************************************************************************************************************************************************
2026-03-18 02:26:26,023 p=113103 u=root n=ansible | TASK [ssh_keys : Agregar llave SSH publica para ingresar como root a los workers] *************************************************************************************************************
2026-03-18 02:26:26,901 p=113103 u=root n=ansible | ok: [slurm-wn2]
2026-03-18 02:26:26,962 p=113103 u=root n=ansible | ok: [slurm-wn1]
2026-03-18 02:26:27,005 p=113103 u=root n=ansible | RUNNING HANDLER [ldap_client : Reiniciar sssd] ************************************************************************************************************************************************
2026-03-18 02:26:28,069 p=113103 u=root n=ansible | changed: [slurm-wn2]
2026-03-18 02:26:28,123 p=113103 u=root n=ansible | changed: [slurm-wn1]
2026-03-18 02:26:28,134 p=113103 u=root n=ansible | TASK [Mensaje final de configuracion de los workers] ******************************************************************************************************************************************
2026-03-18 02:26:28,163 p=113103 u=root n=ansible | ok: [slurm-wn1] => {
    "msg": [
        "=========================================",
        "Configuracion de los Workers Completada",
        "========================================="
    ]
}
2026-03-18 02:26:28,179 p=113103 u=root n=ansible | ok: [slurm-wn2] => {
    "msg": [
        "=========================================",
        "Configuracion de los Workers Completada",
        "========================================="
    ]
}
2026-03-18 02:26:28,207 p=113103 u=root n=ansible | PLAY [Resumen] ********************************************************************************************************************************************************************************
2026-03-18 02:26:28,212 p=113103 u=root n=ansible | TASK [Display deployment summary] *************************************************************************************************************************************************************
2026-03-18 02:26:28,236 p=113103 u=root n=ansible | ok: [localhost] => {
    "msg": [
        "",
        "=========================================",
        "Cluster SLURM configurado",
        "=========================================",
        ""
    ]
}
2026-03-18 02:26:28,243 p=113103 u=root n=ansible | PLAY RECAP ************************************************************************************************************************************************************************************
2026-03-18 02:26:28,244 p=113103 u=root n=ansible | localhost                  : ok=1    changed=0    unreachable=0    failed=0    skipped=0    rescued=0    ignored=0   
2026-03-18 02:26:28,244 p=113103 u=root n=ansible | slurm-hn                   : ok=74   changed=13   unreachable=0    failed=0    skipped=2    rescued=0    ignored=1   
2026-03-18 02:26:28,244 p=113103 u=root n=ansible | slurm-wn1                  : ok=38   changed=8    unreachable=0    failed=0    skipped=2    rescued=0    ignored=1   
2026-03-18 02:26:28,244 p=113103 u=root n=ansible | slurm-wn2                  : ok=38   changed=8    unreachable=0    failed=0    skipped=2    rescued=0    ignored=1   
2026-03-18 02:30:48,094 p=118269 u=root n=ansible | PLAY [VAL-1 | Servicios base (munge, slurm-*) en todos los nodos] *****************************************************************************************************************************
2026-03-18 02:30:48,115 p=118269 u=root n=ansible | TASK [Verificar servicio munge activo] ********************************************************************************************************************************************************
2026-03-18 02:30:49,078 p=118269 u=root n=ansible | ok: [slurm-hn]
2026-03-18 02:30:50,148 p=118269 u=root n=ansible | ok: [slurm-wn1]
2026-03-18 02:30:50,201 p=118269 u=root n=ansible | ok: [slurm-wn2]
2026-03-18 02:30:50,204 p=118269 u=root n=ansible | TASK [Munge responde correctamente (encode/decode)] *******************************************************************************************************************************************
2026-03-18 02:30:50,693 p=118269 u=root n=ansible | ok: [slurm-hn]
2026-03-18 02:30:50,884 p=118269 u=root n=ansible | ok: [slurm-wn2]
2026-03-18 02:30:50,914 p=118269 u=root n=ansible | ok: [slurm-wn1]
2026-03-18 02:30:50,919 p=118269 u=root n=ansible | TASK [Mostrar resultado munge] ****************************************************************************************************************************************************************
2026-03-18 02:30:50,946 p=118269 u=root n=ansible | ok: [slurm-hn] => {
    "msg": "OK - munge operativo en slurm-hn"
}
2026-03-18 02:30:50,957 p=118269 u=root n=ansible | ok: [slurm-wn1] => {
    "msg": "OK - munge operativo en slurm-wn1"
}
2026-03-18 02:30:50,961 p=118269 u=root n=ansible | ok: [slurm-wn2] => {
    "msg": "OK - munge operativo en slurm-wn2"
}
2026-03-18 02:30:50,976 p=118269 u=root n=ansible | PLAY [VAL-2 | Servicios del Headnode (slurmctld, slurmdbd, mariadb)] **************************************************************************************************************************
2026-03-18 02:30:50,981 p=118269 u=root n=ansible | TASK [Verificar slurmctld activo] *************************************************************************************************************************************************************
2026-03-18 02:30:51,551 p=118269 u=root n=ansible | ok: [slurm-hn]
2026-03-18 02:30:51,555 p=118269 u=root n=ansible | TASK [Verificar slurmdbd activo] **************************************************************************************************************************************************************
2026-03-18 02:30:52,124 p=118269 u=root n=ansible | ok: [slurm-hn]
2026-03-18 02:30:52,128 p=118269 u=root n=ansible | TASK [Verificar mariadb activo] ***************************************************************************************************************************************************************
2026-03-18 02:30:52,683 p=118269 u=root n=ansible | ok: [slurm-hn]
2026-03-18 02:30:52,686 p=118269 u=root n=ansible | TASK [Mostrar estado de servicios headnode] ***************************************************************************************************************************************************
2026-03-18 02:30:52,717 p=118269 u=root n=ansible | ok: [slurm-hn] => {
    "msg": [
        "OK - slurmctld : active",
        "OK - slurmdbd  : active",
        "OK - mariadb   : active"
    ]
}
2026-03-18 02:30:52,721 p=118269 u=root n=ansible | TASK [sinfo - estado de particiones y nodos] **************************************************************************************************************************************************
2026-03-18 02:30:53,060 p=118269 u=root n=ansible | ok: [slurm-hn]
2026-03-18 02:30:53,064 p=118269 u=root n=ansible | TASK [Mostrar sinfo] **************************************************************************************************************************************************************************
2026-03-18 02:30:53,089 p=118269 u=root n=ansible | ok: [slurm-hn] => {
    "msg": [
        "Wed Mar 18 02:30:53 2026",
        "PARTITION AVAIL  TIMELIMIT   JOB_SIZE ROOT OVERSUBS     GROUPS  NODES       STATE RESERVATION NODELIST",
        "main*        up    1:00:00 1-infinite   no       NO        all      2        idle             slurm-wn[1-2]"
    ]
}
2026-03-18 02:30:53,093 p=118269 u=root n=ansible | TASK [scontrol - detalle de nodos] ************************************************************************************************************************************************************
2026-03-18 02:30:53,441 p=118269 u=root n=ansible | ok: [slurm-hn]
2026-03-18 02:30:53,444 p=118269 u=root n=ansible | TASK [Mostrar detalle de nodos] ***************************************************************************************************************************************************************
2026-03-18 02:30:53,473 p=118269 u=root n=ansible | ok: [slurm-hn] => {
    "msg": [
        "NodeName=slurm-wn1 Arch=x86_64 CoresPerSocket=1 ",
        "   CPUAlloc=0 CPUEfctv=2 CPUTot=2 CPULoad=0.02",
        "   AvailableFeatures=(null)",
        "   ActiveFeatures=(null)",
        "   Gres=(null)",
        "   NodeAddr=192.168.100.1 NodeHostName=slurm-wn1 Version=23.11.4",
        "   OS=Linux 6.8.0-38-generic #38-Ubuntu SMP PREEMPT_DYNAMIC Fri Jun  7 15:25:01 UTC 2024 ",
        "   RealMemory=7900 AllocMem=0 FreeMem=4900 Sockets=2 Boards=1",
        "   State=IDLE ThreadsPerCore=1 TmpDisk=0 Weight=1 Owner=N/A MCS_label=N/A",
        "   Partitions=main ",
        "   BootTime=2026-03-15T18:09:26 SlurmdStartTime=2026-03-18T02:11:03",
        "   LastBusyTime=2026-03-18T02:28:29 ResumeAfterTime=None",
        "   CfgTRES=cpu=2,mem=7900M,billing=2",
        "   AllocTRES=",
        "   CapWatts=n/a",
        "   CurrentWatts=0 AveWatts=0",
        "   ExtSensorsJoules=n/a ExtSensorsWatts=0 ExtSensorsTemp=n/a",
        "",
        "NodeName=slurm-wn2 Arch=x86_64 CoresPerSocket=1 ",
        "   CPUAlloc=0 CPUEfctv=2 CPUTot=2 CPULoad=0.08",
        "   AvailableFeatures=(null)",
        "   ActiveFeatures=(null)",
        "   Gres=(null)",
        "   NodeAddr=192.168.100.2 NodeHostName=slurm-wn2 Version=23.11.4",
        "   OS=Linux 6.8.0-38-generic #38-Ubuntu SMP PREEMPT_DYNAMIC Fri Jun  7 15:25:01 UTC 2024 ",
        "   RealMemory=7900 AllocMem=0 FreeMem=4904 Sockets=2 Boards=1",
        "   State=IDLE ThreadsPerCore=1 TmpDisk=0 Weight=1 Owner=N/A MCS_label=N/A",
        "   Partitions=main ",
        "   BootTime=2026-03-15T18:09:41 SlurmdStartTime=2026-03-18T02:11:03",
        "   LastBusyTime=2026-03-18T02:28:29 ResumeAfterTime=None",
        "   CfgTRES=cpu=2,mem=7900M,billing=2",
        "   AllocTRES=",
        "   CapWatts=n/a",
        "   CurrentWatts=0 AveWatts=0",
        "   ExtSensorsJoules=n/a ExtSensorsWatts=0 ExtSensorsTemp=n/a"
    ]
}
2026-03-18 02:30:53,476 p=118269 u=root n=ansible | TASK [scontrol - detalle de particiones] ******************************************************************************************************************************************************
2026-03-18 02:30:53,821 p=118269 u=root n=ansible | ok: [slurm-hn]
2026-03-18 02:30:53,825 p=118269 u=root n=ansible | TASK [Mostrar detalle de particiones] *********************************************************************************************************************************************************
2026-03-18 02:30:53,853 p=118269 u=root n=ansible | ok: [slurm-hn] => {
    "msg": [
        "PartitionName=main",
        "   AllowGroups=ALL AllowAccounts=ALL AllowQos=ALL",
        "   AllocNodes=ALL Default=YES QoS=N/A",
        "   DefaultTime=NONE DisableRootJobs=NO ExclusiveUser=NO GraceTime=0 Hidden=NO",
        "   MaxNodes=UNLIMITED MaxTime=01:00:00 MinNodes=0 LLN=NO MaxCPUsPerNode=UNLIMITED MaxCPUsPerSocket=UNLIMITED",
        "   NodeSets=ALL",
        "   Nodes=slurm-wn[1-2]",
        "   PriorityJobFactor=1 PriorityTier=1 RootOnly=NO ReqResv=NO OverSubscribe=NO",
        "   OverTimeLimit=NONE PreemptMode=OFF",
        "   State=UP TotalCPUs=4 TotalNodes=2 SelectTypeParameters=NONE",
        "   JobDefaults=(null)",
        "   DefMemPerNode=UNLIMITED MaxMemPerNode=UNLIMITED",
        "   TRES=cpu=4,mem=15800M,node=2,billing=4"
    ]
}
2026-03-18 02:30:53,857 p=118269 u=root n=ansible | TASK [Accounting - clusters registrados] ******************************************************************************************************************************************************
2026-03-18 02:30:54,366 p=118269 u=root n=ansible | ok: [slurm-hn]
2026-03-18 02:30:54,370 p=118269 u=root n=ansible | TASK [Mostrar clusters en accounting] *********************************************************************************************************************************************************
2026-03-18 02:30:54,397 p=118269 u=root n=ansible | ok: [slurm-hn] => {
    "msg": [
        "slurmclus+        "
    ]
}
2026-03-18 02:30:54,400 p=118269 u=root n=ansible | TASK [Accounting - cuentas y usuarios] ********************************************************************************************************************************************************
2026-03-18 02:30:54,917 p=118269 u=root n=ansible | ok: [slurm-hn]
2026-03-18 02:30:54,922 p=118269 u=root n=ansible | TASK [Mostrar asociaciones de accounting] *****************************************************************************************************************************************************
2026-03-18 02:30:54,951 p=118269 u=root n=ansible | ok: [slurm-hn] => {
    "msg": [
        "slurmclus+       root                       ",
        "slurmclus+       root       root            ",
        "slurmclus+ researche+                       ",
        "slurmclus+ researche+      admin            ",
        "slurmclus+   students                       "
    ]
}
2026-03-18 02:30:54,961 p=118269 u=root n=ansible | PLAY [VAL-3 | Servicios de los Workers (slurmd)] **********************************************************************************************************************************************
2026-03-18 02:30:54,969 p=118269 u=root n=ansible | TASK [Verificar slurmd activo] ****************************************************************************************************************************************************************
2026-03-18 02:30:55,844 p=118269 u=root n=ansible | ok: [slurm-wn1]
2026-03-18 02:30:55,853 p=118269 u=root n=ansible | ok: [slurm-wn2]
2026-03-18 02:30:55,856 p=118269 u=root n=ansible | TASK [Mostrar estado slurmd] ******************************************************************************************************************************************************************
2026-03-18 02:30:55,880 p=118269 u=root n=ansible | ok: [slurm-wn1] => {
    "msg": "OK - slurmd activo en slurm-wn1"
}
2026-03-18 02:30:55,891 p=118269 u=root n=ansible | ok: [slurm-wn2] => {
    "msg": "OK - slurmd activo en slurm-wn2"
}
2026-03-18 02:30:55,895 p=118269 u=root n=ansible | TASK [Verificar montajes NFS activos] *********************************************************************************************************************************************************
2026-03-18 02:30:56,512 p=118269 u=root n=ansible | ok: [slurm-wn1]
2026-03-18 02:30:56,551 p=118269 u=root n=ansible | ok: [slurm-wn2]
2026-03-18 02:30:56,555 p=118269 u=root n=ansible | TASK [Mostrar montajes NFS] *******************************************************************************************************************************************************************
2026-03-18 02:30:56,582 p=118269 u=root n=ansible | ok: [slurm-wn1] => {
    "msg": [
        "192.168.100.10:/home on /home type nfs4 (rw,relatime,sync,vers=4.2,rsize=1048576,wsize=1048576,namlen=255,hard,proto=tcp,timeo=600,retrans=2,sec=sys,clientaddr=192.168.100.1,local_lock=none,addr=192.168.100.10)",
        "192.168.100.10:/nfs/general on /nfs/general type nfs4 (rw,relatime,sync,vers=4.2,rsize=1048576,wsize=1048576,namlen=255,hard,proto=tcp,timeo=600,retrans=2,sec=sys,clientaddr=192.168.100.1,local_lock=none,addr=192.168.100.10)",
        "192.168.100.10:/nfs/privileged on /nfs/privileged type nfs4 (rw,relatime,sync,vers=4.2,rsize=1048576,wsize=1048576,namlen=255,hard,proto=tcp,timeo=600,retrans=2,sec=sys,clientaddr=192.168.100.1,local_lock=none,addr=192.168.100.10)"
    ]
}
2026-03-18 02:30:56,599 p=118269 u=root n=ansible | ok: [slurm-wn2] => {
    "msg": [
        "192.168.100.10:/home on /home type nfs4 (rw,relatime,sync,vers=4.2,rsize=1048576,wsize=1048576,namlen=255,hard,proto=tcp,timeo=600,retrans=2,sec=sys,clientaddr=192.168.100.2,local_lock=none,addr=192.168.100.10)",
        "192.168.100.10:/nfs/general on /nfs/general type nfs4 (rw,relatime,sync,vers=4.2,rsize=1048576,wsize=1048576,namlen=255,hard,proto=tcp,timeo=600,retrans=2,sec=sys,clientaddr=192.168.100.2,local_lock=none,addr=192.168.100.10)",
        "192.168.100.10:/nfs/privileged on /nfs/privileged type nfs4 (rw,relatime,sync,vers=4.2,rsize=1048576,wsize=1048576,namlen=255,hard,proto=tcp,timeo=600,retrans=2,sec=sys,clientaddr=192.168.100.2,local_lock=none,addr=192.168.100.10)"
    ]
}
2026-03-18 02:30:56,612 p=118269 u=root n=ansible | PLAY [VAL-4 | Jobs de prueba Slurm] ***********************************************************************************************************************************************************
2026-03-18 02:30:56,617 p=118269 u=root n=ansible | TASK [JOB-1 | hostname en todos los workers (-N2)] ********************************************************************************************************************************************
2026-03-18 02:30:57,063 p=118269 u=root n=ansible | ok: [slurm-hn]
2026-03-18 02:30:57,067 p=118269 u=root n=ansible | TASK [Resultado JOB-1] ************************************************************************************************************************************************************************
2026-03-18 02:30:57,093 p=118269 u=root n=ansible | ok: [slurm-hn] => {
    "msg": [
        "slurm-wn1",
        "slurm-wn2"
    ]
}
2026-03-18 02:30:57,096 p=118269 u=root n=ansible | TASK [JOB-2 | stress CPU (1 core, 10 s)] ******************************************************************************************************************************************************
2026-03-18 02:31:07,540 p=118269 u=root n=ansible | ok: [slurm-hn]
2026-03-18 02:31:07,544 p=118269 u=root n=ansible | TASK [Resultado JOB-2] ************************************************************************************************************************************************************************
2026-03-18 02:31:07,631 p=118269 u=root n=ansible | ok: [slurm-hn] => {
    "msg": [
        "stress: info: [75250] dispatching hogs: 1 cpu, 0 io, 0 vm, 0 hdd",
        "stress: info: [75250] successful run completed in 10s"
    ]
}
2026-03-18 02:31:07,635 p=118269 u=root n=ansible | TASK [JOB-3 | stress CPU multinodo (-N2, 1 task/nodo, 15 s)] **********************************************************************************************************************************
2026-03-18 02:31:23,082 p=118269 u=root n=ansible | ok: [slurm-hn]
2026-03-18 02:31:23,086 p=118269 u=root n=ansible | TASK [Resultado JOB-3] ************************************************************************************************************************************************************************
2026-03-18 02:31:23,145 p=118269 u=root n=ansible | ok: [slurm-hn] => {
    "msg": [
        "stress: info: [75265] dispatching hogs: 1 cpu, 0 io, 0 vm, 0 hdd",
        "stress: info: [75874] dispatching hogs: 1 cpu, 0 io, 0 vm, 0 hdd",
        "stress: info: [75265] successful run completed in 15s",
        "stress: info: [75874] successful run completed in 15s"
    ]
}
2026-03-18 02:31:23,150 p=118269 u=root n=ansible | TASK [JOB-4 | Crear script de prueba sbatch] **************************************************************************************************************************************************
2026-03-18 02:31:24,057 p=118269 u=root n=ansible | changed: [slurm-hn]
2026-03-18 02:31:24,062 p=118269 u=root n=ansible | TASK [JOB-4 | Enviar job con sbatch y esperar resultado] **************************************************************************************************************************************
2026-03-18 02:31:26,431 p=118269 u=root n=ansible | ok: [slurm-hn]
2026-03-18 02:31:26,435 p=118269 u=root n=ansible | TASK [Resultado JOB-4 (sbatch)] ***************************************************************************************************************************************************************
2026-03-18 02:31:26,462 p=118269 u=root n=ansible | ok: [slurm-hn] => {
    "msg": [
        "JobID=11",
        "(output aun no disponible)"
    ]
}
2026-03-18 02:31:26,465 p=118269 u=root n=ansible | TASK [sacct - jobs completados hoy] ***********************************************************************************************************************************************************
2026-03-18 02:31:26,904 p=118269 u=root n=ansible | ok: [slurm-hn]
2026-03-18 02:31:26,908 p=118269 u=root n=ansible | TASK [Mostrar sacct] **************************************************************************************************************************************************************************
2026-03-18 02:31:26,938 p=118269 u=root n=ansible | ok: [slurm-hn] => {
    "msg": [
        "1              hostname  COMPLETED   slurm-wn[1-2]   00:00:02   00:00:01 ",
        "1.0            hostname  COMPLETED   slurm-wn[1-2]   00:00:02   00:00:01 ",
        "2              hostname  COMPLETED   slurm-wn[1-2]   00:00:00   00:00:00 ",
        "2.0            hostname  COMPLETED   slurm-wn[1-2]   00:00:00   00:00:00 ",
        "3              hostname  COMPLETED   slurm-wn[1-2]   00:00:00   00:00:00 ",
        "3.0            hostname  COMPLETED   slurm-wn[1-2]   00:00:00   00:00:00 ",
        "4                stress     FAILED       slurm-wn1   00:00:00   00:00:00 ",
        "4.0              stress     FAILED       slurm-wn1   00:00:00   00:00:00 ",
        "5              hostname  COMPLETED   slurm-wn[1-2]   00:00:00   00:00:00 ",
        "5.0            hostname  COMPLETED   slurm-wn[1-2]   00:00:00   00:00:00 ",
        "6                stress  COMPLETED       slurm-wn1   00:00:10   00:00:10 ",
        "6.0              stress  COMPLETED       slurm-wn1   00:00:10   00:00:10 ",
        "7              hostname  COMPLETED   slurm-wn[1-2]   00:00:00   00:00:00 ",
        "7.0            hostname  COMPLETED   slurm-wn[1-2]   00:00:00   00:00:00 ",
        "8              hostname  COMPLETED   slurm-wn[1-2]   00:00:02   00:00:01 ",
        "8.0            hostname  COMPLETED   slurm-wn[1-2]   00:00:02   00:00:01 ",
        "9                stress  COMPLETED       slurm-wn1   00:00:10   00:00:10 ",
        "9.0              stress  COMPLETED       slurm-wn1   00:00:10   00:00:10 ",
        "10               stress  COMPLETED   slurm-wn[1-2]   00:00:32   00:00:16 ",
        "10.0             stress  COMPLETED   slurm-wn[1-2]   00:00:32   00:00:16 "
    ]
}
2026-03-18 02:31:26,947 p=118269 u=root n=ansible | PLAY [RESUMEN | Estado final del cluster] *****************************************************************************************************************************************************
2026-03-18 02:31:26,954 p=118269 u=root n=ansible | TASK [squeue - cola de trabajos (debe estar vacía)] *******************************************************************************************************************************************
2026-03-18 02:31:27,306 p=118269 u=root n=ansible | ok: [slurm-hn]
2026-03-18 02:31:27,310 p=118269 u=root n=ansible | TASK [sinfo final] ****************************************************************************************************************************************************************************
2026-03-18 02:31:27,652 p=118269 u=root n=ansible | ok: [slurm-hn]
2026-03-18 02:31:27,656 p=118269 u=root n=ansible | TASK [Imprimir resumen] ***********************************************************************************************************************************************************************
2026-03-18 02:31:27,684 p=118269 u=root n=ansible | ok: [slurm-hn] => {
    "msg": [
        "================================================",
        "     VALIDACIÓN DEL CLUSTER SLURM COMPLETADA    ",
        "================================================",
        "",
        "--- squeue ---",
        [
            "             JOBID PARTITION     NAME     USER ST       TIME  NODES NODELIST(REASON)"
        ],
        "",
        "--- sinfo ---",
        [
            "PARTITION AVAIL  TIMELIMIT  NODES  STATE NODELIST",
            "main*        up    1:00:00      2   idle slurm-wn[1-2]"
        ],
        "",
        "Si todos los bloques anteriores muestran 'ok'",
        "el cluster está completamente operativo.",
        "================================================"
    ]
}
2026-03-18 02:31:27,692 p=118269 u=root n=ansible | PLAY RECAP ************************************************************************************************************************************************************************************
2026-03-18 02:31:27,692 p=118269 u=root n=ansible | slurm-hn                   : ok=31   changed=1    unreachable=0    failed=0    skipped=0    rescued=0    ignored=0   
2026-03-18 02:31:27,692 p=118269 u=root n=ansible | slurm-wn1                  : ok=7    changed=0    unreachable=0    failed=0    skipped=0    rescued=0    ignored=0   
2026-03-18 02:31:27,692 p=118269 u=root n=ansible | slurm-wn2                  : ok=7    changed=0    unreachable=0    failed=0    skipped=0    rescued=0    ignored=0   
